,station_nbr,date,tmax,tmin,tavg,depart,dewpoint,wetbulb,heat,cool,sunrise,sunset,codesum,snowfall,preciptotal,stnpressure,sealevel,resultspeed,resultdir,avgspeed,year,month,day
0,4,2012-01-01,63,47,55, 4,28,43,10, 0,0728,1742, ,0.0,0.00,29.79,30.48, 8.0,35,8.2,2012,1,1
1,4,2012-01-02,60,37,49,-2,26,39,16, 0,0728,1742, ,0.0,0.00,29.93,30.64, 3.7,36,4.8,2012,1,2
2,4,2012-01-03,62,31,47,-4,26,39,18, 0,0728,1743, ,0.0,0.00,29.70,30.48, 3.1,17,4.2,2012,1,3
3,4,2012-01-04,73,41,57, 6,39,47,8, 0,0728,1744, ,0.0,0.00,29.55,30.28, 1.3,35,2.2,2012,1,4
4,4,2012-01-05,70,44,57, 6,41,49,8, 0,0728,1745, ,0.0,0.00,29.51,30.24, 0.4,31,1.8,2012,1,5
5,4,2012-01-06,74,55,65,14,52,M,0, 0,0728,1745,BR,0.0,0.00,29.26,M, 4.2,19,5.4,2012,1,6
6,4,2012-01-07,69,49,59, 8,44,M,6, 0,0729,1746,FG+ BR,0.0,0.00,M,M, 1.0,30,2.3,2012,1,7
7,4,2012-01-08,60,47,54, 3,48,M,11, 0,0729,1747,RA HZ,0.0,0.05,29.31,M, 2.4,03,3.6,2012,1,8
8,4,2012-01-09,57,42,50,-1,47,48,15, 0,0729,1748,RA BR,0.0,0.87,29.33,30.02, 6.6,34,8.2,2012,1,9
9,4,2012-01-10,58,41,50,-1,37,43,15, 0,0729,1749, ,0.0,0.00,29.24,29.97, 5.5,30,7.1,2012,1,10
10,4,2012-01-11,77,38,58, 7,36,M,7, 0,0729,1749, ,0.0,0.00,29.10,M, 3.7,29,6.3,2012,1,11
11,4,2012-01-12,50,33,42,-9,16,33,23, 0,0729,1750, ,0.0,0.00,29.54,30.24, 8.2,34,8.3,2012,1,12
12,4,2012-01-13,58,32,45,-6,22,36,20, 0,0728,1751, ,0.0,0.00,29.59,30.30, 1.6,28,3.9,2012,1,13
13,4,2012-01-14,67,31,49,-2,24,M,16, 0,0728,1752, ,0.0,0.00,29.62,M, 1.5,21,1.9,2012,1,14
14,4,2012-01-15,64,37,51, 0,41,48,14, 0,0728,1753, ,0.0,0.00,29.53,30.26, 2.7,18,4.4,2012,1,15
15,4,2012-01-16,73,60,67,16,59,62,0, 2,0728,1754,BR,0.0,0.00,29.33,30.05, 7.1,18,7.6,2012,1,16
16,4,2012-01-17,74,44,59, 8,46,54,6, 0,0728,1755,BR,0.0,0.00,29.46,30.12, 5.6,35,7.8,2012,1,17
17,4,2012-01-18,66,36,51,-1,30,42,14, 0,0728,1755, ,0.0,0.00,29.47,30.20, 0.2,11,3.7,2012,1,18
18,4,2012-01-19,80,45,63,11,49,55,2, 0,0727,1756, ,0.0,0.00,29.21,29.93, 4.0,20,4.3,2012,1,19
19,4,2012-01-20,74,57,66,14,58,60,0, 1,0727,1757,FG+ FG BR HZ,0.0,0.00,29.14,29.83, 3.8,19,4.6,2012,1,20
20,4,2012-01-21,61,43,52, 0,41,46,13, 0,0727,1758,BR,0.0,0.00,29.26,29.96, 2.7,01,4.8,2012,1,21
21,4,2012-01-22,76,50,63,11,53,57,2, 0,0727,1759,BR HZ,0.0,0.00,29.13,29.82, 1.8,19,4.6,2012,1,22
22,4,2012-01-23,67,48,58, 6,37,47,7, 0,0726,1760, ,0.0,0.00,M,M, 2.3,01,4.4,2012,1,23
23,4,2012-01-24,68,47,58, 6,52,55,7, 0,0726,1801,RA BR,  T,0.40,29.19,29.92, 2.2,11,3.5,2012,1,24
24,4,2012-01-25,70,50,60, 8,52,54,5, 0,0725,1801,TS TSRA BR,0.0,3.14,29.18,29.85, 5.1,33,6.9,2012,1,25
25,4,2012-01-26,70,47,59, 7,41,49,6, 0,0725,1801, ,0.0,0.00,29.32,30.00, 3.4,31,4.6,2012,1,26
26,4,2012-01-27,71,38,55, 3,42,49,10, 0,0725,1802, ,0.0,0.00,29.34,30.03, 2.8,19,4.3,2012,1,27
27,4,2012-01-28,59,41,50,-2,28,41,15, 0,0724,1803, ,0.0,0.00,29.68,30.37, 7.9,02,8.5,2012,1,28
28,4,2012-01-29,63,34,49,-3,31,41,16, 0,0724,1804, ,0.0,0.00,29.68,30.41, 0.6,16,2.0,2012,1,29
29,4,2012-01-30,64,41,53, 0,48,51,12, 0,0723,1805,RA BR,0.0,0.20,29.50,30.24, 2.5,18,3.9,2012,1,30
30,4,2012-01-31,73,58,66,13,58,60,0, 1,0722,1806,RA BR,0.0,0.04,29.38,30.09, 3.5,18,4.2,2012,1,31
31,4,2012-02-01,82,59,71,18,61,64,0, 6,0722,1807,RA BR,0.0,  T,29.38,30.06, 0.3,29,1.4,2012,2,1
32,4,2012-02-02,72,54,63,10,59,61,2, 0,0721,1808,RA BR HZ,0.0,0.03,29.31,30.02, 3.0,14,3.4,2012,2,2
33,4,2012-02-03,75,66,71,18,64,66,0, 6,0721,1808,TSRA RA,0.0,0.04,29.24,29.93, 3.1,17,5.4,2012,2,3
34,4,2012-02-04,69,50,60, 7,41,49,5, 0,0720,1809,TSRA RA BR,0.0,0.13,29.49,30.16, 8.2,35,8.6,2012,2,4
35,4,2012-02-05,50,41,46,-7,36,42,19, 0,0719,1810,RA,0.0,0.09,29.62,30.32, 7.9,36,8.0,2012,2,5
36,4,2012-02-06,51,40,46,-7,35,41,19, 0,0719,1811,RA,0.0,  T,29.55,30.29, 0.8,02,3.0,2012,2,6
37,4,2012-02-07,67,43,55, 1,40,47,10, 0,0718,1812, ,0.0,0.00,29.52,30.23, 0.9,05,2.5,2012,2,7
38,4,2012-02-08,56,41,49,-5,38,43,16, 0,0717,1813, ,0.0,0.00,29.67,30.39, 3.9,36,5.7,2012,2,8
39,4,2012-02-09,58,37,48,-6,39,44,17, 0,0716,1814,BR HZ,0.0,0.00,29.52,30.25, 1.2,12,3.5,2012,2,9
40,4,2012-02-10,65,48,57, 3,40,47,8, 0,0716,1814,RA BR,0.0,0.15,29.49,30.18, 4.0,34,5.2,2012,2,10
41,4,2012-02-11,50,35,43,-11,23,35,22, 0,0715,1815, ,0.0,0.00,29.77,30.46, 8.1,02,8.7,2012,2,11
42,4,2012-02-12,44,29,37,-17,21,31,28, 0,0714,1816,RA,  T,0.01,29.65,30.43, 3.5,09,6.4,2012,2,12
43,4,2012-02-13,64,39,52,-3,44,46,13, 0,0713,1817,RA BR HZ,0.0,0.25,29.24,30.00, 1.1,11,2.7,2012,2,13
44,4,2012-02-14,73,42,58, 3,51,54,7, 0,0712,1818,FG+ BR,0.0,  T,29.21,29.92, 3.3,16,4.1,2012,2,14
45,4,2012-02-15,78,57,68,13,55,60,0, 3,0711,1818,RA BR HZ,0.0,  T,29.26,29.92, 1.2,28,4.1,2012,2,15
46,4,2012-02-16,65,50,58, 3,43,49,7, 0,0710,1819, ,0.0,  T,29.44,30.13, 3.7,01,6.0,2012,2,16
47,4,2012-02-17,57,51,54,-1,51,53,11, 0,0710,1820,RA BR,0.0,0.53,29.28,30.02, 1.0,05,4.6,2012,2,17
48,4,2012-02-18,57,48,53,-3,50,52,12, 0,0709,1821,TSRA RA BR,0.0,1.72,29.21,29.90, 3.9,35,6.9,2012,2,18
49,4,2012-02-19,59,44,52,-4,44,48,13, 0,0708,1822, ,0.0,0.00,29.38,30.08, 1.2,05,5.2,2012,2,19
50,4,2012-02-20,70,47,59, 3,51,53,6, 0,0707,1822,BR,0.0,0.00,29.36,30.05, 3.9,17,5.1,2012,2,20
51,4,2012-02-21,76,49,63, 7,53,57,2, 0,0706,1823,BR,0.0,0.00,29.36,30.07, 2.1,18,3.4,2012,2,21
52,4,2012-02-22,88,62,75,19,53,61,0,10,0705,1824,BR,0.0,0.00,29.09,29.81, 2.6,23,4.6,2012,2,22
53,4,2012-02-23,92,58,75,18,48,59,0,10,0704,1825, ,0.0,0.00,28.95,29.61, 2.6,25,5.2,2012,2,23
54,4,2012-02-24,65,46,56,-1,24,42,9, 0,0703,1825, ,0.0,0.00,29.53,30.17, 9.9,01,10.3,2012,2,24
55,4,2012-02-25,62,39,51,-6,28,41,14, 0,0702,1826, ,0.0,0.00,29.59,30.32, 1.7,18,4.4,2012,2,25
56,4,2012-02-26,66,40,53,-4,42,48,12, 0,0701,1827, ,0.0,0.00,29.41,30.15, 5.4,18,6.2,2012,2,26
57,4,2012-02-27,70,59,65, 7,56,59,0, 0,0660,1828,RA BR,0.0,0.04,29.46,30.16, 5.2,11,6.1,2012,2,27
58,4,2012-02-28,78,62,70,12,63,65,0, 5,0658,1828,FG+ FG BR,0.0,0.04,29.29,30.00, 8.0,17,8.8,2012,2,28
59,4,2012-02-29,76,60,68,10,53,60,0, 3,0654,1826, ,0.0,0.01,29.28,29.97, 0.9,13,3.2,2012,2,29
60,4,2012-03-01,72,53,63, 5,60,62,2, 0,0657,1829,BR,0.0,0.00,29.11,29.82, 0.7,18,2.1,2012,3,1
61,4,2012-03-02,83,59,71,13,51,60,0, 6,0656,1830,BR HZ,0.0,0.00,29.05,29.72, 2.6,02,5.8,2012,3,2
62,4,2012-03-03,66,45,56,-3,27,45,9, 0,0655,1830, ,0.0,  T,29.39,30.05, 7.3,01,8.0,2012,3,3
63,4,2012-03-04,73,42,58,-1,32,46,7, 0,0654,1831, ,0.0,0.00,29.51,30.19, 1.9,20,4.0,2012,3,4
64,4,2012-03-05,76,47,62, 3,39,50,3, 0,0653,1832, ,0.0,0.00,29.57,30.27, 5.0,17,5.9,2012,3,5
65,4,2012-03-06,75,54,65, 6,52,57,0, 0,0652,1832, ,0.0,0.00,29.39,30.11, 9.4,17,10.5,2012,3,6
66,4,2012-03-07,73,64,69, 9,61,64,0, 4,0651,1833,HZ,0.0,0.01,29.25,29.95, 9.8,16,9.8,2012,3,7
67,4,2012-03-08,76,46,61, 1,59,61,4, 0,0649,1834,RA BR,0.0,0.04,29.35,30.00, 1.8,16,10.3,2012,3,8
68,4,2012-03-09,46,42,44,-16,42,44,21, 0,0648,1835,TSRA RA BR VCTS,0.0,1.27,29.59,30.30, 7.9,36,8.8,2012,3,9
69,4,2012-03-10,52,43,48,-12,46,47,17, 0,0647,1835,TSRA RA BR VCTS,0.0,0.77,29.43,30.18, 1.8,01,3.5,2012,3,10
70,4,2012-03-11,74,51,63, 2,54,56,2, 0,0646,1836,TSRA RA BR,0.0,0.34,29.31,30.02, 0.5,31,3.5,2012,3,11
71,4,2012-03-12,80,51,66, 5,58,61,0, 1,0645,1837,FG+ FG BR,0.0,0.00,29.36,30.05, 3.4,17,4.3,2012,3,12
72,4,2012-03-13,80,64,72,11,64,66,0, 7,0644,1837,BR,0.0,0.00,29.38,30.06, 4.6,16,6.0,2012,3,13
73,4,2012-03-14,79,67,73,12,65,67,0, 8,0642,1838,BR,0.0,  T,29.38,30.06, 5.7,15,7.6,2012,3,14
74,4,2012-03-15,82,67,75,13,65,67,0,10,0641,1838,RA,0.0,  T,29.40,30.09, 5.3,16,6.6,2012,3,15
75,4,2012-03-16,80,68,74,12,65,67,0, 9,0640,1839, ,0.0,  T,29.35,30.04, 6.6,16,8.2,2012,3,16
76,4,2012-03-17,79,66,73,11,64,67,0, 8,0639,1840, ,0.0,0.00,29.31,29.99, 7.4,15,8.5,2012,3,17
77,4,2012-03-18,75,67,71, 9,65,67,0, 6,0638,1840,RA,0.0,  T,29.24,29.92, 8.1,15,9.2,2012,3,18
78,4,2012-03-19,79,59,69, 6,65,68,0, 4,0636,1841,RA BR,0.0,0.08,29.00,M,12.2,16,12.8,2012,3,19
79,4,2012-03-20,70,52,61,-2,49,54,4, 0,0635,1842,TS TSRA BR,0.0,2.77,29.08,29.78, 3.5,36,4.3,2012,3,20
80,4,2012-03-21,71,49,60,-3,40,50,5, 0,0634,1842, ,0.0,0.00,29.16,29.84, 2.9,26,4.7,2012,3,21
81,4,2012-03-22,83,51,67, 4,45,55,0, 2,0633,1843, ,0.0,0.00,29.21,29.88, 5.7,20,7.9,2012,3,22
82,4,2012-03-23,80,49,65, 1,47,55,0, 0,0632,1844, ,0.0,0.00,29.29,29.99, 0.5,08,1.9,2012,3,23
83,4,2012-03-24,81,53,67, 3,58,61,0, 2,0630,1844,BR,0.0,0.00,29.31,30.00, 0.6,12,1.9,2012,3,24
84,4,2012-03-25,82,58,70, 6,59,63,0, 5,0629,1845,BR,0.0,0.00,29.33,30.01, 1.3,15,2.0,2012,3,25
85,4,2012-03-26,82,59,71, 7,57,62,0, 6,0628,1845,BR,0.0,0.00,29.32,30.01, 3.0,17,3.9,2012,3,26
86,4,2012-03-27,81,59,70, 5,60,63,0, 5,0627,1846,BR,0.0,0.00,29.33,30.01, 3.7,16,4.9,2012,3,27
87,4,2012-03-28,73,63,68, 3,64,65,0, 3,0625,1847,TSRA RA BR,0.0,0.19,29.28,29.97, 1.5,15,3.6,2012,3,28
88,4,2012-03-29,81,64,73, 8,66,68,0, 8,0624,1847,BR,0.0,  T,29.17,29.86, 2.3,16,3.5,2012,3,29
89,4,2012-03-30,84,68,76,11,66,69,0,11,0623,1848,BR,0.0,0.00,29.13,29.81, 3.7,17,5.3,2012,3,30
90,4,2012-03-31,88,65,77,12,66,69,0,12,0622,1849,BR,0.0,0.00,29.13,29.80, 3.5,17,5.7,2012,3,31
91,4,2012-04-01,87,68,78,12,66,69,0,13,0621,1849,HZ,0.0,0.00,29.06,29.74, 4.3,17,6.8,2012,4,1
92,4,2012-04-02,86,70,78,12,66,70,0,13,0619,1850,BR,0.0,0.00,28.94,29.62, 6.1,15,8.1,2012,4,2
93,4,2012-04-03,86,63,75, 9,64,68,0,10,0618,1850,TS RA BR,0.0,0.08,29.08,29.73, 1.8,14,4.8,2012,4,3
94,4,2012-04-04,85,57,71, 5,53,60,0, 6,0617,1851, ,0.0,0.00,29.13,29.81, 0.1,12,4.2,2012,4,4
95,4,2012-04-05,92,62,77,10,60,65,0,12,0616,1852,BR,0.0,0.00,29.15,29.81, 0.4,10,2.5,2012,4,5
96,4,2012-04-06,84,61,73, 6,58,64,0, 8,0615,1852, ,0.0,0.00,29.28,29.94, 2.3,11,5.2,2012,4,6
97,4,2012-04-07,85,67,76, 9,63,67,0,11,0613,1853,BR,0.0,0.00,29.41,30.07, 3.5,16,5.2,2012,4,7
98,4,2012-04-08,83,63,73, 6,60,65,0, 8,0612,1853, ,0.0,0.00,29.49,30.17, 1.2,14,2.7,2012,4,8
99,4,2012-04-09,83,63,73, 5,59,64,0, 8,0611,1854, ,0.0,0.00,29.42,30.12, 1.3,17,2.8,2012,4,9
100,4,2012-04-10,84,61,73, 5,59,64,0, 8,0610,1855, ,0.0,0.00,29.39,30.07, 2.1,17,3.3,2012,4,10
101,4,2012-04-11,85,60,73, 5,60,65,0, 8,0609,1855,BR HZ,0.0,0.00,29.35,30.04, 3.6,16,5.4,2012,4,11
102,4,2012-04-12,86,68,77, 9,63,67,0,12,0608,1856,RA,0.0,  T,29.28,29.96, 5.4,15,7.3,2012,4,12
103,4,2012-04-13,83,67,75, 6,66,68,0,10,0607,1857,RA BR,0.0,  T,29.21,29.90, 6.3,15,7.8,2012,4,13
104,4,2012-04-14,80,71,76, 7,67,70,0,11,0605,1857, ,0.0,0.00,29.10,29.80,10.9,16,11.3,2012,4,14
105,4,2012-04-15,77,58,68,-1,59,63,0, 3,0604,1858,RA,0.0,0.12,29.15,29.80, 2.9,17,6.3,2012,4,15
106,4,2012-04-16,76,54,65,-4,53,59,0, 0,0603,1859,TS,0.0,0.00,29.38,30.04, 2.6,03,4.2,2012,4,16
107,4,2012-04-17,84,57,71, 1,50,59,0, 6,0602,1859, ,0.0,0.00,29.46,30.14, 2.1,03,4.1,2012,4,17
108,4,2012-04-18,83,57,70, 0,53,60,0, 5,0601,1860, ,0.0,0.00,29.39,30.08, 2.2,14,4.2,2012,4,18
109,4,2012-04-19,86,57,72, 2,54,61,0, 7,0560,1900, ,0.0,0.00,29.18,29.89, 3.7,17,5.9,2012,4,19
110,4,2012-04-20,77,61,69,-1,54,60,0, 4,0559,1901,TS RA,0.0,0.02,29.21,29.87, 3.7,36,7.3,2012,4,20
111,4,2012-04-21,81,53,67,-4,42,53,0, 2,0558,1902, ,0.0,0.00,29.32,30.00, 5.1,35,6.2,2012,4,21
112,4,2012-04-22,91,51,71, 0,46,57,0, 6,0557,1902, ,0.0,0.00,29.38,30.05, 1.4,07,2.8,2012,4,22
113,4,2012-04-23,82,59,71, 0,41,54,0, 6,0556,1903, ,0.0,0.00,29.44,30.13, 1.1,05,3.7,2012,4,23
114,4,2012-04-24,88,55,72, 1,52,61,0, 7,0555,1904, ,0.0,0.00,29.28,29.98, 5.1,17,5.7,2012,4,24
115,4,2012-04-25,92,65,79, 7,63,68,0,14,0554,1904, ,0.0,0.00,29.16,29.86, 7.0,18,8.6,2012,4,25
116,4,2012-04-26,94,66,80, 8,64,69,0,15,0553,1905, ,0.0,0.00,29.14,29.82, 6.5,18,8.2,2012,4,26
117,4,2012-04-27,90,68,79, 7,63,68,0,14,0552,1906, ,0.0,0.00,29.12,29.79, 7.8,17,8.9,2012,4,27
118,4,2012-04-28,91,68,80, 8,64,68,0,15,0551,1906,BR HZ,0.0,0.00,29.13,29.81, 8.7,16,9.6,2012,4,28
119,4,2012-04-29,88,71,80, 7,65,69,0,15,0550,1907, ,0.0,0.00,29.22,29.88, 8.9,15,9.6,2012,4,29
120,4,2012-04-30,85,73,79, 6,68,71,0,14,0549,1908, ,0.0,0.00,29.25,29.93, 5.1,16,7.3,2012,4,30
121,4,2012-05-01,89,71,80, 7,67,70,0,15,0548,1908, ,0.0,  T,29.20,29.87, 7.3,15,8.4,2012,5,1
122,4,2012-05-02,88,71,80, 7,66,70,0,15,0547,1909, ,0.0,0.00,29.18,29.85, 3.1,19,5.1,2012,5,2
123,4,2012-05-03,93,71,82, 8,68,72,0,17,0546,1909, ,0.0,0.00,29.23,29.89, 4.0,15,6.9,2012,5,3
124,4,2012-05-04,93,72,83, 9,68,72,0,18,0545,1910, ,0.0,0.00,29.23,29.90, 5.1,16,7.1,2012,5,4
125,4,2012-05-05,96,71,84,10,69,73,0,19,0545,1911,TSRA BR HZ,0.0,0.11,29.16,29.84, 5.2,16,7.1,2012,5,5
126,4,2012-05-06,93,66,80, 6,66,70,0,15,0544,1911,TS TSRA RA BR,0.0,0.69,29.14,29.83, 3.7,17,6.0,2012,5,6
127,4,2012-05-07,92,67,80, 5,68,71,0,15,0543,1912,TSRA RA BR,0.0,0.42,29.16,29.84, 0.8,02,4.6,2012,5,7
128,4,2012-05-08,70,63,67,-8,64,66,0, 2,0542,1913,RA BR,0.0,0.26,29.28,29.95, 2.2,36,3.5,2012,5,8
129,4,2012-05-09,83,61,72,-3,61,66,0, 7,0542,1913,RA,0.0,0.03,29.24,29.97, 1.8,02,4.4,2012,5,9
130,4,2012-05-10,73,63,68,-7,63,65,0, 3,0541,1914,TSRA RA BR,0.0,2.70,29.16,29.86, 3.3,12,5.8,2012,5,10
131,4,2012-05-11,83,62,73,-3,63,66,0, 8,0540,1915,RA FG BR,0.0,0.03,29.18,29.86, 0.3,29,2.0,2012,5,11
132,4,2012-05-12,82,64,73,-3,60,64,0, 8,0539,1915, ,0.0,0.00,29.39,30.05, 2.8,35,4.8,2012,5,12
133,4,2012-05-13,84,61,73,-3,57,64,0, 8,0539,1916, ,0.0,0.00,29.42,30.11, 2.1,36,3.6,2012,5,13
134,4,2012-05-14,86,63,75,-1,59,64,0,10,0538,1917,RA BR,0.0,0.33,29.34,30.03, 1.2,02,2.5,2012,5,14
135,4,2012-05-15,74,61,68,-8,62,63,0, 3,0537,1917,RA BR,0.0,0.88,29.36,30.05, 0.6,09,1.4,2012,5,15
136,4,2012-05-16,86,59,73,-4,59,64,0, 8,0537,1918,BR,0.0,0.00,29.34,30.03, 0.6,10,1.7,2012,5,16
137,4,2012-05-17,88,62,75,-2,57,64,0,10,0536,1919, ,0.0,0.00,29.28,29.97, 1.4,18,2.7,2012,5,17
138,4,2012-05-18,87,63,75,-2,62,67,0,10,0536,1919,BR HZ,0.0,0.00,29.21,29.90, 4.6,16,5.7,2012,5,18
139,4,2012-05-19,89,70,80, 3,65,69,0,15,0535,1920,BR,0.0,0.00,29.24,29.90, 5.2,17,7.4,2012,5,19
140,4,2012-05-20,87,66,77,-1,62,68,0,12,0535,1921,BR,0.0,0.00,29.38,30.03, 2.0,13,3.4,2012,5,20
141,4,2012-05-21,92,66,79, 1,62,68,0,14,0534,1921,BR,0.0,0.00,29.39,30.06, 0.6,21,1.2,2012,5,21
142,4,2012-05-22,91,69,80, 2,62,68,0,15,0534,1922, ,0.0,0.00,29.23,29.92, 1.6,19,3.7,2012,5,22
143,4,2012-05-23,90,68,79, 1,67,71,0,14,0533,1922, ,0.0,0.00,29.02,29.71, 8.0,17,9.0,2012,5,23
144,4,2012-05-24,91,73,82, 3,69,72,0,17,0533,1923, ,0.0,0.00,29.00,29.66, 8.1,17,9.1,2012,5,24
145,4,2012-05-25,92,73,83, 4,70,73,0,18,0532,1924,BR,0.0,0.00,29.18,29.82, 9.1,16,10.0,2012,5,25
146,4,2012-05-26,92,74,83, 4,68,73,0,18,0532,1924, ,0.0,0.00,29.28,29.94, 7.8,16,8.8,2012,5,26
147,4,2012-05-27,90,73,82, 3,66,71,0,17,0531,1925, ,0.0,0.00,29.23,29.90, 6.0,16,7.4,2012,5,27
148,4,2012-05-28,92,71,82, 3,68,73,0,17,0531,1925, ,0.0,0.00,29.20,29.86, 4.6,17,6.8,2012,5,28
149,4,2012-05-29,94,74,84, 4,69,74,0,19,0531,1926, ,0.0,0.00,29.18,29.85, 3.7,16,5.8,2012,5,29
150,4,2012-05-30,92,75,84, 4,69,73,0,19,0530,1927,RA,0.0,  T,29.10,29.80, 4.5,16,6.8,2012,5,30
151,4,2012-05-31,94,74,84, 4,64,70,0,19,0530,1927, ,0.0,  T,29.15,29.80, 2.0,09,6.0,2012,5,31
152,4,2012-06-01,92,69,81, 1,60,67,0,16,0530,1928, ,0.0,0.00,29.24,29.91, 1.7,10,4.7,2012,6,1
153,4,2012-06-02,94,72,83, 3,67,72,0,18,0530,1928, ,0.0,0.00,29.21,29.88, 4.9,17,7.0,2012,6,2
154,4,2012-06-03,92,74,83, 3,69,73,0,18,0530,1929, ,0.0,0.00,29.20,29.87, 3.4,18,6.9,2012,6,3
155,4,2012-06-04,92,74,83, 2,70,74,0,18,0529,1929, ,0.0,0.00,29.15,29.82, 2.9,17,5.6,2012,6,4
156,4,2012-06-05,95,74,85, 4,68,73,0,20,0529,1930, ,0.0,0.00,29.10,29.77, 1.4,18,3.7,2012,6,5
157,4,2012-06-06,96,73,85, 4,67,73,0,20,0529,1930, ,0.0,0.00,29.10,29.76, 2.6,16,3.9,2012,6,6
158,4,2012-06-07,91,71,81, 0,66,71,0,16,0529,1931,RA,0.0,  T,29.23,29.88, 1.8,03,4.5,2012,6,7
159,4,2012-06-08,88,72,80,-1,66,70,0,15,0529,1931, ,0.0,0.01,29.21,29.88, 1.2,04,3.3,2012,6,8
160,4,2012-06-09,94,67,81, 0,66,71,0,16,0529,1932, ,0.0,0.00,29.10,29.77, 2.4,15,4.4,2012,6,9
161,4,2012-06-10,97,73,85, 3,71,75,0,20,0529,1932, ,0.0,0.00,29.09,29.75, 4.9,17,7.2,2012,6,10
162,4,2012-06-11,101,78,90, 8,71,76,0,25,0529,1932, ,0.0,0.00,29.21,29.85, 6.3,17,8.1,2012,6,11
163,4,2012-06-12,97,70,84, 2,70,74,0,19,0529,1933,RA,0.0,0.03,29.30,29.96, 3.1,13,6.2,2012,6,12
164,4,2012-06-13,96,70,83, 1,68,73,0,18,0529,1933, ,0.0,  T,29.23,29.91, 3.4,14,5.6,2012,6,13
165,4,2012-06-14,97,77,87, 5,70,74,0,22,0529,1934, ,0.0,0.00,29.20,29.87, 6.1,17,7.8,2012,6,14
166,4,2012-06-15,97,76,87, 5,69,74,0,22,0529,1934, ,0.0,0.00,29.25,29.90, 5.5,17,7.6,2012,6,15
167,4,2012-06-16,97,75,86, 4,68,74,0,21,0529,1934, ,0.0,0.00,29.30,29.96, 4.1,14,5.8,2012,6,16
168,4,2012-06-17,96,74,85, 2,68,73,0,20,0529,1935, ,0.0,0.00,29.24,29.92, 2.5,15,4.7,2012,6,17
169,4,2012-06-18,97,74,86, 3,65,72,0,21,0529,1935, ,0.0,0.00,29.13,29.79, 4.3,15,6.5,2012,6,18
170,4,2012-06-19,95,75,85, 2,71,74,0,20,0529,1935,TSRA,0.0,0.01,29.18,29.83, 7.5,15,9.4,2012,6,19
171,4,2012-06-20,94,76,85, 2,71,74,0,20,0530,1935, ,0.0,0.01,29.23,29.89, 7.3,15,8.2,2012,6,20
172,4,2012-06-21,95,73,84, 1,66,72,0,19,0530,1936, ,0.0,0.00,29.28,29.94, 1.4,11,3.4,2012,6,21
173,4,2012-06-22,98,70,84, 1,63,71,0,19,0530,1936, ,0.0,0.00,29.21,29.89, 0.0,12,1.8,2012,6,22
174,4,2012-06-23,99,73,86, 3,62,71,0,21,0530,1936, ,0.0,0.00,29.20,29.86, 1.1,13,3.0,2012,6,23
175,4,2012-06-24,101,75,88, 5,64,73,0,23,0531,1936, ,0.0,0.00,29.23,29.88, 0.7,15,1.7,2012,6,24
176,4,2012-06-25,105,74,90, 7,61,71,0,25,0531,1936, ,0.0,0.00,29.16,29.83, 0.6,32,2.5,2012,6,25
177,4,2012-06-26,109,77,93, 9,M,M,0,28,0531,1937, ,0.0,0.00,29.10,M,M,M,3.2,2012,6,26
178,4,2012-06-27,106,76,M,M,M,M,M,M,0531,1937, ,0.0,0.00,29.20,M,M,M,7.8,2012,6,27
179,4,2012-06-28,100,76,88, 4,65,73,0,23,0532,1937, ,0.0,0.00,29.31,29.96, 2.6,16,5.1,2012,6,28
180,4,2012-06-29,99,77,88, 4,69,74,0,23,0532,1937, ,0.0,0.00,29.25,29.92, 3.3,15,6.1,2012,6,29
181,4,2012-06-30,94,74,84, 0,69,73,0,19,0532,1937, ,0.0,0.00,29.19,29.87, 5.0,13,6.1,2012,6,30
182,4,2012-07-01,90,73,82,-2,70,73,0,17,0533,1937,RA BR,0.0,0.38,29.28,29.95, 4.5,14,6.5,2012,7,1
183,4,2012-07-02,97,76,87, 3,68,74,0,22,0533,1937,BR,0.0,0.00,29.33,29.99, 6.1,15,7.4,2012,7,2
184,4,2012-07-03,98,73,86, 2,67,73,0,21,0534,1937, ,0.0,0.00,29.29,29.96, 4.4,16,6.2,2012,7,3
185,4,2012-07-04,99,77,88, 4,68,74,0,23,0534,1937, ,0.0,0.00,29.28,29.95, 6.0,16,8.1,2012,7,4
186,4,2012-07-05,100,75,88, 4,68,74,0,23,0534,1937, ,0.0,0.00,29.30,29.97, 2.4,17,5.8,2012,7,5
187,4,2012-07-06,99,75,87, 3,66,73,0,22,0535,1937, ,0.0,0.00,29.31,29.97, 1.9,14,4.4,2012,7,6
188,4,2012-07-07,100,75,88, 4,68,74,0,23,0535,1937,TS,0.0,0.00,29.31,29.97, 1.3,08,3.8,2012,7,7
189,4,2012-07-08,99,75,87, 3,69,74,0,22,0536,1936,RA,0.0,0.01,29.29,29.96, 0.9,16,3.4,2012,7,8
190,4,2012-07-09,99,72,86, 1,71,74,0,21,0536,1936,TS TSRA RA,0.0,0.85,29.26,29.92, 1.4,21,4.1,2012,7,9
191,4,2012-07-10,91,72,82,-3,72,74,0,17,0537,1936,TS TSRA RA BR,0.0,0.51,29.23,29.90, 0.7,18,2.0,2012,7,10
192,4,2012-07-11,88,72,80,-5,73,74,0,15,0537,1936,TS TSRA RA BR,0.0,0.12,29.22,29.90, 0.6,29,2.2,2012,7,11
193,4,2012-07-12,96,73,85, 0,71,74,0,20,0538,1936,BR,0.0,0.00,29.23,29.90, 0.7,20,2.6,2012,7,12
194,4,2012-07-13,97,74,86, 1,72,75,0,21,0538,1935,TS VCTS,0.0,0.01,29.26,29.93, 0.6,11,2.3,2012,7,13
195,4,2012-07-14,95,71,83,-2,70,74,0,18,0539,1935,TS TSRA BR,0.0,1.24,29.28,29.95, 1.3,12,2.0,2012,7,14
196,4,2012-07-15,93,68,81,-4,70,72,0,16,0539,1935,TSRA RA BR,0.0,2.70,29.30,29.96, 0.3,04,3.4,2012,7,15
197,4,2012-07-16,93,69,81,-4,70,74,0,16,0540,1934, ,0.0,0.00,29.27,29.95, 2.1,16,3.8,2012,7,16
198,4,2012-07-17,90,76,83,-2,73,75,0,18,0540,1934, ,0.0,  T,29.27,29.94, 4.2,15,5.4,2012,7,17
199,4,2012-07-18,92,76,84,-1,73,76,0,19,0541,1934, ,0.0,0.00,29.32,29.98, 2.6,18,4.4,2012,7,18
200,4,2012-07-19,95,74,85, 0,71,75,0,20,0542,1933, ,0.0,0.00,29.38,30.04, 1.9,19,3.5,2012,7,19
201,4,2012-07-20,98,75,87, 2,69,75,0,22,0542,1933, ,0.0,0.00,29.34,30.01, 2.5,20,3.5,2012,7,20
202,4,2012-07-21,100,75,88, 3,68,74,0,23,0543,1932, ,0.0,0.00,29.28,29.94, 2.3,18,4.1,2012,7,21
203,4,2012-07-22,94,75,85, 0,70,74,0,20,0543,1932, ,0.0,0.00,29.31,29.97, 3.2,16,5.2,2012,7,22
204,4,2012-07-23,95,76,86, 0,70,75,0,21,0544,1931, ,0.0,0.00,29.37,30.03, 3.7,16,6.4,2012,7,23
205,4,2012-07-24,96,77,87, 1,72,76,0,22,0545,1931, ,0.0,0.00,29.32,30.00, 5.5,16,7.0,2012,7,24
206,4,2012-07-25,96,76,86, 0,71,75,0,21,0545,1930, ,0.0,0.00,29.23,29.91, 6.1,18,7.2,2012,7,25
207,4,2012-07-26,97,76,87, 1,71,75,0,22,0546,1930, ,0.0,0.00,29.23,29.89, 5.6,18,7.4,2012,7,26
208,4,2012-07-27,97,77,87, 1,71,75,0,22,0546,1929,BR,0.0,0.00,29.32,29.97, 3.2,17,4.8,2012,7,27
209,4,2012-07-28,99,73,86, 0,67,73,0,21,0547,1928, ,0.0,0.00,29.38,30.04, 0.8,20,2.3,2012,7,28
210,4,2012-07-29,100,74,87, 1,68,74,0,22,0548,1928, ,0.0,0.00,29.33,30.00, 1.0,17,3.4,2012,7,29
211,4,2012-07-30,99,74,87, 1,68,74,0,22,0548,1927, ,0.0,0.00,29.29,29.95, 3.1,16,5.3,2012,7,30
212,4,2012-07-31,101,75,88, 2,69,75,0,23,0549,1926, ,M,0.00,29.28,29.94, 1.8,17,4.7,2012,7,31
213,4,2012-08-01,102,75,89, 3,67,74,0,24,0549,1926, ,0.0,0.00,29.24,29.90, 2.7,18,5.6,2012,8,1
214,4,2012-08-02,102,74,88, 2,68,74,0,23,0550,1925, ,0.0,0.00,29.18,29.85, 3.8,17,6.2,2012,8,2
215,4,2012-08-03,101,75,88, 2,68,74,0,23,0551,1924, ,0.0,0.00,29.19,29.85, 5.6,17,7.0,2012,8,3
216,4,2012-08-04,100,76,88, 2,69,75,0,23,0551,1923, ,0.0,0.00,29.26,29.92, 4.2,17,6.5,2012,8,4
217,4,2012-08-05,97,75,86, 0,70,74,0,21,0552,1923, ,0.0,  T,29.38,30.03, 1.5,16,2.5,2012,8,5
218,4,2012-08-06,97,73,85,-1,67,73,0,20,0552,1922,RA,0.0,  T,29.33,30.01, 0.9,15,2.4,2012,8,6
219,4,2012-08-07,101,77,89, 3,68,75,0,24,0553,1921, ,0.0,0.00,29.25,29.92, 0.7,16,3.3,2012,8,7
220,4,2012-08-08,101,76,89, 3,67,74,0,24,0554,1920, ,0.0,0.00,29.26,29.92, 1.2,17,3.6,2012,8,8
221,4,2012-08-09,103,77,90, 4,68,74,0,25,0554,1919, ,0.0,0.00,29.23,29.90, 1.4,20,4.0,2012,8,9
222,4,2012-08-10,107,77,92, 6,69,75,0,27,0555,1918,RA VCTS,0.0,0.03,29.20,29.85, 1.0,24,2.0,2012,8,10
223,4,2012-08-11,103,74,89, 3,65,73,0,24,0555,1917, ,0.0,0.00,29.21,29.86, 0.5,17,2.8,2012,8,11
224,4,2012-08-12,102,77,90, 4,67,74,0,25,0556,1917, ,0.0,0.00,29.24,M, 3.7,17,6.0,2012,8,12
225,4,2012-08-13,103,79,91, 5,69,75,0,26,0557,1916,TS TSRA RA,0.0,  T,29.26,29.92, 2.2,20,4.6,2012,8,13
226,4,2012-08-14,102,78,90, 4,67,74,0,25,0557,1915, ,0.0,0.00,29.21,29.88, 3.6,18,5.9,2012,8,14
227,4,2012-08-15,102,78,90, 4,67,74,0,25,0558,1914, ,0.0,0.00,29.21,29.86, 6.5,17,7.7,2012,8,15
228,4,2012-08-16,101,77,89, 3,69,75,0,24,0558,1913, ,0.0,0.00,29.27,29.92, 4.7,17,6.8,2012,8,16
229,4,2012-08-17,102,78,90, 4,69,75,0,25,0559,1912, ,0.0,0.00,29.23,29.91, 3.1,18,5.4,2012,8,17
230,4,2012-08-18,89,71,80,-6,71,74,0,15,0560,1911,TS TSRA RA BR VCTS,0.0,1.21,29.21,29.88, 0.6,17,4.7,2012,8,18
231,4,2012-08-19,90,70,80,-6,69,72,0,15,0600,1910,RA,0.0,  T,29.23,29.90, 1.1,08,2.9,2012,8,19
232,4,2012-08-20,96,71,84,-2,63,71,0,19,0601,1909, ,0.0,0.00,29.23,29.90, 0.9,36,3.3,2012,8,20
233,4,2012-08-21,93,72,83,-3,64,69,0,18,0601,1908,RA,0.0,  T,29.31,29.96, 2.1,04,4.3,2012,8,21
234,4,2012-08-22,92,71,82,-4,64,70,0,17,0602,1906,RA,0.0,  T,29.33,30.00, 1.1,08,3.0,2012,8,22
235,4,2012-08-23,94,72,83,-3,67,72,0,18,0602,1905, ,0.0,0.00,29.28,29.95, 1.9,12,3.2,2012,8,23
236,4,2012-08-24,97,74,86, 1,69,74,0,21,0603,1904, ,0.0,0.00,29.19,29.86, 3.1,14,5.5,2012,8,24
237,4,2012-08-25,98,77,88, 3,70,75,0,23,0604,1903, ,0.0,0.01,29.19,29.85, 5.7,17,7.8,2012,8,25
238,4,2012-08-26,96,78,87, 2,71,75,0,22,0604,1902, ,0.0,0.00,29.28,29.94, 4.0,16,6.3,2012,8,26
239,4,2012-08-27,98,74,86, 1,67,73,0,21,0605,1901, ,0.0,0.00,29.29,29.96, 0.6,03,1.7,2012,8,27
240,4,2012-08-28,98,77,88, 3,69,74,0,23,0605,1860, ,0.0,0.00,29.20,29.87, 3.2,35,5.1,2012,8,28
241,4,2012-08-29,98,79,89, 4,64,72,0,24,0606,1859, ,0.0,0.00,29.10,29.77, 5.2,01,6.8,2012,8,29
242,4,2012-08-30,103,78,91, 7,61,71,0,26,0606,1857, ,0.0,0.00,29.08,29.73, 2.4,35,4.5,2012,8,30
243,4,2012-08-31,100,73,87, 3,66,73,0,22,0607,1856, ,0.0,0.00,29.23,29.88, 2.5,17,4.1,2012,8,31
244,4,2012-09-01,101,78,90, 6,71,76,0,25,0608,1855, ,0.0,0.00,29.33,29.99, 3.8,17,6.6,2012,9,1
245,4,2012-09-02,100,75,88, 4,68,74,0,23,0608,1854, ,0.0,0.00,29.29,29.96, 3.6,18,5.6,2012,9,2
246,4,2012-09-03,101,75,88, 4,68,74,0,23,0609,1853, ,0.0,0.00,29.26,29.92, 3.5,18,6.1,2012,9,3
247,4,2012-09-04,103,76,90, 7,67,74,0,25,0609,1852, ,0.0,0.00,29.21,29.88, 4.8,18,6.7,2012,9,4
248,4,2012-09-05,103,76,90, 7,66,73,0,25,0610,1850, ,0.0,0.00,29.18,29.84, 2.9,15,5.7,2012,9,5
249,4,2012-09-06,102,74,88, 5,66,73,0,23,0610,1849, ,0.0,0.00,29.21,29.87, 1.8,16,3.7,2012,9,6
250,4,2012-09-07,103,75,89, 6,64,72,0,24,0611,1848, ,0.0,0.00,29.16,29.83, 1.1,16,3.0,2012,9,7
251,4,2012-09-08,89,73,81,-1,55,65,0,16,0611,1847, ,0.0,0.00,29.32,29.97, 6.3,01,7.8,2012,9,8
252,4,2012-09-09,93,67,80,-2,42,59,0,15,0612,1845, ,0.0,0.00,29.39,30.05, 3.1,01,4.4,2012,9,9
253,4,2012-09-10,95,61,78,-4,46,60,0,13,0613,1844, ,0.0,0.00,29.36,30.03, 0.7,10,2.9,2012,9,10
254,4,2012-09-11,93,64,79,-2,58,66,0,14,0613,1843, ,0.0,0.00,29.34,30.01, 2.2,13,3.2,2012,9,11
255,4,2012-09-12,99,75,87, 6,68,73,0,22,0614,1842,TSRA,0.0,  T,29.31,29.97, 4.0,14,6.1,2012,9,12
256,4,2012-09-13,87,71,79,-2,71,73,0,14,0614,1840,TS TSRA RA,0.0,0.38,29.39,30.04, 1.9,14,4.8,2012,9,13
257,4,2012-09-14,72,66,69,-12,65,66,0, 4,0615,1839,RA BR,0.0,0.83,29.49,30.16, 3.3,35,4.9,2012,9,14
258,4,2012-09-15,81,66,74,-6,63,67,0, 9,0615,1838, ,0.0,0.00,29.44,30.14, 1.7,35,2.6,2012,9,15
259,4,2012-09-16,73,65,69,-11,65,66,0, 4,0616,1837,RA FG BR,0.0,2.27,29.33,30.03, 1.2,01,2.0,2012,9,16
260,4,2012-09-17,85,65,75,-5,64,68,0,10,0616,1835,BR,0.0,0.00,29.18,29.87, 0.4,34,1.7,2012,9,17
261,4,2012-09-18,87,66,77,-2,64,68,0,12,0617,1834, ,0.0,0.00,29.31,29.99, 2.0,36,3.1,2012,9,18
262,4,2012-09-19,88,61,75,-4,56,63,0,10,0618,1833, ,0.0,0.00,29.39,30.06, 1.1,06,2.4,2012,9,19
263,4,2012-09-20,90,63,77,-2,61,66,0,12,0618,1832,BR,0.0,0.00,29.34,30.02, 1.0,19,2.1,2012,9,20
264,4,2012-09-21,91,62,77,-1,55,64,0,12,0619,1830, ,0.0,0.00,29.29,29.97, 0.8,14,1.7,2012,9,21
265,4,2012-09-22,90,63,77,-1,60,66,0,12,0619,1829, ,0.0,0.00,29.38,30.04, 0.9,14,1.7,2012,9,22
266,4,2012-09-23,93,66,80, 2,62,68,0,15,0620,1828, ,0.0,0.00,29.44,30.11, 1.1,15,2.1,2012,9,23
267,4,2012-09-24,92,69,81, 4,66,71,0,16,0620,1827, ,0.0,0.00,29.37,30.05, 2.7,18,4.6,2012,9,24
268,4,2012-09-25,92,71,82, 5,66,71,0,17,0621,1825,BR,0.0,0.00,29.28,29.96, 5.0,18,6.4,2012,9,25
269,4,2012-09-26,92,72,82, 5,64,70,0,17,0621,1824,BR,0.0,0.00,29.29,29.97, 3.0,17,5.7,2012,9,26
270,4,2012-09-27,90,69,80, 3,68,72,0,15,0622,1823,BR,0.0,0.00,29.34,30.01, 1.7,12,3.6,2012,9,27
271,4,2012-09-28,86,72,79, 3,70,72,0,14,0623,1822,RA BR,0.0,0.31,29.29,29.97, 1.9,14,3.0,2012,9,28
272,4,2012-09-29,82,67,75,-1,70,71,0,10,0623,1820,RA BR,0.0,1.91,29.10,29.80, 1.1,31,4.8,2012,9,29
273,4,2012-09-30,79,64,72,-4,63,66,0, 7,0624,1819, ,0.0,  T,29.13,29.82, 7.5,34,7.8,2012,9,30
274,4,2012-10-01,84,61,73,-2,56,62,0, 8,0624,1818, ,0.0,0.00,29.17,29.85, 4.4,33,5.0,2012,10,1
275,4,2012-10-02,82,61,72,-3,54,61,0, 7,0625,1817, ,0.0,0.00,29.26,29.93, 3.8,33,4.6,2012,10,2
276,4,2012-10-03,85,56,71,-4,56,62,0, 6,0626,1816, ,0.0,0.00,29.29,29.97, 2.5,16,3.9,2012,10,3
277,4,2012-10-04,90,67,79, 4,67,70,0,14,0626,1814, ,0.0,0.00,29.36,30.04, 4.8,16,6.7,2012,10,4
278,4,2012-10-05,89,71,80, 6,67,71,0,15,0627,1813,BR,0.0,0.00,29.33,30.01, 2.4,18,4.7,2012,10,5
279,4,2012-10-06,72,55,64,-10,55,59,1, 0,0627,1812, ,0.0,0.00,29.39,30.07, 5.7,01,7.3,2012,10,6
280,4,2012-10-07,58,50,54,-20,42,49,11, 0,0628,1811, ,0.0,  T,29.51,30.20, 6.5,02,8.0,2012,10,7
281,4,2012-10-08,70,50,60,-14,45,52,5, 0,0629,1810, ,0.0,0.00,29.45,30.17, 1.8,02,3.9,2012,10,8
282,4,2012-10-09,80,59,70,-3,59,63,0, 5,0629,1808, ,0.0,0.00,29.30,30.00, 3.6,20,4.6,2012,10,9
283,4,2012-10-10,88,71,80, 7,68,71,0,15,0630,1807,BR,0.0,  T,29.37,30.04, 1.3,15,2.2,2012,10,10
284,4,2012-10-11,84,72,78, 5,71,73,0,13,0630,1806,RA BR,0.0,0.52,29.40,30.07, 3.7,14,5.9,2012,10,11
285,4,2012-10-12,88,72,80, 8,69,72,0,15,0631,1805,BR,0.0,0.00,29.41,30.09, 3.2,15,5.1,2012,10,12
286,4,2012-10-13,83,74,79, 7,72,73,0,14,0632,1804, ,0.0,0.09,29.28,29.98, 4.3,16,7.1,2012,10,13
287,4,2012-10-14,88,64,76, 4,61,67,0,11,0632,1803,RA BR,0.0,0.12,29.35,30.01, 1.2,34,3.4,2012,10,14
288,4,2012-10-15,79,60,70,-2,53,60,0, 5,0633,1801, ,0.0,0.00,29.34,30.04, 0.5,01,1.5,2012,10,15
289,4,2012-10-16,72,61,67,-4,60,63,0, 2,0634,1759,RA BR,0.0,0.12,29.16,29.87, 1.3,16,2.1,2012,10,16
290,4,2012-10-17,90,64,77, 6,64,68,0,12,0634,1758,BR,0.0,0.00,29.02,29.71, 0.9,20,4.1,2012,10,17
291,4,2012-10-18,79,55,67,-4,43,55,0, 2,0635,1757, ,0.0,0.00,29.24,29.90, 3.7,03,5.4,2012,10,18
292,4,2012-10-19,83,50,67,-3,41,53,0, 2,0636,1756, ,0.0,0.00,29.28,29.97, 0.1,30,1.3,2012,10,19
293,4,2012-10-20,87,55,71, 1,60,65,0, 6,0636,1755, ,0.0,0.00,29.16,29.86, 2.9,19,4.9,2012,10,20
294,4,2012-10-21,91,74,83,13,68,72,0,18,0637,1754, ,0.0,0.00,29.21,29.87, 6.6,17,8.1,2012,10,21
295,4,2012-10-22,89,72,81,11,70,72,0,16,0638,1753, ,0.0,0.00,29.25,29.91, 5.4,15,7.2,2012,10,22
296,4,2012-10-23,85,71,78, 9,68,70,0,13,0639,1752, ,0.0,0.00,29.26,29.93, 3.1,15,4.5,2012,10,23
297,4,2012-10-24,87,67,77, 8,65,69,0,12,0639,1751, ,0.0,0.00,29.23,29.91, 4.6,16,6.3,2012,10,24
298,4,2012-10-25,88,63,76, 7,63,68,0,11,0640,1750, ,0.0,0.00,29.21,29.87, 0.9,17,6.4,2012,10,25
299,4,2012-10-26,63,50,57,-11,42,49,8, 0,0641,1749,RA,0.0,0.11,29.49,30.16, 7.9,36,8.9,2012,10,26
300,4,2012-10-27,64,44,54,-14,32,44,11, 0,0641,1748, ,0.0,0.00,29.52,30.23, 3.2,36,5.4,2012,10,27
301,4,2012-10-28,67,43,55,-13,31,43,10, 0,0642,1747, ,0.0,0.00,29.52,30.24, 1.0,36,2.8,2012,10,28
302,4,2012-10-29,70,40,55,-12,35,45,10, 0,0643,1746, ,0.0,0.00,29.49,30.22, 0.8,13,1.3,2012,10,29
303,4,2012-10-30,78,43,61,-6,46,53,4, 0,0644,1746, ,0.0,0.00,29.34,30.06, 0.9,17,1.9,2012,10,30
304,4,2012-10-31,86,56,71, 4,54,60,0, 6,0644,1745, ,0.0,0.00,29.31,30.01, 0.6,28,1.5,2012,10,31
305,4,2012-11-01,88,57,73, 7,55,62,0, 8,0645,1744, ,0.0,0.00,29.32,30.00, 0.6,22,1.6,2012,11,1
306,4,2012-11-02,85,61,73, 7,60,64,0, 8,0646,1743, ,0.0,0.00,29.29,29.98, 2.0,18,3.1,2012,11,2
307,4,2012-11-03,87,63,75, 9,61,65,0,10,0647,1742,FG+ FG BR,0.0,0.00,29.34,30.02, 1.2,15,2.7,2012,11,3
308,4,2012-11-04,82,59,71, 6,59,63,0, 6,0648,1742, ,0.0,0.00,29.38,30.06, 1.4,36,2.3,2012,11,4
309,4,2012-11-05,86,58,72, 7,55,61,0, 7,0648,1741, ,0.0,0.00,29.34,30.02, 1.9,33,4.0,2012,11,5
310,4,2012-11-06,80,49,65, 0,41,52,0, 0,0649,1740, ,0.0,0.00,29.42,30.11, 0.8,02,1.5,2012,11,6
311,4,2012-11-07,82,52,67, 3,45,55,0, 2,0650,1739, ,0.0,0.00,29.41,30.11, 0.5,14,2.7,2012,11,7
312,4,2012-11-08,85,55,70, 6,54,60,0, 5,0651,1739,BR,0.0,0.00,29.36,30.06, 4.2,16,5.1,2012,11,8
313,4,2012-11-09,85,62,74,10,59,64,0, 9,0652,1738, ,0.0,0.00,29.33,30.01, 7.1,17,8.6,2012,11,9
314,4,2012-11-10,84,64,74,11,61,65,0, 9,0652,1737, ,0.0,0.00,29.24,29.94, 7.3,17,8.6,2012,11,10
315,4,2012-11-11,81,66,74,11,53,62,0, 9,0653,1737, ,0.0,0.00,29.29,29.94, 2.8,21,7.4,2012,11,11
316,4,2012-11-12,66,42,54,-8,29,43,11, 0,0654,1736, ,0.0,0.00,29.72,30.39, 5.6,01,6.7,2012,11,12
317,4,2012-11-13,56,39,48,-14,25,40,17, 0,0655,1736, ,0.0,0.00,29.69,30.41, 0.4,04,2.1,2012,11,13
318,4,2012-11-14,68,46,57,-5,29,44,8, 0,0656,1735, ,0.0,0.00,29.62,30.35, 0.8,06,2.0,2012,11,14
319,4,2012-11-15,65,41,53,-8,35,46,12, 0,0657,1735, ,0.0,0.00,29.57,30.28, 0.4,14,1.0,2012,11,15
320,4,2012-11-16,70,46,58,-3,31,45,7, 0,0657,1734, ,0.0,0.00,29.62,30.33, 1.3,03,3.0,2012,11,16
321,4,2012-11-17,69,39,54,-6,33,44,11, 0,0658,1734, ,0.0,0.00,29.61,30.33, 0.5,12,1.4,2012,11,17
322,4,2012-11-18,76,45,61, 1,44,52,4, 0,0659,1733, ,0.0,0.00,29.53,30.25, 1.9,16,3.6,2012,11,18
323,4,2012-11-19,77,56,67, 7,52,57,0, 2,0660,1733, ,0.0,0.00,29.49,30.20, 1.6,18,2.8,2012,11,19
324,4,2012-11-20,83,53,68, 9,54,60,0, 3,0701,1733, ,0.0,0.00,29.47,30.16, 0.2,22,0.9,2012,11,20
325,4,2012-11-21,82,55,69,10,51,58,0, 4,0702,1732, ,0.0,0.00,29.49,30.19, 1.0,18,2.1,2012,11,21
326,4,2012-11-22,80,55,68, 9,54,59,0, 3,0702,1732,BR,0.0,0.00,29.41,30.11, 2.9,19,3.8,2012,11,22
327,4,2012-11-23,72,56,64, 6,44,53,1, 0,0703,1732,BR,0.0,0.00,29.59,30.27, 5.1,36,5.8,2012,11,23
328,4,2012-11-24,66,46,56,-2,24,42,9, 0,0704,1731, ,0.0,0.00,29.57,30.30, 1.2,03,2.5,2012,11,24
329,4,2012-11-25,77,46,62, 5,45,53,3, 0,0705,1731, ,0.0,0.00,29.29,30.03, 3.0,19,4.4,2012,11,25
330,4,2012-11-26,85,60,73,16,56,62,0, 8,0706,1731,TS BR,0.0,0.00,29.32,29.99, 1.3,28,5.8,2012,11,26
331,4,2012-11-27,60,40,50,-7,36,44,15, 0,0707,1731, ,0.0,0.00,29.63,30.32, 4.6,35,5.6,2012,11,27
332,4,2012-11-28,69,37,53,-3,39,46,12, 0,0707,1731,BR,0.0,0.00,29.64,30.36, 1.1,13,2.1,2012,11,28
333,4,2012-11-29,72,43,58, 2,48,52,7, 0,0708,1730,FG BR HZ,0.0,0.00,29.49,30.21, 0.5,20,2.2,2012,11,29
334,4,2012-11-30,79,62,71,15,59,62,0, 6,0709,1730,BR,0.0,0.00,29.41,30.11, 1.5,19,3.3,2012,11,30
335,4,2012-12-01,83,67,75,20,63,67,0,10,0710,1730, ,0.0,  T,29.37,30.05, 3.6,18,5.1,2012,12,1
336,4,2012-12-02,80,68,74,19,63,67,0, 9,0711,1730, ,0.0,  T,29.39,30.07, 3.0,18,5.7,2012,12,2
337,4,2012-12-03,80,65,73,18,61,65,0, 8,0711,1730, ,0.0,0.00,29.31,30.00, 1.8,21,5.5,2012,12,3
338,4,2012-12-04,79,57,68,13,54,60,0, 3,0712,1730,RA,0.0,  T,29.43,30.12, 2.1,33,3.0,2012,12,4
339,4,2012-12-05,74,50,62, 8,38,50,3, 0,0713,1730, ,0.0,0.00,29.41,M, 2.8,35,3.8,2012,12,5
340,4,2012-12-06,74,49,62, 8,49,54,3, 0,0714,1730,FG+ BR HZ,0.0,0.00,29.22,29.94, 1.5,17,3.1,2012,12,6
341,4,2012-12-07,79,57,68,14,59,61,0, 3,0714,1731,BR,0.0,0.00,29.15,29.84, 0.7,20,1.9,2012,12,7
342,4,2012-12-08,81,63,72,18,62,66,0, 7,0715,1731,BR,0.0,0.00,29.15,29.83, 2.0,19,2.7,2012,12,8
343,4,2012-12-09,80,55,68,15,59,64,0, 3,0716,1731,BR HZ,0.0,0.00,29.16,29.84, 0.7,28,5.5,2012,12,9
344,4,2012-12-10,55,36,46,-7,20,36,19, 0,0717,1731, ,0.0,0.00,29.41,30.10,M,M,8.9,2012,12,10
345,4,2012-12-11,57,29,43,-10,18,34,22, 0,0717,1731, ,0.0,0.00,29.47,30.18, 0.9,05,1.8,2012,12,11
346,4,2012-12-12,62,30,46,-7,22,36,19, 0,0718,1732, ,0.0,0.00,29.55,30.28, 1.4,15,2.9,2012,12,12
347,4,2012-12-13,70,34,52,-1,32,43,13, 0,0719,1732, ,0.0,0.00,29.52,30.25, 2.6,15,4.1,2012,12,13
348,4,2012-12-14,71,56,64,12,53,57,1, 0,0719,1732, ,0.0,  T,29.29,30.02, 6.2,15,7.5,2012,12,14
349,4,2012-12-15,75,59,67,15,45,56,0, 2,0720,1732,RA,0.0,0.01,29.20,29.91, 0.8,32,1.2,2012,12,15
350,4,2012-12-16,71,54,63,11,47,54,2, 0,0721,1733,TSRA RA,0.0,0.05,29.13,29.81, 2.0,31,2.6,2012,12,16
351,4,2012-12-17,73,43,58, 6,31,46,7, 0,0721,1733, ,0.0,0.00,29.21,29.90, 2.9,30,3.4,2012,12,17
352,4,2012-12-18,83,39,61, 9,41,51,4, 0,0722,1734, ,0.0,0.00,29.15,29.86, 2.5,16,3.8,2012,12,18
353,4,2012-12-19,84,65,75,23,61,66,0,10,0722,1734,BR HZ,0.0,0.00,29.06,29.73, 4.1,18,7.4,2012,12,19
354,4,2012-12-20,70,36,53, 1,10,36,12, 0,0723,1734,HZ,0.0,0.00,29.66,30.31,11.0,33,11.5,2012,12,20
355,4,2012-12-21,63,34,49,-3,12,35,16, 0,0723,1735, ,0.0,0.00,29.71,30.43, 1.0,24,3.0,2012,12,21
356,4,2012-12-22,69,35,52, 1,34,45,13, 0,0724,1735, ,0.0,0.00,29.50,30.25, 2.4,19,3.8,2012,12,22
357,4,2012-12-23,71,60,66,15,53,58,0, 1,0724,1736, ,0.0,0.00,29.25,29.97, 2.0,21,3.0,2012,12,23
358,4,2012-12-24,68,48,58, 7,31,46,7, 0,0725,1737, ,0.0,0.00,29.18,29.89, 1.8,02,3.9,2012,12,24
359,4,2012-12-25,67,32,50,-1,34,43,15, 0,0725,1737,RA,0.0,0.01,29.18,29.84,M,M,9.5,2012,12,25
360,4,2012-12-26,45,27,36,-15,18,30,29, 0,0726,1738, ,0.0,0.00,29.49,30.21,M,M,6.8,2012,12,26
361,4,2012-12-27,46,29,38,-13,32,36,27, 0,0726,1738,BR HZ,0.0,  T,29.24,30.00, 0.7,10,1.5,2012,12,27
362,4,2012-12-28,63,37,50,-1,36,42,15, 0,0726,1739,FG BR,0.0,0.00,29.33,30.01, 5.9,33,6.5,2012,12,28
363,4,2012-12-29,53,32,43,-8,21,34,22, 0,0727,1740, ,0.0,0.00,29.70,30.39, 2.0,36,3.3,2012,12,29
364,4,2012-12-30,51,29,40,-11,26,35,25, 0,0727,1740,HZ,M,0.00,29.64,30.37, 2.5,13,3.3,2012,12,30
365,4,2012-12-31,M,M,M,M,M,M,M,M,0727,1741,RA BR,M,M,M,M,M,M,M,2012,12,31
366,4,2013-01-01,55,39,47,-4,42,45,18, 0,0728,1742,RA BR HZ,0.0,0.06,29.46,30.15, 6.5,01,7.3,2013,1,1
367,4,2013-01-02,45,34,40,-11,29,35,25, 0,0728,1742, ,0.0,0.00,29.59,30.31, 3.5,36,4.6,2013,1,2
368,4,2013-01-03,47,31,39,-12,28,36,26, 0,0728,1743, ,0.0,  T,29.70,30.42, 2.9,36,3.9,2013,1,3
369,4,2013-01-04,45,37,41,-10,36,38,24, 0,0728,1744,RA BR,  T,0.27,29.73,30.47, 1.9,01,3.1,2013,1,4
370,4,2013-01-05,56,38,47,-4,39,42,18, 0,0728,1745,RA BR,0.0,  T,29.60,30.34, 0.1,21,1.1,2013,1,5
371,4,2013-01-06,61,34,48,-3,32,40,17, 0,0728,1745,FG+ BR,0.0,0.00,29.62,30.35, 2.4,35,3.7,2013,1,6
372,4,2013-01-07,57,31,44,-7,34,40,21, 0,0729,1746, ,0.0,0.00,29.49,30.23, 1.9,10,2.7,2013,1,7
373,4,2013-01-08,53,47,50,-1,48,48,15, 0,0729,1747,TSRA RA BR HZ,0.0,0.60,29.24,29.99, 1.8,36,3.5,2013,1,8
374,4,2013-01-09,59,51,55, 4,54,55,10, 0,0729,1748,RA BR,0.0,1.89,29.26,29.96, 3.8,36,4.8,2013,1,9
375,4,2013-01-10,66,45,56, 5,44,49,9, 0,0729,1749,FG+ BR,0.0,0.00,29.31,30.01, 1.0,25,2.3,2013,1,10
376,4,2013-01-11,75,46,61,10,53,57,4, 0,0729,1749,BR,0.0,  T,29.18,29.91, 3.2,17,4.8,2013,1,11
377,4,2013-01-12,75,47,61,10,59,62,4, 0,0729,1750,RA BR,0.0,0.01,29.08,29.76, 1.5,15,7.4,2013,1,12
378,4,2013-01-13,53,38,46,-5,28,38,19, 0,0728,1751, ,0.0,  T,29.41,30.11, 9.2,35,9.8,2013,1,13
379,4,2013-01-14,51,35,43,-8,26,35,22, 0,0728,1752, ,0.0,0.00,29.47,30.20, 5.8,01,7.9,2013,1,14
380,4,2013-01-15,42,35,39,-12,31,34,26, 0,0728,1753,BR UP HZ,0.0,0.04,29.47,30.19, 7.7,35,8.2,2013,1,15
381,4,2013-01-16,54,30,42,-9,20,33,23, 0,0728,1754, ,0.0,0.00,29.57,30.29, 4.0,31,4.6,2013,1,16
382,4,2013-01-17,67,37,52, 1,29,41,13, 0,0728,1755, ,0.0,0.00,29.72,30.42, 4.5,32,5.7,2013,1,17
383,4,2013-01-18,66,34,50,-2,32,42,15, 0,0728,1755, ,0.0,0.00,29.70,30.43, 1.0,15,2.4,2013,1,18
384,4,2013-01-19,69,41,55, 3,41,47,10, 0,0727,1756,BR,0.0,0.00,29.52,30.26, 3.2,20,3.8,2013,1,19
385,4,2013-01-20,75,42,59, 7,43,50,6, 0,0727,1757,BR,0.0,0.00,29.45,30.18, 1.4,17,2.2,2013,1,20
386,4,2013-01-21,74,47,61, 9,45,51,4, 0,0727,1758, ,0.0,0.00,29.49,30.19, 0.2,03,2.2,2013,1,21
387,4,2013-01-22,73,41,57, 5,44,50,8, 0,0727,1759, ,0.0,0.00,29.55,30.25, 1.5,17,2.8,2013,1,22
388,4,2013-01-23,76,52,64,12,52,56,1, 0,0726,1760,FG BR,0.0,0.00,29.55,30.25, 2.1,18,3.5,2013,1,23
389,4,2013-01-24,81,58,70,18,58,62,0, 5,0726,1801, ,0.0,0.00,29.46,30.17, 3.1,19,4.5,2013,1,24
390,4,2013-01-25,81,55,68,16,57,61,0, 3,0725,1801, ,0.0,0.00,29.40,30.09, 2.6,20,6.4,2013,1,25
391,4,2013-01-26,67,51,59, 7,52,54,6, 0,0725,1801,BR HZ,0.0,0.00,29.42,30.13, 1.2,03,2.1,2013,1,26
392,4,2013-01-27,81,58,70,18,61,63,0, 5,0725,1802,RA BR,0.0,  T,29.33,30.03, 6.2,17,7.8,2013,1,27
393,4,2013-01-28,77,69,73,21,64,67,0, 8,0724,1803, ,0.0,  T,29.25,29.95, 7.3,17,8.5,2013,1,28
394,4,2013-01-29,84,57,71,19,54,62,0, 6,0724,1804,RA,0.0,0.01,29.03,29.70, 3.8,20,9.4,2013,1,29
395,4,2013-01-30,60,37,49,-4,21,40,16, 0,0723,1805, ,0.0,0.00,29.39,30.06, 4.5,31,5.9,2013,1,30
396,4,2013-01-31,70,32,51,-2,21,39,14, 0,0722,1806, ,0.0,0.00,29.52,30.22, 2.4,21,3.2,2013,1,31
397,4,2013-02-01,73,45,59, 6,34,46,6, 0,0722,1807, ,0.0,0.00,29.55,30.27, 1.7,17,4.5,2013,2,1
398,4,2013-02-02,78,44,61, 8,43,52,4, 0,0721,1808, ,0.0,0.00,29.52,30.22, 1.2,04,3.5,2013,2,2
399,4,2013-02-03,73,44,59, 6,35,48,6, 0,0721,1808, ,0.0,0.00,29.49,30.21, 2.5,14,4.6,2013,2,3
400,4,2013-02-04,76,57,67,14,54,58,0, 2,0720,1809,RA,0.0,  T,29.19,29.91, 2.3,19,4.1,2013,2,4
401,4,2013-02-05,80,53,67,14,47,56,0, 2,0719,1810,RA,0.0,  T,29.23,29.92, 0.7,34,2.3,2013,2,5
402,4,2013-02-06,76,60,68,15,57,60,0, 3,0719,1811,RA BR,0.0,0.07,29.23,29.92, 4.2,14,4.8,2013,2,6
403,4,2013-02-07,85,60,73,19,52,59,0, 8,0718,1812, ,0.0,0.00,29.26,29.93, 1.4,30,5.5,2013,2,7
404,4,2013-02-08,71,50,61, 7,33,48,4, 0,0717,1813, ,0.0,0.00,29.44,30.14, 2.8,01,5.6,2013,2,8
405,4,2013-02-09,69,53,61, 7,55,57,4, 0,0716,1814,RA BR HZ,0.0,0.06,29.21,29.95, 7.3,14,7.9,2013,2,9
406,4,2013-02-10,69,55,62, 8,44,53,3, 0,0716,1814,RA BR,0.0,0.12,29.22,29.90, 1.1,28,4.4,2013,2,10
407,4,2013-02-11,58,50,54, 0,46,50,11, 0,0715,1815,RA BR,0.0,0.06,29.32,30.01, 1.4,03,4.4,2013,2,11
408,4,2013-02-12,71,50,61, 7,45,52,4, 0,0714,1816,RA BR,0.0,0.01,29.22,29.92, 3.9,32,5.4,2013,2,12
409,4,2013-02-13,64,40,52,-3,34,43,13, 0,0713,1817, ,0.0,0.00,29.39,30.10, 5.1,33,6.5,2013,2,13
410,4,2013-02-14,72,37,55, 0,34,45,10, 0,0712,1818, ,0.0,0.00,29.36,30.08, 2.8,17,3.6,2013,2,14
411,4,2013-02-15,64,42,53,-2,34,43,12, 0,0711,1818,RA,0.0,  T,29.55,30.24, 4.1,02,6.0,2013,2,15
412,4,2013-02-16,66,35,51,-4,26,40,14, 0,0710,1819, ,0.0,0.00,29.61,30.34, 2.0,30,4.2,2013,2,16
413,4,2013-02-17,72,39,56, 1,35,46,9, 0,0710,1820, ,0.0,0.00,29.37,30.11, 5.0,18,5.7,2013,2,17
414,4,2013-02-18,83,58,71,15,44,55,0, 6,0709,1821, ,0.0,0.00,29.24,29.92, 2.5,23,8.6,2013,2,18
415,4,2013-02-19,70,46,58, 2,29,45,7, 0,0708,1822, ,0.0,0.00,29.47,30.16, 2.9,08,5.9,2013,2,19
416,4,2013-02-20,63,53,58, 2,46,52,7, 0,0707,1822,RA BR,0.0,0.04,29.16,29.91, 7.2,12,8.1,2013,2,20
417,4,2013-02-21,79,52,66,10,38,54,0, 1,0706,1823,RA BR,0.0,0.01,29.05,29.74, 1.8,26,7.0,2013,2,21
418,4,2013-02-22,60,43,52,-4,33,43,13, 0,0705,1824, ,0.0,0.00,29.31,29.99, 5.5,01,6.8,2013,2,22
419,4,2013-02-23,72,41,57, 0,30,44,8, 0,0704,1825, ,0.0,0.00,29.26,29.98, 2.1,36,4.3,2013,2,23
420,4,2013-02-24,76,39,58, 1,44,51,7, 0,0703,1825, ,0.0,0.00,29.05,29.80, 6.2,15,7.0,2013,2,24
421,4,2013-02-25,65,47,56,-1,33,46,9, 0,0702,1826,BR,0.0,0.01,29.01,29.68,10.7,29,12.8,2013,2,25
422,4,2013-02-26,68,41,55,-2,28,43,10, 0,0701,1827, ,0.0,0.00,29.18,29.88, 3.9,30,5.9,2013,2,26
423,4,2013-02-27,64,47,56,-2,25,42,9, 0,0660,1828, ,0.0,0.00,29.41,30.08, 5.2,34,7.6,2013,2,27
424,4,2013-02-28,63,41,52,-6,24,40,13, 0,0658,1828, ,0.0,0.00,29.54,30.25, 5.9,35,6.5,2013,2,28
425,4,2013-03-01,70,37,54,-4,24,41,11, 0,0657,1829, ,0.0,0.00,29.52,30.24, 3.5,33,4.6,2013,3,1
426,4,2013-03-02,63,40,52,-6,25,40,13, 0,0656,1830, ,0.0,0.00,29.62,30.34, 5.8,34,5.9,2013,3,2
427,4,2013-03-03,77,39,58,-1,30,45,7, 0,0655,1830, ,0.0,0.00,29.36,30.11, 6.6,18,7.3,2013,3,3
428,4,2013-03-04,89,55,72,13,46,56,0, 7,0654,1831, ,0.0,0.00,29.09,29.81, 6.7,19,7.0,2013,3,4
429,4,2013-03-05,68,46,57,-2,22,44,8, 0,0653,1832, ,0.0,0.00,29.56,30.20, 8.9,35,9.8,2013,3,5
430,4,2013-03-06,66,40,53,-6,18,40,12, 0,0652,1832, ,0.0,0.00,29.61,30.31, 1.4,09,4.4,2013,3,6
431,4,2013-03-07,74,43,59,-1,40,50,6, 0,0651,1833, ,0.0,0.00,29.45,30.18, 5.0,16,5.5,2013,3,7
432,4,2013-03-08,67,57,62, 2,55,58,3, 0,0649,1834,RA BR,0.0,0.16,29.36,30.08, 5.5,14,6.3,2013,3,8
433,4,2013-03-09,73,62,68, 8,61,64,0, 3,0648,1835,TSRA RA BR,0.0,0.02,29.10,29.81, 9.7,16,10.5,2013,3,9
434,4,2013-03-10,67,46,57,-3,39,50,8, 0,0647,1835,TSRA RA BR,0.0,0.85,29.27,29.94, 7.2,34,7.8,2013,3,10
435,4,2013-03-11,69,38,54,-7,27,43,11, 0,0646,1836, ,0.0,0.00,29.39,30.09, 3.5,33,4.6,2013,3,11
436,4,2013-03-12,80,42,61, 0,31,47,4, 0,0645,1837, ,0.0,0.00,29.45,30.13, 2.4,18,4.2,2013,3,12
437,4,2013-03-13,77,48,63, 2,34,49,2, 0,0644,1837, ,0.0,0.00,29.65,30.33, 1.6,13,5.1,2013,3,13
438,4,2013-03-14,79,50,65, 4,45,55,0, 0,0642,1838, ,0.0,0.00,29.58,30.29, 4.7,19,5.9,2013,3,14
439,4,2013-03-15,83,52,68, 6,46,56,0, 3,0641,1838, ,0.0,0.00,29.39,30.10, 6.8,18,7.5,2013,3,15
440,4,2013-03-16,86,59,73,11,55,61,0, 8,0640,1839, ,0.0,0.00,29.14,29.85, 9.4,18,10.3,2013,3,16
441,4,2013-03-17,84,66,75,13,59,64,0,10,0639,1840, ,0.0,0.00,29.03,29.72, 5.2,18,7.0,2013,3,17
442,4,2013-03-18,90,62,76,14,52,62,0,11,0638,1840,BR HZ,0.0,0.00,29.15,29.80, 2.5,36,6.9,2013,3,18
443,4,2013-03-19,85,51,68, 5,52,59,0, 3,0636,1841,RA,0.0,  T,29.26,29.92, 2.4,09,5.9,2013,3,19
444,4,2013-03-20,73,53,63, 0,43,52,2, 0,0635,1842,TS TSRA RA BR VCTS,0.0,0.14,29.42,30.11, 3.1,04,5.6,2013,3,20
445,4,2013-03-21,80,54,67, 4,52,58,0, 2,0634,1842, ,0.0,0.00,29.05,29.78, 7.7,18,7.9,2013,3,21
446,4,2013-03-22,85,55,70, 7,58,63,0, 5,0633,1843,BR,0.0,0.00,29.00,29.69, 1.2,15,5.8,2013,3,22
447,4,2013-03-23,80,52,66, 2,52,57,0, 1,0632,1844,BR HZ,0.0,  T,29.00,29.70, 3.0,02,4.6,2013,3,23
448,4,2013-03-24,61,43,52,-12,25,41,13, 0,0630,1844,BR,0.0,0.00,29.39,30.08, 9.9,35,9.2,2013,3,24
449,4,2013-03-25,61,38,50,-14,20,38,15, 0,0629,1845, ,0.0,0.00,29.62,30.30, 4.1,02,6.2,2013,3,25
450,4,2013-03-26,66,34,50,-14,19,39,15, 0,0628,1845, ,0.0,0.00,29.67,30.39, 1.9,13,3.2,2013,3,26
451,4,2013-03-27,71,40,56,-9,36,47,9, 0,0627,1846, ,0.0,0.00,29.52,30.25, 6.3,17,6.8,2013,3,27
452,4,2013-03-28,76,55,66, 1,53,58,0, 1,0625,1847, ,0.0,0.00,29.46,30.16, 5.4,16,7.1,2013,3,28
453,4,2013-03-29,80,60,70, 5,55,61,0, 5,0624,1847,BR,0.0,0.00,29.41,30.11, 6.4,17,7.4,2013,3,29
454,4,2013-03-30,86,65,76,11,59,64,0,11,0623,1848, ,0.0,0.00,29.28,29.98, 4.3,19,6.5,2013,3,30
455,4,2013-03-31,80,65,73, 8,62,65,0, 8,0622,1849,RA,0.0,  T,29.23,29.91, 1.0,13,4.2,2013,3,31
456,4,2013-04-01,87,60,74, 8,59,65,0, 9,0621,1849, ,0.0,0.00,29.28,29.96, 2.8,13,4.9,2013,4,1
457,4,2013-04-02,76,53,65,-1,62,64,0, 0,0619,1850,TS TSRA RA FG BR VCTS,0.0,2.10,29.23,29.91, 2.0,10,5.6,2013,4,2
458,4,2013-04-03,57,49,53,-13,50,51,12, 0,0618,1850,TSRA RA BR,0.0,0.36,29.36,30.02, 4.9,34,7.0,2013,4,3
459,4,2013-04-04,62,46,54,-12,42,47,11, 0,0617,1851, ,0.0,0.00,29.47,30.16, 5.7,34,6.5,2013,4,4
460,4,2013-04-05,73,40,57,-10,42,50,8, 0,0616,1852, ,0.0,0.00,29.44,30.17, 0.9,14,3.7,2013,4,5
461,4,2013-04-06,82,53,68, 1,53,58,0, 3,0615,1852, ,0.0,0.00,29.24,29.95, 8.0,18,8.6,2013,4,6
462,4,2013-04-07,84,63,74, 7,59,64,0, 9,0613,1853, ,0.0,0.00,29.15,29.85, 7.7,16,8.4,2013,4,7
463,4,2013-04-08,77,67,72, 5,63,66,0, 7,0612,1853,HZ,0.0,0.00,29.04,29.73, 9.5,16,9.7,2013,4,8
464,4,2013-04-09,86,70,78,10,66,69,0,13,0611,1854, ,0.0,0.00,28.97,29.65,10.7,15,11.3,2013,4,9
465,4,2013-04-10,74,45,60,-8,49,52,5, 0,0610,1855,RA BR,0.0,0.30,29.16,29.83, 4.7,34,9.6,2013,4,10
466,4,2013-04-11,68,43,56,-12,40,48,9, 0,0609,1855,RA,0.0,0.06,29.20,29.90, 3.0,03,5.4,2013,4,11
467,4,2013-04-12,81,44,63,-5,43,53,2, 0,0608,1856, ,0.0,0.00,29.23,29.92, 2.9,14,4.4,2013,4,12
468,4,2013-04-13,78,54,66,-3,51,57,0, 1,0607,1857, ,0.0,0.00,29.16,29.87, 3.6,14,4.7,2013,4,13
469,4,2013-04-14,87,58,73, 4,61,65,0, 8,0605,1857, ,0.0,0.00,29.00,29.69, 4.7,17,5.8,2013,4,14
470,4,2013-04-15,88,70,79,10,65,69,0,14,0604,1858,BR HZ,0.0,0.00,29.06,29.73, 7.0,16,8.8,2013,4,15
471,4,2013-04-16,85,70,78, 9,66,70,0,13,0603,1859,BR HZ,0.0,  T,29.15,29.81, 7.9,15,9.4,2013,4,16
472,4,2013-04-17,85,73,79, 9,69,71,0,14,0602,1859,RA BR HZ,0.0,0.01,29.07,29.75, 8.9,15,9.8,2013,4,17
473,4,2013-04-18,75,50,63,-7,50,56,2, 0,0601,1860,RA,0.0,0.36,29.21,29.88, 4.8,35,9.9,2013,4,18
474,4,2013-04-19,69,45,57,-13,29,45,8, 0,0560,1900, ,0.0,0.00,29.52,30.21, 4.9,36,6.5,2013,4,19
475,4,2013-04-20,73,41,57,-13,34,47,8, 0,0559,1901, ,0.0,0.00,29.41,30.14, 4.8,15,5.8,2013,4,20
476,4,2013-04-21,78,50,64,-7,50,56,1, 0,0558,1902, ,0.0,0.00,29.39,30.09, 3.1,12,5.1,2013,4,21
477,4,2013-04-22,85,56,71, 0,57,62,0, 6,0557,1902,BR,0.0,0.00,29.28,29.98, 6.2,17,6.9,2013,4,22
478,4,2013-04-23,79,49,64,-7,55,59,1, 0,0556,1903,RA,0.0,  T,29.28,29.94, 1.0,01,7.4,2013,4,23
479,4,2013-04-24,65,45,55,-16,36,46,10, 0,0555,1904,RA,0.0,  T,29.52,30.21, 7.8,01,8.9,2013,4,24
480,4,2013-04-25,70,56,63,-9,41,52,2, 0,0554,1904, ,0.0,0.00,29.53,30.24, 1.6,08,4.7,2013,4,25
481,4,2013-04-26,79,60,70,-2,63,66,0, 5,0553,1905,RA FG BR,0.0,0.03,29.37,30.08, 3.6,16,5.1,2013,4,26
482,4,2013-04-27,85,69,77, 5,65,68,0,12,0552,1906, ,0.0,0.00,29.33,30.01, 1.8,15,3.5,2013,4,27
483,4,2013-04-28,87,62,75, 3,61,66,0,10,0551,1906, ,0.0,0.00,29.23,29.93, 1.3,15,3.9,2013,4,28
484,4,2013-04-29,86,67,77, 4,63,66,0,12,0550,1907,TS,0.0,0.00,29.18,29.86, 3.4,15,5.2,2013,4,29
485,4,2013-04-30,84,64,74, 1,63,66,0, 9,0549,1908,BR,0.0,0.00,29.10,29.78, 3.4,14,4.0,2013,4,30
486,4,2013-05-01,89,68,79, 6,64,69,0,14,0548,1908, ,0.0,0.00,29.15,29.82, 3.1,13,5.0,2013,5,1
487,4,2013-05-02,75,48,62,-11,45,50,3, 0,0547,1909,TS,0.0,0.00,29.51,30.17,11.7,34,12.0,2013,5,2
488,4,2013-05-03,71,44,58,-16,28,45,7, 0,0546,1909, ,0.0,0.00,29.47,30.20, 6.4,35,7.4,2013,5,3
489,4,2013-05-04,85,46,66,-8,31,50,0, 1,0545,1910, ,0.0,0.00,29.27,29.98, 2.2,27,4.2,2013,5,4
490,4,2013-05-05,79,51,65,-9,40,52,0, 0,0545,1911, ,0.0,0.00,29.38,30.07, 4.0,01,5.4,2013,5,5
491,4,2013-05-06,76,50,63,-11,45,54,2, 0,0544,1911, ,0.0,0.00,29.36,30.06, 0.4,18,1.5,2013,5,6
492,4,2013-05-07,87,51,69,-6,49,59,0, 4,0543,1912,TSRA,0.0,  T,29.31,30.00, 3.9,15,4.4,2013,5,7
493,4,2013-05-08,86,65,76, 1,60,65,0,11,0542,1913, ,0.0,0.01,29.26,29.94, 6.6,17,8.2,2013,5,8
494,4,2013-05-09,78,66,72,-3,65,67,0, 7,0542,1913,TS TSRA RA BR,0.0,0.03,29.20,29.89, 2.1,18,5.5,2013,5,9
495,4,2013-05-10,88,62,75, 0,62,65,0,10,0541,1914,TSRA RA BR,0.0,1.28,29.21,29.91, 1.6,04,4.9,2013,5,10
496,4,2013-05-11,83,62,73,-3,54,62,0, 8,0540,1915, ,0.0,0.00,29.39,30.07, 5.0,36,6.0,2013,5,11
497,4,2013-05-12,83,60,72,-4,48,58,0, 7,0539,1915, ,0.0,0.00,29.47,30.16, 3.0,03,4.3,2013,5,12
498,4,2013-05-13,87,53,70,-6,50,59,0, 5,0539,1916, ,0.0,0.00,29.51,30.19, 2.3,14,4.0,2013,5,13
499,4,2013-05-14,87,61,74,-2,60,66,0, 9,0538,1917, ,0.0,0.00,29.41,30.11, 5.0,18,6.6,2013,5,14
500,4,2013-05-15,87,67,77, 1,67,70,0,12,0537,1917,TSRA RA BR,0.0,0.13,29.23,29.93, 7.5,17,8.4,2013,5,15
501,4,2013-05-16,94,70,82, 5,69,72,0,17,0537,1918,RA BR,0.0,0.05,29.10,29.78, 6.2,16,7.7,2013,5,16
502,4,2013-05-17,95,75,85, 8,70,74,0,20,0536,1919,HZ,0.0,0.00,29.15,29.81, 6.6,16,8.2,2013,5,17
503,4,2013-05-18,96,72,84, 7,67,72,0,19,0536,1919,HZ,0.0,0.00,29.16,29.83, 8.4,17,9.7,2013,5,18
504,4,2013-05-19,94,73,84, 7,68,72,0,19,0535,1920,HZ,0.0,0.00,29.10,29.78, 8.8,16,9.3,2013,5,19
505,4,2013-05-20,94,77,M,M,69,73,M,M,0535,1921, ,0.0,0.00,29.09,M, 8.0,16,8.9,2013,5,20
506,4,2013-05-21,90,69,80, 2,68,72,0,15,0534,1921,RA,0.0,  T,29.10,29.76, 3.9,17,7.1,2013,5,21
507,4,2013-05-22,94,61,78, 0,62,68,0,13,0534,1922, ,0.0,0.00,29.18,29.85, 1.4,13,3.1,2013,5,22
508,4,2013-05-23,91,75,83, 5,69,73,0,18,0533,1922, ,0.0,0.00,29.26,29.92, 5.0,16,6.7,2013,5,23
509,4,2013-05-24,84,65,75,-4,69,71,0,10,0533,1923,TS TSRA RA BR VCTS,0.0,3.30,29.38,30.04, 2.7,13,5.1,2013,5,24
510,4,2013-05-25,81,70,76,-3,70,72,0,11,0532,1924,RA BR,0.0,0.45,29.39,30.07, 5.3,14,6.6,2013,5,25
511,4,2013-05-26,87,71,79, 0,69,72,0,14,0532,1924,RA BR,0.0,0.78,29.33,30.02, 6.1,17,7.2,2013,5,26
512,4,2013-05-27,90,72,81, 2,69,72,0,16,0531,1925, ,0.0,0.00,29.23,29.92, 7.5,16,9.0,2013,5,27
513,4,2013-05-28,91,74,83, 4,69,72,0,18,0531,1925, ,0.0,0.00,29.15,29.82, 8.6,16,9.1,2013,5,28
514,4,2013-05-29,89,74,82, 2,70,73,0,17,0531,1926, ,0.0,  T,29.08,29.75, 9.1,16,10.5,2013,5,29
515,4,2013-05-30,91,75,83, 3,71,74,0,18,0530,1927,RA,0.0,  T,29.11,29.78, 6.6,18,8.0,2013,5,30
516,4,2013-05-31,92,77,85, 5,72,75,0,20,0530,1927, ,0.0,0.00,29.12,29.79, 7.0,17,8.3,2013,5,31
517,4,2013-06-01,95,77,86, 6,71,75,0,21,0530,1928, ,0.0,0.00,29.15,29.80, 6.0,17,7.5,2013,6,1
518,4,2013-06-02,90,67,79,-1,63,69,0,14,0530,1928,TS TSRA RA,0.0,0.03,29.28,29.94, 0.5,03,3.5,2013,6,2
519,4,2013-06-03,94,64,79,-1,62,68,0,14,0530,1929, ,0.0,0.00,29.22,29.89, 1.0,13,2.2,2013,6,3
520,4,2013-06-04,94,70,82, 1,66,71,0,17,0529,1929,BR,0.0,0.00,29.18,29.84, 3.5,15,5.9,2013,6,4
521,4,2013-06-05,94,70,82, 1,66,72,0,17,0529,1930, ,0.0,0.00,29.13,29.81, 4.1,16,5.6,2013,6,5
522,4,2013-06-06,97,72,85, 4,66,71,0,20,0529,1930, ,0.0,0.00,29.16,29.82, 1.8,04,4.2,2013,6,6
523,4,2013-06-07,88,70,79,-2,58,66,0,14,0529,1931, ,0.0,0.00,29.24,29.91, 2.5,03,3.5,2013,6,7
524,4,2013-06-08,92,63,78,-3,62,68,0,13,0529,1931, ,0.0,0.00,29.16,29.85, 3.4,16,4.6,2013,6,8
525,4,2013-06-09,90,68,79,-2,68,72,0,14,0529,1932, ,0.0,0.16,29.21,29.88, 1.7,18,4.3,2013,6,9
526,4,2013-06-10,96,71,84, 2,68,73,0,19,0529,1932,BR,0.0,0.00,29.26,29.93, 1.7,16,3.9,2013,6,10
527,4,2013-06-11,96,75,86, 4,70,74,0,21,0529,1932, ,0.0,0.00,29.31,29.97, 3.1,19,5.4,2013,6,11
528,4,2013-06-12,97,75,86, 4,71,75,0,21,0529,1933,RA,0.0,0.02,29.32,29.98, 4.4,18,6.6,2013,6,12
529,4,2013-06-13,97,77,87, 5,70,74,0,22,0529,1933, ,0.0,0.00,29.30,29.97, 3.1,19,4.5,2013,6,13
530,4,2013-06-14,93,75,84, 2,72,75,0,19,0529,1934,HZ,0.0,0.00,29.26,29.93, 1.4,18,2.2,2013,6,14
531,4,2013-06-15,92,78,85, 3,72,75,0,20,0529,1934, ,0.0,0.00,29.26,29.92, 1.2,21,3.0,2013,6,15
532,4,2013-06-16,98,76,87, 5,69,74,0,22,0529,1934, ,0.0,0.00,29.27,29.93, 4.1,19,6.2,2013,6,16
533,4,2013-06-17,99,77,88, 5,69,75,0,23,0529,1935, ,0.0,0.00,29.23,29.90, 2.9,19,5.3,2013,6,17
534,4,2013-06-18,95,70,83, 0,69,73,0,18,0529,1935,RA,0.0,0.36,29.26,29.92, 0.9,15,3.4,2013,6,18
535,4,2013-06-19,98,76,87, 4,69,74,0,22,0529,1935, ,0.0,0.00,29.26,29.91, 4.5,17,6.5,2013,6,19
536,4,2013-06-20,98,76,87, 4,68,74,0,22,0530,1935, ,0.0,0.00,29.31,29.97, 4.3,17,6.8,2013,6,20
537,4,2013-06-21,99,77,88, 5,67,73,0,23,0530,1936, ,0.0,0.00,29.34,30.00, 5.6,18,7.7,2013,6,21
538,4,2013-06-22,99,77,88, 5,67,74,0,23,0530,1936, ,0.0,0.00,29.28,29.95, 5.2,17,7.3,2013,6,22
539,4,2013-06-23,99,77,88, 5,66,73,0,23,0530,1936, ,0.0,0.00,29.26,29.92, 5.8,17,7.5,2013,6,23
540,4,2013-06-24,99,76,88, 5,68,74,0,23,0531,1936, ,0.0,0.00,29.28,29.94, 8.8,17,9.0,2013,6,24
541,4,2013-06-25,101,78,90, 7,67,74,0,25,0531,1936, ,0.0,0.00,29.24,29.92, 7.6,17,9.0,2013,6,25
542,4,2013-06-26,102,78,90, 6,68,74,0,25,0531,1937, ,0.0,0.00,29.24,29.90, 5.6,17,7.7,2013,6,26
543,4,2013-06-27,103,77,90, 6,64,72,0,25,0531,1937, ,0.0,0.00,29.28,29.93, 3.7,17,5.8,2013,6,27
544,4,2013-06-28,106,75,91, 7,65,73,0,26,0532,1937, ,0.0,0.00,29.20,29.87, 0.9,19,3.4,2013,6,28
545,4,2013-06-29,108,75,92, 8,61,72,0,27,0532,1937, ,0.0,0.00,29.13,29.79, 0.2,35,3.3,2013,6,29
546,4,2013-06-30,96,72,84, 0,66,71,0,19,0532,1937,TSRA BR,0.0,0.35,29.19,29.85, 2.0,30,4.3,2013,6,30
547,4,2013-07-01,91,73,82,-2,53,65,0,17,0533,1937, ,0.0,0.00,29.29,29.95, 4.1,01,4.9,2013,7,1
548,4,2013-07-02,95,69,82,-2,50,63,0,17,0533,1937, ,0.0,0.00,29.33,29.99, 3.3,01,4.8,2013,7,2
549,4,2013-07-03,96,67,82,-2,49,63,0,17,0534,1937, ,0.0,0.00,29.28,29.95, 1.1,04,3.6,2013,7,3
550,4,2013-07-04,96,70,83,-1,58,67,0,18,0534,1937, ,0.0,0.00,29.26,29.93, 1.6,14,3.4,2013,7,4
551,4,2013-07-05,99,72,86, 2,61,70,0,21,0534,1937, ,0.0,0.00,29.23,29.90, 3.0,16,4.9,2013,7,5
552,4,2013-07-06,99,73,86, 2,64,72,0,21,0535,1937, ,0.0,0.00,29.21,29.87, 3.5,14,5.2,2013,7,6
553,4,2013-07-07,102,76,89, 5,69,74,0,24,0535,1937, ,0.0,  T,29.26,29.91, 3.5,15,5.5,2013,7,7
554,4,2013-07-08,91,77,84, 0,70,74,0,19,0536,1936,RA,0.0,0.07,29.38,30.03, 4.5,17,6.4,2013,7,8
555,4,2013-07-09,102,76,89, 4,69,75,0,24,0536,1936, ,0.0,0.00,29.38,30.05, 3.9,17,6.1,2013,7,9
556,4,2013-07-10,102,76,89, 4,68,74,0,24,0537,1936, ,0.0,0.00,29.32,29.99, 3.4,18,5.5,2013,7,10
557,4,2013-07-11,102,76,89, 4,66,73,0,24,0537,1936, ,0.0,0.00,29.26,29.92, 3.1,18,4.6,2013,7,11
558,4,2013-07-12,103,75,89, 4,64,73,0,24,0538,1936, ,0.0,0.00,29.23,29.89, 1.6,16,4.7,2013,7,12
559,4,2013-07-13,105,76,91, 6,61,71,0,26,0538,1935, ,0.0,0.00,29.21,29.87, 0.7,12,3.1,2013,7,13
560,4,2013-07-14,98,74,86, 1,65,71,0,21,0539,1935, ,0.0,  T,29.21,29.86, 1.6,08,4.6,2013,7,14
561,4,2013-07-15,78,70,74,-11,70,71,0, 9,0539,1935,RA BR,0.0,0.51,29.29,29.96, 0.6,03,3.5,2013,7,15
562,4,2013-07-16,94,72,83,-2,70,73,0,18,0540,1934,TS BR,0.0,0.00,29.38,30.04, 1.9,11,4.7,2013,7,16
563,4,2013-07-17,92,73,83,-2,71,73,0,18,0540,1934,TSRA RA BR,0.0,1.50,29.45,30.12, 1.3,11,2.4,2013,7,17
564,4,2013-07-18,95,73,84,-1,69,73,0,19,0541,1934, ,0.0,0.00,29.39,30.07, 0.7,16,2.4,2013,7,18
565,4,2013-07-19,96,72,84,-1,68,73,0,19,0542,1933, ,0.0,0.00,29.31,29.99, 1.8,13,3.4,2013,7,19
566,4,2013-07-20,96,75,86, 1,70,74,0,21,0542,1933,RA,0.0,0.04,29.24,29.91, 1.0,16,3.3,2013,7,20
567,4,2013-07-21,96,75,86, 1,72,75,0,21,0543,1932, ,0.0,0.00,29.24,29.90, 4.3,17,5.6,2013,7,21
568,4,2013-07-22,99,78,89, 4,71,76,0,24,0543,1932, ,0.0,0.00,29.26,29.92, 5.2,18,7.2,2013,7,22
569,4,2013-07-23,99,78,89, 3,69,75,0,24,0544,1931, ,0.0,0.00,29.26,29.92, 5.1,18,7.1,2013,7,23
570,4,2013-07-24,97,77,87, 1,70,75,0,22,0545,1931, ,0.0,0.00,29.26,29.91, 3.1,20,4.4,2013,7,24
571,4,2013-07-25,100,76,88, 2,68,74,0,23,0545,1930, ,0.0,0.00,29.31,29.96, 2.7,16,4.7,2013,7,25
572,4,2013-07-26,100,74,87, 1,70,75,0,22,0546,1930,TSRA BR,0.0,0.78,29.28,29.93, 2.1,18,6.2,2013,7,26
573,4,2013-07-27,90,74,82,-4,70,74,0,17,0546,1929,TS,0.0,0.01,29.25,29.92, 2.4,02,3.5,2013,7,27
574,4,2013-07-28,98,76,87, 1,70,74,0,22,0547,1928, ,0.0,0.00,29.22,29.89, 3.0,15,5.6,2013,7,28
575,4,2013-07-29,101,78,90, 4,67,74,0,25,0548,1928, ,0.0,0.00,29.29,29.95, 5.7,18,8.2,2013,7,29
576,4,2013-07-30,101,77,89, 3,68,74,0,24,0548,1927, ,0.0,0.00,29.35,30.00, 5.3,17,7.6,2013,7,30
577,4,2013-07-31,102,75,89, 3,65,73,0,24,0549,1926, ,0.0,0.00,29.32,29.99, 1.3,18,4.3,2013,7,31
578,4,2013-08-01,103,77,90, 4,66,74,0,25,0549,1926, ,0.0,0.00,29.27,29.93, 1.4,16,3.5,2013,8,1
579,4,2013-08-02,102,78,90, 4,65,73,0,25,0550,1925, ,0.0,0.00,29.25,29.90, 3.1,16,5.4,2013,8,2
580,4,2013-08-03,102,77,90, 4,67,74,0,25,0551,1924, ,0.0,0.00,29.29,29.94, 3.9,17,6.6,2013,8,3
581,4,2013-08-04,101,78,90, 4,70,75,0,25,0551,1923, ,0.0,0.00,29.31,29.97, 2.8,17,5.7,2013,8,4
582,4,2013-08-05,104,76,90, 4,67,74,0,25,0552,1923, ,0.0,0.00,29.26,29.93, 5.0,18,7.2,2013,8,5
583,4,2013-08-06,105,77,91, 5,68,75,0,26,0552,1922, ,0.0,0.00,29.21,29.87, 6.1,17,7.6,2013,8,6
584,4,2013-08-07,106,79,93, 7,67,75,0,28,0553,1921, ,0.0,0.00,29.18,29.84, 4.8,17,6.9,2013,8,7
585,4,2013-08-08,105,78,92, 6,65,73,0,27,0554,1920, ,0.0,0.00,29.17,29.82, 4.8,17,7.3,2013,8,8
586,4,2013-08-09,104,76,90, 4,63,72,0,25,0554,1919, ,0.0,0.00,29.23,29.88, 1.7,15,4.5,2013,8,9
587,4,2013-08-10,106,77,92, 6,68,74,0,27,0555,1918, ,0.0,0.00,29.31,29.96, 1.3,14,3.5,2013,8,10
588,4,2013-08-11,101,77,89, 3,69,75,0,24,0555,1917, ,0.0,0.00,29.34,29.99, 2.0,14,3.3,2013,8,11
589,4,2013-08-12,101,75,88, 2,68,74,0,23,0556,1917, ,0.0,0.00,29.31,29.99, 2.1,18,4.5,2013,8,12
590,4,2013-08-13,103,78,91, 5,66,74,0,26,0557,1916, ,0.0,0.00,29.27,29.94, 1.7,20,4.4,2013,8,13
591,4,2013-08-14,107,77,92, 6,68,74,0,27,0557,1915, ,0.0,0.00,29.26,29.92, 0.1,07,4.8,2013,8,14
592,4,2013-08-15,97,74,86, 0,70,74,0,21,0558,1914,TSRA BR,0.0,0.18,29.28,29.95, 0.6,02,3.5,2013,8,15
593,4,2013-08-16,97,73,85,-1,67,73,0,20,0558,1913,BR,0.0,0.00,29.29,29.95, 2.2,36,3.1,2013,8,16
594,4,2013-08-17,96,73,85,-1,61,69,0,20,0559,1912, ,0.0,0.00,29.30,29.97, 1.9,02,4.1,2013,8,17
595,4,2013-08-18,98,69,84,-2,56,67,0,19,0560,1911, ,0.0,0.00,29.31,29.98, 1.2,06,2.2,2013,8,18
596,4,2013-08-19,98,72,85,-1,60,69,0,20,0600,1910, ,0.0,0.00,29.29,29.96, 1.6,13,2.6,2013,8,19
597,4,2013-08-20,99,72,86, 0,64,71,0,21,0601,1909, ,0.0,0.00,29.30,29.96, 3.3,14,5.0,2013,8,20
598,4,2013-08-21,99,74,87, 1,68,73,0,22,0601,1908, ,0.0,0.00,29.34,30.00, 2.7,14,4.3,2013,8,21
599,4,2013-08-22,100,75,88, 2,68,74,0,23,0602,1906, ,0.0,0.00,29.32,29.99, 2.2,15,3.6,2013,8,22
600,4,2013-08-23,101,76,89, 3,67,74,0,24,0602,1905, ,0.0,0.00,29.28,29.94, 2.0,14,4.1,2013,8,23
601,4,2013-08-24,101,78,90, 5,67,74,0,25,0603,1904, ,0.0,0.00,29.31,29.96, 0.7,12,2.7,2013,8,24
602,4,2013-08-25,97,76,87, 2,67,74,0,22,0604,1903, ,0.0,0.00,29.36,30.02, 3.2,12,5.1,2013,8,25
603,4,2013-08-26,92,74,83,-2,69,73,0,18,0604,1902, ,0.0,  T,29.38,30.05, 4.1,11,6.9,2013,8,26
604,4,2013-08-27,88,74,81,-4,69,72,0,16,0605,1901,RA BR,0.0,0.09,29.38,30.05, 3.2,14,4.7,2013,8,27
605,4,2013-08-28,99,73,86, 1,68,73,0,21,0605,1860, ,0.0,0.00,29.36,30.03, 0.9,17,3.6,2013,8,28
606,4,2013-08-29,102,75,89, 4,65,73,0,24,0606,1859, ,0.0,0.00,29.32,29.99, 0.3,20,2.2,2013,8,29
607,4,2013-08-30,105,76,91, 7,63,72,0,26,0606,1857, ,0.0,0.00,29.24,29.92, 1.1,17,3.1,2013,8,30
608,4,2013-08-31,104,76,90, 6,65,73,0,25,0607,1856, ,0.0,0.00,29.18,29.85, 1.8,17,4.1,2013,8,31
609,4,2013-09-01,103,76,90, 6,66,74,0,25,0608,1855, ,0.0,0.00,29.18,29.84, 3.2,16,4.7,2013,9,1
610,4,2013-09-02,103,77,90, 6,67,74,0,25,0608,1854,TS,0.0,0.00,29.22,29.88, 1.1,17,3.6,2013,9,2
611,4,2013-09-03,104,75,90, 6,65,73,0,25,0609,1853, ,0.0,0.00,29.24,29.90, 0.9,18,2.7,2013,9,3
612,4,2013-09-04,102,77,90, 7,68,74,0,25,0609,1852,TS TSRA RA,0.0,0.10,29.29,29.96, 1.9,17,4.3,2013,9,4
613,4,2013-09-05,99,74,87, 4,67,73,0,22,0610,1850, ,0.0,0.00,29.36,30.02, 1.4,14,3.1,2013,9,5
614,4,2013-09-06,101,75,88, 5,67,74,0,23,0610,1849, ,0.0,0.00,29.32,29.99, 1.9,14,3.1,2013,9,6
615,4,2013-09-07,100,76,88, 5,69,74,0,23,0611,1848,TS,0.0,  T,29.29,29.96, 1.6,14,2.5,2013,9,7
616,4,2013-09-08,95,74,85, 3,70,74,0,20,0611,1847, ,0.0,0.08,29.25,29.92, 1.6,14,3.4,2013,9,8
617,4,2013-09-09,94,73,84, 2,69,73,0,19,0612,1845,TS TSRA RA,0.0,0.01,29.28,29.94, 2.4,14,4.3,2013,9,9
618,4,2013-09-10,96,73,85, 3,70,73,0,20,0613,1844,RA BR,0.0,0.04,29.34,30.00, 2.0,14,3.2,2013,9,10
619,4,2013-09-11,97,75,86, 5,68,73,0,21,0613,1843, ,0.0,0.00,29.35,30.02, 2.7,14,4.3,2013,9,11
620,4,2013-09-12,97,73,85, 4,67,73,0,20,0614,1842,RA,0.0,0.02,29.31,29.97, 0.6,13,1.7,2013,9,12
621,4,2013-09-13,99,74,87, 6,63,71,0,22,0614,1840, ,0.0,0.00,29.21,29.88, 2.4,14,3.4,2013,9,13
622,4,2013-09-14,97,73,85, 4,64,71,0,20,0615,1839,RA,0.0,0.30,29.21,29.87, 2.2,14,3.5,2013,9,14
623,4,2013-09-15,96,75,86, 6,68,73,0,21,0615,1838, ,0.0,0.00,29.28,29.94, 2.4,11,3.6,2013,9,15
624,4,2013-09-16,94,76,85, 5,72,75,0,20,0616,1837,RA,0.0,0.32,29.33,29.99, 2.3,12,3.5,2013,9,16
625,4,2013-09-17,92,74,83, 3,71,75,0,18,0616,1835,RA BR,0.0,0.03,29.31,29.98, 1.4,12,3.2,2013,9,17
626,4,2013-09-18,96,74,85, 6,69,74,0,20,0617,1834, ,0.0,0.00,29.26,29.93, 1.6,15,3.5,2013,9,18
627,4,2013-09-19,96,77,87, 8,72,75,0,22,0618,1833,RA,0.0,0.04,29.20,29.87, 2.9,13,4.6,2013,9,19
628,4,2013-09-20,81,71,76,-3,72,73,0,11,0618,1832,RA FG BR,0.0,2.92,29.13,29.81, 2.3,01,4.5,2013,9,20
629,4,2013-09-21,86,68,77,-1,57,65,0,12,0619,1830, ,0.0,0.01,29.18,29.86, 6.3,36,7.3,2013,9,21
630,4,2013-09-22,87,61,74,-4,50,60,0, 9,0619,1829, ,0.0,0.00,29.15,29.83, 2.6,02,4.0,2013,9,22
631,4,2013-09-23,91,58,75,-3,52,61,0,10,0620,1828, ,0.0,0.00,29.11,29.79, 0.2,06,1.4,2013,9,23
632,4,2013-09-24,98,66,82, 5,57,66,0,17,0620,1827, ,0.0,0.00,29.18,29.84, 1.9,34,3.4,2013,9,24
633,4,2013-09-25,97,69,83, 6,59,67,0,18,0621,1825, ,0.0,0.00,29.15,29.81, 1.3,18,3.2,2013,9,25
634,4,2013-09-26,93,69,81, 4,63,69,0,16,0621,1824, ,0.0,0.00,29.17,29.83, 3.3,16,5.0,2013,9,26
635,4,2013-09-27,92,77,85, 8,73,75,0,20,0622,1823,RA BR,0.0,0.05,29.19,29.85, 5.4,15,6.9,2013,9,27
636,4,2013-09-28,94,73,84, 8,73,76,0,19,0623,1822,TS RA BR,0.0,1.38,29.24,29.90, 3.0,16,6.0,2013,9,28
637,4,2013-09-29,78,66,72,-4,66,67,0, 7,0623,1820,RA BR,0.0,0.52,29.29,29.97, 2.5,35,3.8,2013,9,29
638,4,2013-09-30,90,63,77, 1,58,65,0,12,0624,1819, ,0.0,0.00,29.18,29.86, 0.6,30,1.9,2013,9,30
639,4,2013-10-01,91,66,79, 4,68,72,0,14,0624,1818,FG BR,0.0,0.00,29.20,29.86, 2.8,16,4.1,2013,10,1
640,4,2013-10-02,92,75,84, 9,70,74,0,19,0625,1817, ,0.0,  T,29.21,29.88, 4.6,15,6.1,2013,10,2
641,4,2013-10-03,93,76,85,10,70,74,0,20,0626,1816, ,0.0,0.00,29.20,29.86, 4.5,17,6.6,2013,10,3
642,4,2013-10-04,92,73,83, 8,70,73,0,18,0626,1814, ,0.0,0.00,29.19,29.86, 5.4,17,7.5,2013,10,4
643,4,2013-10-05,90,62,76, 2,61,67,0,11,0627,1813, ,0.0,0.00,29.28,29.94, 2.9,36,6.4,2013,10,5
644,4,2013-10-06,82,55,69,-5,44,56,0, 4,0627,1812,TS TSRA RA BR,0.0,0.43,29.41,30.08, 4.4,35,4.8,2013,10,6
645,4,2013-10-07,85,55,70,-4,45,56,0, 5,0628,1811, ,0.0,0.00,29.40,30.10, 1.2,30,2.3,2013,10,7
646,4,2013-10-08,85,53,69,-5,48,57,0, 4,0629,1810, ,0.0,0.00,29.34,30.03, 1.1,16,1.8,2013,10,8
647,4,2013-10-09,85,55,70,-3,55,61,0, 5,0629,1808, ,0.0,0.00,29.31,30.00, 3.0,15,3.7,2013,10,9
648,4,2013-10-10,86,63,75, 2,62,66,0,10,0630,1807, ,0.0,0.00,29.26,29.95, 3.9,16,4.9,2013,10,10
649,4,2013-10-11,88,72,80, 7,70,73,0,15,0630,1806,RA BR,0.0,0.03,29.20,29.87, 3.6,16,5.6,2013,10,11
650,4,2013-10-12,92,70,81, 9,71,74,0,16,0631,1805,RA BR,0.0,2.02,29.28,29.94, 2.3,15,5.5,2013,10,12
651,4,2013-10-13,76,67,72, 0,69,70,0, 7,0632,1804,TSRA RA BR,0.0,4.22,29.41,30.08, 2.5,09,4.4,2013,10,13
652,4,2013-10-14,78,72,75, 3,70,72,0,10,0632,1803,RA BR,0.0,0.42,29.31,29.99, 3.2,14,4.9,2013,10,14
653,4,2013-10-15,85,58,72, 0,67,69,0, 7,0633,1801,RA BR,0.0,0.01,29.26,29.94, 0.4,27,4.5,2013,10,15
654,4,2013-10-16,62,54,58,-13,55,57,7, 0,0634,1759,RA BR,0.0,0.84,29.36,30.04, 4.0,34,4.7,2013,10,16
655,4,2013-10-17,75,54,65,-6,48,55,0, 0,0634,1758, ,0.0,0.00,29.34,30.05, 1.2,02,2.8,2013,10,17
656,4,2013-10-18,72,55,64,-7,57,60,1, 0,0635,1757,RA,0.0,0.01,29.26,29.96, 1.3,11,2.9,2013,10,18
657,4,2013-10-19,68,48,58,-12,42,50,7, 0,0636,1756, ,0.0,  T,29.43,30.13, 5.1,35,5.9,2013,10,19
658,4,2013-10-20,75,44,60,-10,45,52,5, 0,0636,1755, ,0.0,0.00,29.29,30.01, 1.5,17,2.9,2013,10,20
659,4,2013-10-21,81,59,70, 0,59,62,0, 5,0637,1754,RA,0.0,0.53,29.28,29.97, 0.6,35,3.4,2013,10,21
660,4,2013-10-22,77,54,66,-4,44,53,0, 1,0638,1753, ,0.0,0.00,29.42,30.11, 2.5,35,4.8,2013,10,22
661,4,2013-10-23,82,54,68,-1,45,55,0, 3,0639,1752, ,0.0,0.00,29.42,30.12, 0.6,26,3.2,2013,10,23
662,4,2013-10-24,82,53,68,-1,47,56,0, 3,0639,1751, ,0.0,0.00,29.49,30.18, 0.7,19,2.3,2013,10,24
663,4,2013-10-25,79,54,67,-2,55,60,0, 2,0640,1750, ,0.0,0.00,29.55,30.24, 2.0,13,3.8,2013,10,25
664,4,2013-10-26,81,62,72, 4,60,64,0, 7,0641,1749,HZ,0.0,0.00,29.44,30.14, 4.5,15,5.8,2013,10,26
665,4,2013-10-27,75,64,70, 2,62,64,0, 5,0641,1748,TSRA BR,0.0,0.10,29.36,30.05, 0.7,07,2.1,2013,10,27
666,4,2013-10-28,82,66,74, 6,65,68,0, 9,0642,1747,FG+ BR,0.0,  T,29.34,30.02, 4.5,15,5.7,2013,10,28
667,4,2013-10-29,84,71,78,11,67,70,0,13,0643,1746, ,0.0,0.00,29.33,30.01, 5.3,16,7.7,2013,10,29
668,4,2013-10-30,84,72,78,11,72,73,0,13,0644,1746,TSRA RA FG BR,0.0,3.24,29.18,29.88, 3.0,19,5.0,2013,10,30
669,4,2013-10-31,82,54,68, 1,54,62,0, 3,0644,1745,TSRA RA BR,0.0,1.43,29.15,29.84, 2.0,29,4.6,2013,10,31
670,4,2013-11-01,84,51,68, 2,45,55,0, 3,0645,1744, ,0.0,0.00,29.24,29.91, 2.3,30,4.4,2013,11,1
671,4,2013-11-02,75,49,62,-4,38,51,3, 0,0646,1743, ,0.0,0.00,29.52,30.20, 5.0,36,5.6,2013,11,2
672,4,2013-11-03,69,46,58,-8,41,50,7, 0,0647,1742, ,0.0,0.00,29.41,30.13, 2.6,14,3.9,2013,11,3
673,4,2013-11-04,67,60,64,-1,58,60,1, 0,0648,1742,RA BR,0.0,0.04,29.31,30.02, 1.4,14,2.4,2013,11,4
674,4,2013-11-05,80,66,73, 8,66,68,0, 8,0648,1741,RA FG BR,0.0,0.01,29.28,29.97, 4.0,15,6.0,2013,11,5
675,4,2013-11-06,72,52,62,-3,53,57,3, 0,0649,1740,RA BR,0.0,0.33,29.49,30.16, 4.4,35,5.2,2013,11,6
676,4,2013-11-07,65,42,54,-10,38,47,11, 0,0650,1739, ,0.0,0.00,29.70,30.40, 3.6,01,5.0,2013,11,7
677,4,2013-11-08,66,50,58,-6,40,49,7, 0,0651,1739, ,0.0,0.00,29.56,30.29, 1.7,13,2.8,2013,11,8
678,4,2013-11-09,70,54,62,-2,51,56,3, 0,0652,1738,RA,0.0,  T,29.46,30.17, 2.2,13,3.7,2013,11,9
679,4,2013-11-10,71,60,66, 3,54,59,0, 1,0652,1737, ,0.0,0.00,29.55,30.24, 0.7,07,1.4,2013,11,10
680,4,2013-11-11,77,53,65, 2,52,57,0, 0,0653,1737, ,0.0,0.00,29.52,30.22, 0.8,06,1.2,2013,11,11
681,4,2013-11-12,61,44,53,-9,42,49,12, 0,0654,1736, ,0.0,0.00,29.80,30.47, 6.9,36,7.5,2013,11,12
682,4,2013-11-13,57,34,46,-16,25,37,19, 0,0655,1736, ,0.0,0.00,29.81,30.56, 1.6,01,3.9,2013,11,13
683,4,2013-11-14,63,33,48,-14,35,43,17, 0,0656,1735, ,0.0,0.00,29.46,30.23, 2.6,17,3.5,2013,11,14
684,4,2013-11-15,78,51,65, 4,53,58,0, 0,0657,1735,BR,0.0,0.00,29.24,29.97, 2.5,16,4.1,2013,11,15
685,4,2013-11-16,81,63,72,11,65,67,0, 7,0657,1734,BR,0.0,0.00,29.12,29.82, 5.5,18,6.9,2013,11,16
686,4,2013-11-17,90,67,79,19,64,69,0,14,0658,1734, ,0.0,0.00,29.17,29.83, 1.2,20,3.2,2013,11,17
687,4,2013-11-18,80,62,71,11,56,61,0, 6,0659,1733, ,0.0,0.00,29.36,30.03, 1.4,05,3.7,2013,11,18
688,4,2013-11-19,72,57,65, 5,44,54,0, 0,0660,1733, ,0.0,0.00,29.36,30.06, 2.9,11,4.5,2013,11,19
689,4,2013-11-20,71,59,65, 6,54,59,0, 0,0701,1733,RA BR,0.0,0.01,29.26,29.97, 3.1,13,4.6,2013,11,20
690,4,2013-11-21,81,67,74,15,68,70,0, 9,0702,1732,TS RA BR,0.0,0.10,29.29,29.97, 2.7,17,4.0,2013,11,21
691,4,2013-11-22,74,36,55,-4,39,41,10, 0,0702,1732,RA FG BR,0.0,1.83,29.64,30.31, 8.3,35,9.0,2013,11,22
692,4,2013-11-23,43,36,40,-18,37,39,25, 0,0703,1732,RA BR,0.0,0.03,29.72,30.44, 8.5,35,9.2,2013,11,23
693,4,2013-11-24,43,35,39,-19,31,36,26, 0,0704,1731,RA BR,0.0,0.13,29.68,30.44, 6.4,02,7.3,2013,11,24
694,4,2013-11-25,40,35,38,-19,34,37,27, 0,0705,1731,RA BR,0.0,0.95,29.47,30.23, 4.3,35,5.5,2013,11,25
695,4,2013-11-26,54,38,46,-11,31,39,19, 0,0706,1731, ,0.0,0.00,29.54,30.26, 8.9,33,9.3,2013,11,26
696,4,2013-11-27,52,33,43,-14,24,35,22, 0,0707,1731, ,0.0,0.00,29.70,30.42, 3.3,35,4.7,2013,11,27
697,4,2013-11-28,57,32,45,-11,27,36,20, 0,0707,1731, ,0.0,0.00,29.70,30.43, 0.2,08,1.1,2013,11,28
698,4,2013-11-29,63,34,49,-7,39,44,16, 0,0708,1730, ,0.0,0.00,29.70,30.44, 1.2,15,2.5,2013,11,29
699,4,2013-11-30,67,51,59, 3,48,53,6, 0,0709,1730, ,0.0,0.00,29.57,30.30, 1.8,19,2.7,2013,11,30
700,4,2013-12-01,73,53,63, 8,56,59,2, 0,0710,1730,BR,0.0,0.00,29.36,30.08, 2.6,20,3.0,2013,12,1
701,4,2013-12-02,83,55,69,14,51,58,0, 4,0711,1730, ,0.0,0.00,29.07,29.79, 1.5,25,2.4,2013,12,2
702,4,2013-12-03,85,49,67,12,46,56,0, 2,0711,1730, ,0.0,0.00,28.97,29.66, 1.0,25,2.1,2013,12,3
703,4,2013-12-04,75,56,66,11,58,61,0, 1,0712,1730,FG BR HZ,0.0,0.00,29.05,29.72, 1.4,17,2.6,2013,12,4
704,4,2013-12-05,68,34,51,-3,36,41,14, 0,0713,1730,RA FG+ FG BR,0.0,  T,29.34,30.00, 7.6,36,9.1,2013,12,5
705,4,2013-12-06,38,30,34,-20,28,32,31, 0,0714,1730,RA BR,0.0,0.07,29.59,30.28, 9.7,35,10.3,2013,12,6
706,4,2013-12-07,31,27,29,-25,21,26,36, 0,0714,1731,BR HZ,0.0,  T,29.65,30.41, 6.3,36,6.9,2013,12,7
707,4,2013-12-08,47,28,38,-16,30,34,27, 0,0715,1731,BR HZ,0.0,0.00,29.41,30.18, 0.6,07,1.5,2013,12,8
708,4,2013-12-09,40,35,38,-15,34,36,27, 0,0716,1731,FG+ BR,0.0,0.04,29.51,30.22, 4.8,36,5.9,2013,12,9
709,4,2013-12-10,48,29,39,-14,22,32,26, 0,0717,1731, ,0.0,0.00,29.70,30.44, 3.2,34,4.1,2013,12,10
710,4,2013-12-11,60,30,45,-8,27,38,20, 0,0717,1731, ,0.0,0.00,29.72,30.44, 1.8,01,2.3,2013,12,11
711,4,2013-12-12,54,32,M,M,29,39,M,M,0718,1732, ,0.0,0.00,29.75,M, 1.1,02,2.6,2013,12,12
712,4,2013-12-13,51,45,48,-5,41,44,17, 0,0719,1732,RA FG BR HZ,0.0,0.15,29.32,30.08, 1.4,16,1.7,2013,12,13
713,4,2013-12-14,51,40,46,-6,38,43,19, 0,0719,1732,BR,0.0,0.00,29.46,30.14, 5.3,32,6.6,2013,12,14
714,4,2013-12-15,62,34,48,-4,30,40,17, 0,0720,1732, ,0.0,0.00,29.62,30.33, 1.3,32,2.4,2013,12,15
715,4,2013-12-16,69,34,52, 0,31,42,13, 0,0721,1733, ,0.0,0.00,29.54,30.27, 0.9,18,2.1,2013,12,16
716,4,2013-12-17,74,36,55, 3,35,45,10, 0,0721,1733, ,0.0,0.00,29.57,30.28, 0.3,16,0.5,2013,12,17
717,4,2013-12-18,72,39,56, 4,44,50,9, 0,0722,1734, ,0.0,0.00,29.46,30.19, 3.3,16,4.4,2013,12,18
718,4,2013-12-19,78,55,67,15,56,60,0, 2,0722,1734, ,0.0,0.00,29.18,29.91, 6.4,18,7.5,2013,12,19
719,4,2013-12-20,74,67,71,19,63,66,0, 6,0723,1734, ,0.0,0.00,29.06,29.77, 6.2,16,6.9,2013,12,20
720,4,2013-12-21,74,45,60, 8,49,51,5, 0,0723,1735,TSRA RA BR,0.0,0.46,29.01,29.68, 2.0,32,3.5,2013,12,21
721,4,2013-12-22,56,39,48,-3,36,43,17, 0,0724,1735,BR,0.0,0.00,29.47,30.12, 5.2,35,5.9,2013,12,22
722,4,2013-12-23,58,32,45,-6,28,37,20, 0,0724,1736, ,0.0,0.00,29.77,30.46, 1.9,35,3.1,2013,12,23
723,4,2013-12-24,61,31,46,-5,28,38,19, 0,0725,1737, ,0.0,0.00,29.69,30.44, 3.1,15,4.2,2013,12,24
724,4,2013-12-25,58,41,50,-1,40,45,15, 0,0725,1737, ,0.0,  T,29.62,30.34, 0.9,05,2.4,2013,12,25
725,4,2013-12-26,57,39,48,-3,36,43,17, 0,0726,1738, ,0.0,0.00,29.67,30.39, 2.3,34,2.5,2013,12,26
726,4,2013-12-27,60,45,53, 2,39,45,12, 0,0726,1738, ,0.0,  T,29.65,30.39, 0.5,05,1.0,2013,12,27
727,4,2013-12-28,62,40,51, 0,39,45,14, 0,0726,1739, ,0.0,  T,29.42,30.17, 0.7,17,2.1,2013,12,28
728,4,2013-12-29,64,36,50,-1,41,45,15, 0,0727,1740,HZ,0.0,0.00,29.41,30.11, 3.5,34,4.8,2013,12,29
729,4,2013-12-30,M,M,M,M,26,34,M,M,0727,1740, ,M,M,M,30.33, 3.9,34,M,2013,12,30
730,4,2013-12-31,55,36,46,-5,28,M,19, 0,0727,1741, ,0.0,0.00,29.64,30.38, 0.1,19,1.3,2013,12,31
731,4,2014-01-01,69,39,54,M,41,47,11, 0,-,-, ,0.0,0.00,29.39,30.11, 2.9,20,3.7,2014,1,1
732,4,2014-01-02,55,33,44,M,24,36,21, 0,-,-, ,0.0,0.00,29.70,30.40, 6.8,35,7.5,2014,1,2
733,4,2014-01-03,58,28,43,M,23,36,22, 0,-,-, ,0.0,0.00,29.57,30.33, 3.4,17,4.2,2014,1,3
734,4,2014-01-04,71,42,57,M,46,51,8, 0,-,-, ,0.0,0.00,29.21,29.96, 5.3,18,6.5,2014,1,4
735,4,2014-01-05,59,34,47,M,27,38,18, 0,-,-, ,0.0,0.00,29.50,30.15, 7.6,34,9.7,2014,1,5
736,4,2014-01-06,36,22,29,M,9,24,36, 0,-,-, ,0.0,0.00,29.93,30.65, 6.0,36,6.8,2014,1,6
737,4,2014-01-07,48,22,35,M,11,28,30, 0,-,-, ,0.0,0.00,29.75,30.52, 4.0,17,4.6,2014,1,7
738,4,2014-01-08,53,40,47,M,43,45,18, 0,-,-,RA BR,0.0,0.16,29.47,30.22, 1.4,15,1.3,2014,1,8
739,4,2014-01-09,70,53,62,M,54,57,3, 0,-,-,FG+ FG BR HZ,0.0,0.00,29.38,30.10, 2.2,16,2.9,2014,1,9
740,4,2014-01-10,72,57,65,M,59,62,0, 0,-,-,RA BR,0.0,0.10,29.16,29.86, 4.3,20,5.7,2014,1,10
741,4,2014-01-11,75,48,62,M,38,50,3, 0,-,-, ,0.0,0.00,29.38,30.06, 2.4,34,3.2,2014,1,11
742,4,2014-01-12,67,46,57,M,47,52,8, 0,-,-,RA,0.0,0.01,29.28,30.00, 3.9,18,4.3,2014,1,12
743,4,2014-01-13,71,43,57,M,33,48,8, 0,-,-, ,0.0,0.00,29.36,30.03, 5.2,33,6.8,2014,1,13
744,4,2014-01-14,76,37,57,M,27,44,8, 0,-,-, ,0.0,0.00,29.45,30.12, 3.4,31,5.3,2014,1,14
745,4,2014-01-15,64,40,52,M,23,39,13, 0,-,-, ,0.0,0.00,29.59,30.32, 3.6,31,4.4,2014,1,15
746,4,2014-01-16,72,40,56,M,27,44,9, 0,-,-, ,0.0,0.00,29.41,30.13, 0.3,29,4.0,2014,1,16
747,4,2014-01-17,64,43,54,M,20,40,11, 0,-,-, ,0.0,0.00,29.58,30.28, 3.9,02,4.7,2014,1,17
748,4,2014-01-18,70,37,54,M,33,44,11, 0,-,-, ,0.0,0.00,29.47,30.19, 1.3,22,2.4,2014,1,18
749,4,2014-01-19,72,45,59,M,29,44,6, 0,-,-, ,0.0,0.00,29.50,30.22, 1.1,31,2.6,2014,1,19
750,4,2014-01-20,82,46,64,M,37,50,1, 0,-,-, ,0.0,0.00,29.31,30.00, 1.9,28,4.8,2014,1,20
751,4,2014-01-21,63,38,51,M,23,41,14, 0,-,-, ,0.0,0.00,29.60,30.30, 5.2,35,5.7,2014,1,21
752,4,2014-01-22,70,37,54,M,27,42,11, 0,-,-, ,0.0,0.00,29.38,30.11, 2.4,17,3.8,2014,1,22
753,4,2014-01-23,56,27,42,M,31,36,23, 0,-,-,RA FZRA SN UP,0.1,0.06,29.72,30.39, 9.1,01,9.2,2014,1,23
754,4,2014-01-24,40,26,33,M,17,28,32, 0,-,-,UP,0.1,0.05,29.82,30.59, 2.9,34,4.8,2014,1,24
755,4,2014-01-25,70,26,48,M,28,38,17, 0,-,-, ,0.0,0.00,29.41,30.20, 0.8,27,1.3,2014,1,25
756,4,2014-01-26,76,43,60,M,39,49,5, 0,-,-, ,0.0,0.00,29.12,29.85, 1.5,20,3.4,2014,1,26
757,4,2014-01-27,60,34,47,M,23,38,18, 0,-,-,RA,  T,0.02,29.42,30.09, 8.7,36,9.1,2014,1,27
758,4,2014-01-28,39,27,33,M,14,28,32, 0,-,-,RA FZRA UP,  T,0.05,29.68,30.38, 5.6,36,6.4,2014,1,28
759,4,2014-01-29,49,27,38,M,13,29,27, 0,-,-, ,0.0,0.00,29.65,30.40, 3.1,16,4.7,2014,1,29
760,4,2014-01-30,65,31,48,M,36,43,17, 0,-,-, ,0.0,0.00,29.30,30.06, 5.7,18,6.9,2014,1,30
761,4,2014-01-31,80,55,68,M,53,58,0, 3,-,-, ,0.0,0.00,29.18,29.88, 7.2,18,8.9,2014,1,31
762,4,2014-02-01,76,55,66,13,58,63,0, 1,0722,1807,RA,0.0,  T,29.13,29.80, 3.1,15,6.4,2014,2,1
763,4,2014-02-02,55,35,45,-8,34,39,20, 0,0721,1808,RA HZ,0.0,0.02,29.40,30.08,10.7,35,11.0,2014,2,2
764,4,2014-02-03,46,34,40,-13,33,37,25, 0,0721,1808,BR HZ,0.0,0.00,29.40,30.15, 2.8,01,5.8,2014,2,3
765,4,2014-02-04,64,42,53, 0,41,45,12, 0,0720,1809,RA BR,0.0,0.15,29.27,29.97, 1.2,32,2.3,2014,2,4
766,4,2014-02-05,48,31,40,-13,25,34,25, 0,0719,1810, ,0.0,0.00,29.67,30.36, 9.0,01,9.9,2014,2,5
767,4,2014-02-06,32,26,29,-24,16,26,36, 0,0719,1811, ,0.0,0.00,29.72,30.46, 6.6,36,7.8,2014,2,6
768,4,2014-02-07,38,29,34,-20,23,30,31, 0,0718,1812,HZ,0.0,0.00,29.57,30.33, 1.9,03,3.2,2014,2,7
769,4,2014-02-08,65,37,51,-3,36,42,14, 0,0717,1813,HZ,0.0,0.00,29.41,30.16, 3.9,16,5.1,2014,2,8
770,4,2014-02-09,76,41,59, 5,46,50,6, 0,0716,1814,FG+ FG BR,0.0,0.00,29.32,30.04, 2.8,17,4.3,2014,2,9
771,4,2014-02-10,60,35,48,-6,35,39,17, 0,0716,1814,RA BR HZ,0.0,  T,29.45,30.15, 8.1,36,9.1,2014,2,10
772,4,2014-02-11,36,33,35,-19,30,33,30, 0,0715,1815,RA BR HZ,0.0,0.10,29.52,30.24, 8.5,36,8.8,2014,2,11
773,4,2014-02-12,57,33,45,-9,30,37,20, 0,0714,1816, ,0.0,0.00,29.43,30.18, 3.7,33,5.2,2014,2,12
774,4,2014-02-13,69,32,51,-4,33,43,14, 0,0713,1817, ,0.0,0.00,29.28,30.02, 2.2,18,3.7,2014,2,13
775,4,2014-02-14,86,47,67,12,36,50,0, 2,0712,1818, ,0.0,0.00,29.24,29.93, 2.6,36,5.6,2014,2,14
776,4,2014-02-15,76,42,59, 4,35,48,6, 0,0711,1818, ,0.0,0.00,29.38,30.08, 2.9,16,5.0,2014,2,15
777,4,2014-02-16,76,59,68,13,56,60,0, 3,0710,1819,BR HZ,0.0,0.00,29.29,30.00, 4.6,17,5.1,2014,2,16
778,4,2014-02-17,81,58,70,15,47,58,0, 5,0710,1820,BR HZ,0.0,0.00,29.36,30.03, 1.7,03,5.4,2014,2,17
779,4,2014-02-18,82,55,69,13,53,60,0, 4,0709,1821, ,0.0,0.00,29.28,29.98, 2.3,18,3.9,2014,2,18
780,4,2014-02-19,82,63,73,17,59,63,0, 8,0708,1822,BR,0.0,0.00,29.13,29.84, 5.6,17,7.3,2014,2,19
781,4,2014-02-20,83,57,70,14,47,58,0, 5,0707,1822, ,0.0,0.00,29.21,29.86, 2.6,36,7.9,2014,2,20
782,4,2014-02-21,72,41,57, 1,28,45,8, 0,0706,1823, ,0.0,0.00,29.39,30.09, 1.7,15,4.9,2014,2,21
783,4,2014-02-22,77,48,63, 7,45,53,2, 0,0705,1824, ,0.0,0.00,29.25,29.96, 4.4,17,5.6,2014,2,22
784,4,2014-02-23,86,62,74,17,53,61,0, 9,0704,1825, ,0.0,0.00,29.27,29.94, 2.0,02,4.2,2014,2,23
785,4,2014-02-24,76,55,66, 9,52,57,0, 1,0703,1825,BR HZ,0.0,0.00,29.34,30.03, 1.4,06,3.8,2014,2,24
786,4,2014-02-25,71,52,62, 5,57,59,3, 0,0702,1826,BR HZ,0.0,  T,29.30,29.99, 1.9,05,5.3,2014,2,25
787,4,2014-02-26,52,36,44,-13,31,38,21, 0,0701,1827,RA BR HZ,0.0,0.11,29.47,30.19, 7.8,36,8.3,2014,2,26
788,4,2014-02-27,59,31,45,-13,28,38,20, 0,0660,1828, ,0.0,0.00,29.34,30.09, 1.7,16,3.1,2014,2,27
789,4,2014-02-28,80,44,62, 4,45,52,3, 0,0658,1828, ,0.0,0.00,29.14,29.86, 5.1,19,5.7,2014,2,28
790,4,2014-03-01,82,53,68,10,58,61,0, 3,0657,1829,FG+ FG BR,0.0,0.00,29.24,29.93, 4.9,16,5.2,2014,3,1
791,4,2014-03-02,73,28,51,-7,42,45,14, 0,0656,1830,RA BR HZ,0.0,0.08,29.40,30.05, 4.9,35,9.7,2014,3,2
792,4,2014-03-03,47,24,36,-23,21,30,29, 0,0655,1830,TS TSRA FZRA,  T,0.08,29.60,30.35, 8.6,36,9.8,2014,3,3
793,4,2014-03-04,50,30,40,-19,31,35,25, 0,0654,1831,FZRA BR,  T,0.17,29.41,30.17, 1.5,05,4.3,2014,3,4
794,4,2014-03-05,53,38,46,-13,39,42,19, 0,0653,1832,BR HZ,0.0,0.00,29.36,30.07, 1.4,13,2.7,2014,3,5
795,4,2014-03-06,65,43,54,-5,38,45,11, 0,0652,1832,BR HZ,0.0,0.00,29.44,30.16, 2.7,34,4.1,2014,3,6
796,4,2014-03-07,67,39,53,-7,42,48,12, 0,0651,1833,BR HZ,0.0,0.00,29.26,29.99, 5.4,16,6.0,2014,3,7
797,4,2014-03-08,59,44,52,-8,49,50,13, 0,0649,1834,TS TSRA RA BR,0.0,0.74,29.39,30.07, 2.2,35,4.4,2014,3,8
798,4,2014-03-09,58,39,49,-11,39,44,16, 0,0648,1835,RA BR,0.0,0.11,29.55,30.27, 2.7,35,4.6,2014,3,9
799,4,2014-03-10,71,50,61, 1,51,55,4, 0,0647,1835,RA BR,0.0,0.01,29.33,30.07, 1.8,20,2.5,2014,3,10
800,4,2014-03-11,83,56,70, 9,53,59,0, 5,0646,1836,BR,0.0,0.00,29.02,29.73, 3.1,19,5.0,2014,3,11
801,4,2014-03-12,70,49,60,-1,28,44,5, 0,0645,1837, ,0.0,0.00,29.49,30.15,10.9,35,11.2,2014,3,12
802,4,2014-03-13,68,37,53,-8,28,44,12, 0,0644,1837, ,0.0,0.00,29.51,30.22, 2.2,16,4.5,2014,3,13
803,4,2014-03-14,75,49,62, 1,51,56,3, 0,0642,1838, ,0.0,0.00,29.34,30.03, 4.1,17,5.4,2014,3,14
804,4,2014-03-15,74,62,68, 6,61,62,0, 3,0641,1838,RA FG+ FG BR,0.0,0.07,29.10,29.82, 2.2,15,3.6,2014,3,15
805,4,2014-03-16,64,48,56,-6,42,50,9, 0,0640,1839, ,0.0,0.00,29.25,29.94,10.1,34,10.5,2014,3,16
806,4,2014-03-17,68,41,55,-7,27,43,10, 0,0639,1840, ,0.0,0.00,29.19,29.91, 1.5,33,5.8,2014,3,17
807,4,2014-03-18,83,47,65, 3,43,53,0, 0,0638,1840, ,0.0,0.00,29.07,29.76, 7.6,18,8.4,2014,3,18
808,4,2014-03-19,72,51,62,-1,34,48,3, 0,0636,1841,HZ,0.0,0.00,29.44,30.09, 4.2,02,6.4,2014,3,19
809,4,2014-03-20,76,42,59,-4,37,49,6, 0,0635,1842, ,0.0,0.00,29.41,30.12, 1.2,15,2.2,2014,3,20
810,4,2014-03-21,80,54,67, 4,53,58,0, 2,0634,1842,FG BR,0.0,0.00,29.22,29.93, 4.8,17,6.6,2014,3,21
811,4,2014-03-22,77,61,69, 6,61,64,0, 4,0633,1843,BR,0.0,0.00,29.27,29.95, 0.9,18,3.5,2014,3,22
812,4,2014-03-23,61,47,54,-10,42,48,11, 0,0632,1844, ,0.0,0.00,29.51,30.19, 8.5,01,9.3,2014,3,23
813,4,2014-03-24,66,50,58,-6,43,50,7, 0,0630,1844, ,0.0,0.00,29.41,30.12, 1.0,10,2.7,2014,3,24
814,4,2014-03-25,69,44,57,-7,37,48,8, 0,0629,1845, ,0.0,0.00,29.54,30.24, 2.9,05,5.2,2014,3,25
815,4,2014-03-26,66,54,60,-4,48,53,5, 0,0628,1845,RA HZ,0.0,  T,29.34,30.06, 9.2,16,10.0,2014,3,26
816,4,2014-03-27,82,61,72, 7,62,65,0, 7,0627,1846,BR,0.0,0.01,29.10,29.82, 6.1,17,7.5,2014,3,27
817,4,2014-03-28,89,63,76,11,59,65,0,11,0625,1847,TS BR,0.0,0.00,29.16,29.81, 0.6,06,5.0,2014,3,28
818,4,2014-03-29,77,51,64,-1,40,52,1, 0,0624,1847, ,0.0,0.00,29.50,30.17, 2.8,36,4.9,2014,3,29
819,4,2014-03-30,79,45,62,-3,44,53,3, 0,0623,1848, ,0.0,0.00,29.39,30.11, 7.2,16,7.6,2014,3,30
820,4,2014-03-31,85,60,73, 8,57,62,0, 8,0622,1849, ,0.0,0.00,29.23,29.92, 8.3,17,9.2,2014,3,31
821,4,2014-04-01,86,66,76,10,64,68,0,11,0621,1849,BR,0.0,0.00,29.21,29.89, 8.0,16,8.1,2014,4,1
822,4,2014-04-02,82,70,76,10,66,69,0,11,0619,1850,RA BR,0.0,  T,29.08,29.77, 7.9,17,9.2,2014,4,2
823,4,2014-04-03,82,71,77,11,67,70,0,12,0618,1850,BR HZ,0.0,  T,29.07,29.74, 6.2,17,6.8,2014,4,3
824,4,2014-04-04,74,54,64,-2,33,49,1, 0,0617,1851,RA,0.0,  T,29.37,30.04, 6.7,01,8.1,2014,4,4
825,4,2014-04-05,65,54,60,-7,38,49,5, 0,0616,1852, ,0.0,  T,29.26,29.98, 0.8,07,4.2,2014,4,5
826,4,2014-04-06,61,52,57,-10,48,51,8, 0,0615,1852,TSRA RA BR,0.0,0.20,29.10,29.81, 3.3,35,5.3,2014,4,6
827,4,2014-04-07,72,52,62,-5,49,53,3, 0,0613,1853,TSRA BR,0.0,0.27,29.23,29.92, 1.7,32,2.6,2014,4,7
828,4,2014-04-08,77,50,64,-3,38,50,1, 0,0612,1853, ,0.0,0.00,29.45,30.13, 6.8,33,7.5,2014,4,8
829,4,2014-04-09,84,45,65,-3,43,54,0, 0,0611,1854, ,0.0,0.00,29.46,30.16, 4.8,18,5.5,2014,4,9
830,4,2014-04-10,87,57,72, 4,53,60,0, 7,0610,1855, ,0.0,0.00,29.31,30.00, 7.8,18,9.6,2014,4,10
831,4,2014-04-11,85,61,73, 5,58,63,0, 8,0609,1855, ,0.0,0.00,29.27,29.97, 7.0,17,8.1,2014,4,11
832,4,2014-04-12,85,65,75, 7,61,66,0,10,0608,1856, ,0.0,0.00,29.19,29.89, 8.7,17,9.9,2014,4,12
833,4,2014-04-13,78,68,73, 4,66,68,0, 8,0607,1857,BR,0.0,  T,29.05,29.74, 5.2,16,6.8,2014,4,13
834,4,2014-04-14,73,43,58,-11,44,51,7, 0,0605,1857,TS TSRA BR HZ,  T,1.34,29.35,29.99, 8.3,35,9.7,2014,4,14
835,4,2014-04-15,65,39,52,-17,27,42,13, 0,0604,1858, ,0.0,0.00,29.53,30.24, 1.0,06,3.8,2014,4,15
836,4,2014-04-16,73,40,57,-12,40,49,8, 0,0603,1859, ,0.0,0.00,29.34,30.06, 5.9,16,6.5,2014,4,16
837,4,2014-04-17,67,56,62,-8,55,58,3, 0,0602,1859,RA BR,0.0,0.06,29.39,30.08, 3.0,12,3.6,2014,4,17
838,4,2014-04-18,78,59,69,-1,55,60,0, 4,0601,1860,RA BR HZ,0.0,0.01,29.46,30.14, 0.7,06,2.3,2014,4,18
839,4,2014-04-19,78,54,66,-4,54,60,0, 1,0560,1900,BR,0.0,0.00,29.41,30.11, 3.3,14,4.5,2014,4,19
840,4,2014-04-20,75,61,68,-2,59,62,0, 3,0559,1901,BR,0.0,0.00,29.38,30.08, 4.3,15,6.4,2014,4,20
841,4,2014-04-21,84,64,74, 3,63,66,0, 9,0558,1902,RA BR,0.0,0.01,29.30,29.99, 2.9,19,5.1,2014,4,21
842,4,2014-04-22,87,63,75, 4,58,64,0,10,0557,1902, ,0.0,0.00,29.28,29.96, 1.8,02,3.4,2014,4,22
843,4,2014-04-23,87,59,73, 2,61,66,0, 8,0556,1903, ,0.0,0.00,29.15,29.84, 6.6,15,7.0,2014,4,23
844,4,2014-04-24,88,67,78, 7,60,66,0,13,0555,1904, ,0.0,0.00,29.16,29.83, 1.4,16,4.9,2014,4,24
845,4,2014-04-25,88,63,76, 4,56,64,0,11,0554,1904, ,0.0,0.00,29.23,29.91, 2.6,11,5.9,2014,4,25
846,4,2014-04-26,86,68,77, 5,65,68,0,12,0553,1905,BR HZ,0.0,  T,29.05,29.75, 5.9,16,7.9,2014,4,26
847,4,2014-04-27,96,73,85,13,65,71,0,20,0552,1906,BR HZ,0.0,0.00,28.87,29.54, 4.6,16,6.2,2014,4,27
848,4,2014-04-28,93,66,80, 8,36,58,0,15,0551,1906, ,0.0,0.00,28.95,29.62, 2.6,31,3.8,2014,4,28
849,4,2014-04-29,84,60,72,-1,34,54,0, 7,0550,1907, ,0.0,0.00,29.14,29.78, 6.2,35,7.2,2014,4,29
850,4,2014-04-30,75,57,66,-7,34,50,0, 1,0549,1908, ,0.0,0.00,29.41,30.08, 5.0,36,6.2,2014,4,30
851,4,2014-05-01,77,52,65,-8,33,50,0, 0,0548,1908, ,0.0,0.00,29.40,30.11, 0.4,02,2.7,2014,5,1
852,4,2014-05-02,83,56,70,-3,35,52,0, 5,0547,1909, ,0.0,0.00,29.31,30.02, 1.1,28,2.5,2014,5,2
853,4,2014-05-03,94,58,76, 2,36,55,0,11,0546,1909, ,0.0,0.00,29.33,30.00, 1.7,19,3.7,2014,5,3
854,4,2014-05-04,91,61,76, 2,37,56,0,11,0545,1910, ,0.0,0.00,29.34,30.02, 6.3,18,7.0,2014,5,4
855,4,2014-05-05,92,60,76, 2,56,64,0,11,0545,1911, ,0.0,0.00,29.21,29.90, 6.7,17,8.0,2014,5,5
856,4,2014-05-06,87,65,76, 2,61,66,0,11,0544,1911, ,0.0,0.00,29.11,29.80, 7.4,16,9.1,2014,5,6
857,4,2014-05-07,88,70,79, 4,64,68,0,14,0543,1912, ,0.0,0.00,29.12,29.80, 8.7,16,9.3,2014,5,7
858,4,2014-05-08,84,73,79, 4,70,72,0,14,0542,1913,RA BR HZ,0.0,0.06,29.12,29.79, 7.6,16,8.2,2014,5,8
859,4,2014-05-09,86,66,76, 1,65,69,0,11,0542,1913,RA BR HZ,0.0,  T,29.18,29.86, 2.5,19,5.1,2014,5,9
860,4,2014-05-10,91,60,76, 1,63,68,0,11,0541,1914,BR,0.0,0.00,29.15,29.83, 4.7,15,5.7,2014,5,10
861,4,2014-05-11,93,72,83, 7,67,71,0,18,0540,1915,HZ,0.0,0.00,29.08,29.75, 9.3,16,10.0,2014,5,11
862,4,2014-05-12,82,62,72,-4,70,72,0, 7,0539,1915,TSRA RA BR HZ,0.0,2.45,29.15,29.81, 4.1,16,6.8,2014,5,12
863,4,2014-05-13,67,55,61,-15,53,56,4, 0,0539,1916,TS TSRA RA BR,0.0,0.94,29.44,30.10, 7.2,35,8.0,2014,5,13
864,4,2014-05-14,76,51,64,-12,43,53,1, 0,0538,1917,RA BR,0.0,0.14,29.54,30.22, 6.9,35,7.2,2014,5,14
865,4,2014-05-15,84,46,65,-11,41,53,0, 0,0537,1917, ,0.0,0.00,29.49,30.21, 1.0,19,3.2,2014,5,15
866,4,2014-05-16,86,61,74,-3,43,57,0, 9,0537,1918, ,0.0,0.00,29.35,30.06, 4.5,20,6.9,2014,5,16
867,4,2014-05-17,86,60,73,-4,54,62,0, 8,0536,1919, ,0.0,0.00,29.29,29.97, 8.5,18,8.9,2014,5,17
868,4,2014-05-18,85,62,74,-3,59,64,0, 9,0536,1919, ,0.0,0.00,29.34,30.02, 6.1,16,7.6,2014,5,18
869,4,2014-05-19,86,66,76,-1,61,66,0,11,0535,1920, ,0.0,0.00,29.31,29.99, 8.4,17,9.6,2014,5,19
870,4,2014-05-20,89,67,78, 0,62,67,0,13,0535,1921, ,0.0,0.00,29.33,30.00, 7.5,17,8.6,2014,5,20
871,4,2014-05-21,89,70,80, 2,63,69,0,15,0534,1921, ,0.0,0.00,29.34,30.01, 7.2,16,8.2,2014,5,21
872,4,2014-05-22,87,70,79, 1,65,69,0,14,0534,1922, ,0.0,  T,29.36,30.03, 4.7,15,7.2,2014,5,22
873,4,2014-05-23,84,71,78, 0,67,70,0,13,0533,1922,RA BR,0.0,0.19,29.34,30.02, 3.6,15,5.9,2014,5,23
874,4,2014-05-24,86,70,78,-1,68,71,0,13,0533,1923, ,0.0,  T,29.28,29.97, 4.5,15,6.9,2014,5,24
875,4,2014-05-25,87,72,80, 1,66,70,0,15,0532,1924,TS RA,0.0,  T,29.29,29.97, 5.5,14,6.2,2014,5,25
876,4,2014-05-26,75,64,70,-9,65,67,0, 5,0532,1924,TS TSRA RA BR,0.0,1.56,29.28,29.98, 2.7,14,4.9,2014,5,26
877,4,2014-05-27,73,63,68,-11,65,66,0, 3,0531,1925,TSRA RA FG BR,0.0,1.75,29.21,29.92, 1.8,10,3.4,2014,5,27
878,4,2014-05-28,84,68,76,-3,65,68,0,11,0531,1925,BR,0.0,0.00,29.19,29.87, 3.0,35,3.9,2014,5,28
879,4,2014-05-29,89,66,78,-2,64,69,0,13,0531,1926, ,0.0,0.00,29.17,29.84, 1.3,32,2.4,2014,5,29
880,4,2014-05-30,94,68,81, 1,65,70,0,16,0530,1927, ,0.0,0.00,29.15,29.82, 1.6,33,2.7,2014,5,30
881,4,2014-05-31,93,70,82, 2,67,72,0,17,0530,1927, ,0.0,0.00,29.18,29.85, 0.7,01,2.7,2014,5,31
882,4,2014-06-01,88,71,80, 0,68,72,0,15,0530,1928,BR HZ,0.0,0.00,29.21,29.87, 2.8,14,4.3,2014,6,1
883,4,2014-06-02,91,74,83, 3,69,73,0,18,0530,1928, ,0.0,0.00,29.24,29.90, 3.2,15,6.5,2014,6,2
884,4,2014-06-03,90,75,83, 3,70,73,0,18,0530,1929, ,0.0,  T,29.26,29.93, 3.2,13,5.6,2014,6,3
885,4,2014-06-04,91,74,83, 2,70,73,0,18,0529,1929, ,0.0,0.00,29.18,29.85, 4.4,17,6.7,2014,6,4
886,4,2014-06-05,91,74,83, 2,70,74,0,18,0529,1930, ,0.0,0.00,29.15,29.81, 4.1,18,7.1,2014,6,5
887,4,2014-06-06,92,73,83, 2,70,73,0,18,0529,1930, ,0.0,0.00,29.21,29.87, 5.3,17,7.3,2014,6,6
888,4,2014-06-07,92,74,83, 2,70,74,0,18,0529,1931, ,0.0,0.00,29.21,29.88, 6.3,16,7.4,2014,6,7
889,4,2014-06-08,90,76,83, 2,70,74,0,18,0529,1931,RA,0.0,  T,29.16,29.85, 5.0,17,6.5,2014,6,8
890,4,2014-06-09,86,68,77,-4,71,73,0,12,0529,1932,TSRA RA BR,0.0,0.55,29.12,29.79, 1.6,16,3.8,2014,6,9
891,4,2014-06-10,92,64,78,-4,61,67,0,13,0529,1932, ,0.0,0.00,29.18,29.85, 1.9,30,3.2,2014,6,10
892,4,2014-06-11,94,66,80,-2,67,72,0,15,0529,1932, ,0.0,0.00,29.18,29.83, 3.9,16,4.7,2014,6,11
893,4,2014-06-12,92,68,M,M,72,75,M,M,0529,1933,TSRA,0.0,1.49,29.13,29.79, 5.1,16,7.7,2014,6,12
894,4,2014-06-13,89,68,M,M,M,M,M,M,0529,1933, ,0.0,0.00,29.26,M,M,M,3.5,2014,6,13
895,4,2014-06-14,87,73,M,M,M,M,M,M,0529,1934, ,0.0,0.00,29.21,M, 3.7,17,6.1,2014,6,14
896,4,2014-06-15,91,74,M,M,M,M,M,M,0529,1934, ,0.0,0.00,29.21,M, 7.6,16,8.8,2014,6,15
897,4,2014-06-16,92,75,M,M,M,M,M,M,0529,1934,RA,M,  T,29.29,M, 6.9,17,8.1,2014,6,16
898,4,2014-06-17,92,75,84, 1,M,M,0,19,0529,1935, ,0.0,0.00,29.28,M, 8.6,16,9.1,2014,6,17
899,4,2014-06-18,92,77,85, 2,71,75,0,20,0529,1935,RA BR,0.0,0.02,29.27,29.93, 7.5,16,8.5,2014,6,18
900,4,2014-06-19,91,76,84, 1,70,74,0,19,0529,1935, ,0.0,0.01,29.32,29.98, 3.4,15,6.4,2014,6,19
901,4,2014-06-20,91,75,83, 0,71,74,0,18,0530,1935, ,0.0,0.00,29.34,30.01, 3.6,13,5.1,2014,6,20
902,4,2014-06-21,92,75,84, 1,71,74,0,19,0530,1936, ,0.0,  T,29.27,29.95, 3.0,14,5.5,2014,6,21
903,4,2014-06-22,90,76,83, 0,71,75,0,18,0530,1936, ,0.0,  T,29.20,29.88, 5.8,17,7.5,2014,6,22
904,4,2014-06-23,88,68,78,-5,72,74,0,13,0530,1936,TSRA BR,0.0,0.27,29.24,29.90, 1.2,14,4.2,2014,6,23
905,4,2014-06-24,93,74,84, 1,72,75,0,19,0531,1936,RA VCTS,0.0,0.24,29.32,29.98, 2.8,16,4.4,2014,6,24
906,4,2014-06-25,89,71,80,-3,72,74,0,15,0531,1936,TS TSRA RA BR,0.0,0.49,29.30,29.98, 3.2,15,5.4,2014,6,25
907,4,2014-06-26,88,71,80,-4,71,73,0,15,0531,1937,RA BR,0.0,0.01,29.25,29.93, 5.3,15,6.7,2014,6,26
908,4,2014-06-27,91,75,83,-1,72,75,0,18,0531,1937, ,0.0,  T,29.17,29.85, 6.5,16,8.3,2014,6,27
909,4,2014-06-28,93,78,86, 2,73,76,0,21,0532,1937, ,0.0,  T,29.21,29.87, 8.6,17,9.4,2014,6,28
910,4,2014-06-29,95,77,86, 2,73,76,0,21,0532,1937, ,0.0,0.00,29.29,29.95, 7.8,17,9.0,2014,6,29
911,4,2014-06-30,96,77,87, 3,71,75,0,22,0532,1937, ,0.0,0.00,29.25,29.92, 7.0,17,8.1,2014,6,30
912,4,2014-07-01,96,75,86, 2,70,74,0,21,0533,1937, ,0.0,0.00,29.26,29.91, 4.6,17,6.3,2014,7,1
913,4,2014-07-02,97,73,85, 1,69,74,0,20,0533,1937,BR,0.0,0.00,29.34,29.99, 2.4,15,4.0,2014,7,2
914,4,2014-07-03,96,72,84, 0,69,73,0,19,0534,1937,TSRA,0.0,0.07,29.42,30.07, 0.5,12,2.9,2014,7,3
915,4,2014-07-04,93,71,82,-2,68,72,0,17,0534,1937,TS,0.0,0.00,29.46,30.13, 1.8,13,3.6,2014,7,4
916,4,2014-07-05,94,69,82,-2,69,72,0,17,0534,1937,BR,0.0,0.00,29.44,30.11, 1.8,15,4.1,2014,7,5
917,4,2014-07-06,95,72,84, 0,69,73,0,19,0535,1937,BR,0.0,0.00,29.32,30.00, 2.5,16,4.8,2014,7,6
918,4,2014-07-07,96,73,85, 1,67,73,0,20,0535,1937, ,0.0,0.00,29.29,29.97, 3.4,18,5.3,2014,7,7
919,4,2014-07-08,98,74,86, 2,68,73,0,21,0536,1936, ,0.0,0.00,29.32,29.98, 5.0,18,6.5,2014,7,8
920,4,2014-07-09,98,72,85, 0,66,72,0,20,0536,1936, ,0.0,0.00,29.33,29.99, 2.8,18,5.9,2014,7,9
921,4,2014-07-10,96,72,84,-1,67,72,0,19,0537,1936, ,0.0,0.00,29.34,30.00, 2.9,18,4.6,2014,7,10
922,4,2014-07-11,95,71,83,-2,66,71,0,18,0537,1936, ,0.0,0.00,29.40,30.07, 3.5,16,5.1,2014,7,11
923,4,2014-07-12,98,71,85, 0,65,72,0,20,0538,1936, ,0.0,0.00,29.41,30.08, 1.9,15,3.8,2014,7,12
924,4,2014-07-13,100,74,87, 2,67,74,0,22,0538,1935, ,0.0,0.00,29.35,30.02, 2.0,16,4.3,2014,7,13
925,4,2014-07-14,101,75,88, 3,66,73,0,23,0539,1935, ,0.0,0.00,29.29,29.96, 1.8,17,3.7,2014,7,14
926,4,2014-07-15,92,73,83,-2,71,74,0,18,0539,1935,TSRA RA,0.0,0.06,29.29,29.96, 1.2,28,3.3,2014,7,15
927,4,2014-07-16,95,73,84,-1,71,74,0,19,0540,1934,RA BR,0.0,0.31,29.24,29.92, 2.7,15,4.4,2014,7,16
928,4,2014-07-17,89,74,82,-3,73,76,0,17,0540,1934,TS TSRA RA FG BR VCTS,0.0,3.53,29.17,29.84, 2.4,17,4.7,2014,7,17
929,4,2014-07-18,78,72,75,-10,70,71,0,10,0541,1934,TSRA BR,0.0,1.52,29.26,29.93, 1.4,02,3.4,2014,7,18
930,4,2014-07-19,86,70,78,-7,69,72,0,13,0542,1933,HZ,0.0,0.00,29.29,29.97, 1.2,09,2.4,2014,7,19
931,4,2014-07-20,94,74,84,-1,73,76,0,19,0542,1933, ,0.0,0.00,29.27,29.94, 2.6,12,4.1,2014,7,20
932,4,2014-07-21,96,77,87, 2,73,76,0,22,0543,1932,BR,0.0,0.00,29.29,29.96, 2.0,14,5.7,2014,7,21
933,4,2014-07-22,96,76,86, 1,71,76,0,21,0543,1932, ,0.0,0.00,29.33,29.99, 1.2,12,2.1,2014,7,22
934,4,2014-07-23,97,75,86, 0,71,75,0,21,0544,1931,BR,0.0,0.00,29.34,30.00, 0.8,01,2.5,2014,7,23
935,4,2014-07-24,94,74,84,-2,71,75,0,19,0545,1931,RA BR,0.0,0.09,29.31,29.97, 1.4,08,2.6,2014,7,24
936,4,2014-07-25,96,75,86, 0,70,75,0,21,0545,1930, ,0.0,0.00,29.29,29.96, 2.3,14,4.7,2014,7,25
937,4,2014-07-26,98,76,87, 1,71,75,0,22,0546,1930, ,0.0,0.00,29.29,29.95, 4.6,17,6.4,2014,7,26
938,4,2014-07-27,98,75,87, 1,70,75,0,22,0546,1929, ,0.0,0.00,29.33,29.99, 3.4,19,6.2,2014,7,27
939,4,2014-07-28,99,74,87, 1,69,74,0,22,0547,1928, ,0.0,0.00,29.38,30.04, 0.8,19,3.1,2014,7,28
940,4,2014-07-29,97,76,87, 1,70,75,0,22,0548,1928, ,0.0,0.00,29.36,30.03, 1.9,09,4.0,2014,7,29
941,4,2014-07-30,96,76,86, 0,67,73,0,21,0548,1927, ,0.0,0.00,29.28,29.95, 3.9,16,6.3,2014,7,30
942,4,2014-07-31,97,77,87, 1,70,M,0,22,0549,1926, ,0.0,0.00,29.26,29.93, 1.1,01,4.1,2014,7,31
943,4,2014-08-01,91,73,82,-4,65,71,0,17,0549,1926, ,0.0,0.00,29.31,29.98, 2.9,01,5.4,2014,8,1
944,4,2014-08-02,90,68,79,-7,66,70,0,14,0550,1925, ,0.0,0.00,29.34,30.01, 1.1,02,3.3,2014,8,2
945,4,2014-08-03,94,71,83,-3,66,71,0,18,0551,1924, ,0.0,0.00,29.32,29.99, 2.4,01,4.4,2014,8,3
946,4,2014-08-04,94,72,83,-3,69,73,0,18,0551,1923, ,0.0,0.00,29.31,29.97, 1.4,06,3.2,2014,8,4
947,4,2014-08-05,97,73,85,-1,68,73,0,20,0552,1923, ,0.0,0.00,29.32,29.99, 2.0,12,3.2,2014,8,5
948,4,2014-08-06,99,76,88, 2,68,74,0,23,0552,1922, ,0.0,0.00,29.28,29.95, 2.9,16,4.6,2014,8,6
949,4,2014-08-07,102,77,90, 4,70,76,0,25,0553,1921,BR,0.0,0.00,29.21,29.88, 3.1,17,6.3,2014,8,7
950,4,2014-08-08,102,76,89, 3,69,75,0,24,0554,1920, ,0.0,0.00,29.23,29.89, 3.4,17,6.0,2014,8,8
951,4,2014-08-09,100,77,89, 3,69,75,0,24,0554,1919, ,0.0,0.00,29.28,29.93, 2.7,17,5.2,2014,8,9
952,4,2014-08-10,101,77,89, 3,69,75,0,24,0555,1918, ,0.0,0.00,29.29,29.95, 1.6,17,4.2,2014,8,10
953,4,2014-08-11,102,76,89, 3,72,75,0,24,0555,1917,TSRA RA VCTS,0.0,0.05,29.33,29.99, 0.8,30,3.3,2014,8,11
954,4,2014-08-12,100,73,87, 1,66,73,0,22,0556,1917, ,0.0,0.00,29.32,29.99, 1.5,01,3.5,2014,8,12
955,4,2014-08-13,97,69,83,-3,58,68,0,18,0557,1916, ,0.0,0.00,29.34,30.00, 2.4,05,4.1,2014,8,13
956,4,2014-08-14,98,70,84,-2,61,70,0,19,0557,1915, ,0.0,0.00,29.28,29.96, 1.6,10,3.5,2014,8,14
957,4,2014-08-15,101,75,88, 2,67,74,0,23,0558,1914, ,0.0,0.00,29.24,29.91, 2.6,16,4.5,2014,8,15
958,4,2014-08-16,104,77,91, 5,69,76,0,26,0558,1913, ,0.0,0.00,29.23,29.89, 4.2,17,6.8,2014,8,16
959,4,2014-08-17,101,79,90, 4,70,75,0,25,0559,1912, ,0.0,0.00,29.24,29.91, 1.8,15,5.7,2014,8,17
960,4,2014-08-18,102,78,90, 4,70,76,0,25,0560,1911, ,0.0,0.00,29.21,29.88, 4.0,17,6.5,2014,8,18
961,4,2014-08-19,96,77,87, 1,68,74,0,22,0600,1910, ,0.0,0.00,29.21,29.87, 5.6,17,7.3,2014,8,19
962,4,2014-08-20,102,78,90, 4,70,76,0,25,0601,1909, ,0.0,0.00,29.25,29.90, 5.5,17,8.1,2014,8,20
963,4,2014-08-21,103,80,92, 6,69,76,0,27,0601,1908, ,0.0,0.00,29.31,29.96, 7.5,17,8.6,2014,8,21
964,4,2014-08-22,103,79,91, 5,68,75,0,26,0602,1906, ,0.0,0.00,29.31,29.97, 4.8,17,7.6,2014,8,22
965,4,2014-08-23,101,75,88, 2,69,75,0,23,0602,1905, ,0.0,0.00,29.26,29.93, 3.3,16,5.6,2014,8,23
966,4,2014-08-24,101,77,89, 4,69,75,0,24,0603,1904, ,0.0,0.00,29.23,29.89, 2.5,17,4.8,2014,8,24
967,4,2014-08-25,101,76,89, 4,67,74,0,24,0604,1903, ,0.0,0.00,29.23,29.89, 1.8,14,4.7,2014,8,25
968,4,2014-08-26,101,77,89, 4,68,74,0,24,0604,1902,TS,0.0,  T,29.28,29.93, 1.5,13,3.5,2014,8,26
969,4,2014-08-27,98,76,87, 2,66,73,0,22,0605,1901, ,0.0,0.00,29.28,29.95, 1.7,09,3.8,2014,8,27
970,4,2014-08-28,99,76,88, 3,71,75,0,23,0605,1860, ,0.0,0.00,29.20,29.88, 3.7,15,4.8,2014,8,28
971,4,2014-08-29,96,77,87, 2,72,75,0,22,0606,1859,TS,0.0,0.07,29.20,29.85, 2.8,12,4.6,2014,8,29
972,4,2014-08-30,95,74,85, 1,71,75,0,20,0606,1857, ,0.0,0.00,29.22,29.89, 2.5,14,4.0,2014,8,30
973,4,2014-08-31,99,74,87, 3,72,75,0,22,0607,1856, ,0.0,0.00,29.24,29.91, 4.5,16,6.7,2014,8,31
974,4,2014-09-01,101,78,90, 6,71,76,0,25,0608,1855, ,0.0,0.00,29.21,29.87, 6.0,16,7.5,2014,9,1
975,4,2014-09-02,98,78,88, 4,72,76,0,23,0608,1854, ,0.0,0.01,29.24,29.89, 5.8,15,7.6,2014,9,2
976,4,2014-09-03,100,76,88, 4,70,75,0,23,0609,1853, ,0.0,0.00,29.28,29.93, 3.8,16,5.6,2014,9,3
977,4,2014-09-04,99,73,86, 3,73,76,0,21,0609,1852,TSRA BR,0.0,0.98,29.31,29.97, 1.5,15,4.7,2014,9,4
978,4,2014-09-05,97,77,87, 4,72,76,0,22,0610,1850,RA,0.0,0.02,29.33,30.00, 1.4,15,3.7,2014,9,5
979,4,2014-09-06,97,74,86, 3,71,75,0,21,0610,1849,TSRA RA BR,0.0,0.19,29.33,29.99, 0.8,13,2.8,2014,9,6
980,4,2014-09-07,89,74,82,-1,72,74,0,17,0611,1848,TS RA BR,0.0,0.22,29.33,30.00, 1.3,01,2.9,2014,9,7
981,4,2014-09-08,96,72,84, 2,69,74,0,19,0611,1847, ,0.0,0.00,29.29,29.96, 1.4,15,3.1,2014,9,8
982,4,2014-09-09,97,74,86, 4,70,74,0,21,0612,1845, ,0.0,0.00,29.22,29.90, 4.0,18,5.6,2014,9,9
983,4,2014-09-10,99,77,88, 6,70,75,0,23,0613,1844, ,0.0,0.00,29.15,29.81, 5.2,18,7.3,2014,9,10
984,4,2014-09-11,99,78,89, 8,71,76,0,24,0613,1843, ,0.0,0.00,29.23,29.88, 2.7,17,5.1,2014,9,11
985,4,2014-09-12,96,66,81, 0,69,73,0,16,0614,1842,TS TSRA BR,0.0,0.51,29.33,29.98, 2.9,01,4.8,2014,9,12
986,4,2014-09-13,66,60,63,-18,61,62,2, 0,0614,1840,RA BR,0.0,0.68,29.47,30.16, 4.3,36,5.3,2014,9,13
987,4,2014-09-14,77,64,71,-10,64,66,0, 6,0615,1839,BR,0.0,0.00,29.46,30.15, 0.7,05,2.0,2014,9,14
988,4,2014-09-15,88,69,79,-1,68,71,0,14,0615,1838,BR,0.0,0.00,29.39,30.08, 0.4,08,1.6,2014,9,15
989,4,2014-09-16,94,74,84, 4,72,75,0,19,0616,1837,TSRA RA BR,0.0,0.02,29.32,30.00, 1.0,10,2.6,2014,9,16
990,4,2014-09-17,91,75,83, 3,73,76,0,18,0616,1835,TSRA BR,0.0,0.35,29.21,29.90, 1.8,15,2.9,2014,9,17
991,4,2014-09-18,90,72,81, 2,73,74,0,16,0617,1834,TSRA RA FG BR,0.0,3.66,29.18,29.85, 1.3,03,2.0,2014,9,18
992,4,2014-09-19,86,74,80, 1,73,75,0,15,0618,1833,RA BR,0.0,0.13,29.21,29.88, 1.0,10,2.7,2014,9,19
993,4,2014-09-20,90,74,82, 3,73,75,0,17,0618,1832,RA,0.0,0.21,29.26,29.93, 2.1,12,3.4,2014,9,20
994,4,2014-09-21,90,72,81, 3,69,73,0,16,0619,1830, ,0.0,0.00,29.34,30.01, 1.3,08,2.6,2014,9,21
995,4,2014-09-22,91,70,81, 3,68,72,0,16,0619,1829, ,0.0,0.00,29.39,30.06, 0.3,35,3.5,2014,9,22
996,4,2014-09-23,85,67,76,-2,58,64,0,11,0620,1828, ,0.0,0.00,29.41,30.08, 1.2,06,3.4,2014,9,23
997,4,2014-09-24,84,60,72,-5,57,63,0, 7,0620,1827, ,0.0,0.00,29.41,30.10, 0.9,08,2.3,2014,9,24
998,4,2014-09-25,83,62,73,-4,62,66,0, 8,0621,1825, ,0.0,  T,29.41,30.10, 2.2,11,3.2,2014,9,25
999,4,2014-09-26,85,66,76,-1,64,68,0,11,0621,1824, ,0.0,0.00,29.35,30.04, 1.2,10,3.4,2014,9,26
1000,4,2014-09-27,80,68,74,-3,66,69,0, 9,0622,1823,RA,0.0,  T,29.31,30.00, 0.5,11,1.7,2014,9,27
1001,4,2014-09-28,88,66,77, 1,64,68,0,12,0623,1822,BR,0.0,0.00,29.29,29.97, 1.1,02,2.5,2014,9,28
1002,4,2014-09-29,89,67,78, 2,64,69,0,13,0623,1820, ,0.0,0.00,29.23,29.92, 1.0,08,2.0,2014,9,29
1003,4,2014-09-30,90,65,78, 2,66,70,0,13,0624,1819, ,0.0,0.00,29.13,29.82, 0.9,14,2.2,2014,9,30
1004,4,2014-10-01,92,76,84, 9,70,74,0,19,0624,1818, ,0.0,0.00,29.10,29.77, 3.5,18,5.2,2014,10,1
1005,4,2014-10-02,92,76,84, 9,71,75,0,19,0625,1817,TS RA HZ VCTS,0.0,0.03,29.16,29.81, 2.9,22,7.3,2014,10,2
1006,4,2014-10-03,85,65,75, 0,51,61,0,10,0626,1816, ,0.0,0.00,29.42,30.07, 6.1,02,6.8,2014,10,3
1007,4,2014-10-04,80,59,70,-5,49,58,0, 5,0626,1814, ,0.0,0.00,29.39,30.10, 0.9,12,4.2,2014,10,4
1008,4,2014-10-05,87,62,75, 1,62,66,0,10,0627,1813, ,0.0,0.00,29.20,29.90, 4.5,17,5.6,2014,10,5
1009,4,2014-10-06,89,72,81, 7,68,71,0,16,0627,1812, ,0.0,0.00,29.18,29.86, 3.1,15,5.9,2014,10,6
1010,4,2014-10-07,94,72,83, 9,69,73,0,18,0628,1811,BR,0.0,0.00,29.24,29.90, 2.7,18,5.1,2014,10,7
1011,4,2014-10-08,90,74,82, 8,69,73,0,17,0629,1810, ,0.0,0.00,29.29,29.96, 3.5,17,5.6,2014,10,8
1012,4,2014-10-09,92,75,84,11,70,74,0,19,0629,1808,RA,0.0,  T,29.23,29.91, 4.9,17,7.0,2014,10,9
1013,4,2014-10-10,92,75,84,11,70,74,0,19,0630,1807, ,0.0,0.00,29.20,29.87, 4.5,18,6.9,2014,10,10
1014,4,2014-10-11,78,59,69,-4,61,63,0, 4,0630,1806,RA BR,0.0,1.42,29.34,30.02, 2.9,36,5.3,2014,10,11
1015,4,2014-10-12,77,61,69,-3,63,65,0, 4,0631,1805,RA,0.0,0.01,29.15,29.86, 1.5,17,2.3,2014,10,12
1016,4,2014-10-13,76,61,69,-3,55,61,0, 4,0632,1804,RA BR VCTS,0.0,0.09,29.19,29.85, 5.5,29,9.8,2014,10,13
1017,4,2014-10-14,80,51,66,-6,44,55,0, 1,0632,1803, ,0.0,0.00,29.40,30.08, 3.6,31,4.6,2014,10,14
1018,4,2014-10-15,88,56,72, 0,46,57,0, 7,0633,1801, ,0.0,0.00,29.35,30.05, 1.1,30,2.3,2014,10,15
1019,4,2014-10-16,86,57,72, 1,49,59,0, 7,0634,1759, ,0.0,0.00,29.24,29.94, 3.3,19,4.2,2014,10,16
1020,4,2014-10-17,87,61,74, 3,60,65,0, 9,0634,1758, ,0.0,0.00,29.23,29.90, 1.1,18,2.9,2014,10,17
1021,4,2014-10-18,86,66,76, 5,63,67,0,11,0635,1757,BR,0.0,0.00,29.32,29.99, 0.4,09,1.8,2014,10,18
1022,4,2014-10-19,82,65,74, 4,63,67,0, 9,0636,1756,BR,0.0,0.00,29.36,30.04, 0.9,05,2.4,2014,10,19
1023,4,2014-10-20,82,63,73, 3,61,65,0, 8,0636,1755,BR HZ,0.0,0.00,29.34,30.02, 1.8,10,2.3,2014,10,20
1024,4,2014-10-21,83,58,71, 1,55,61,0, 6,0637,1754,BR,0.0,0.00,29.34,30.03, 1.2,10,2.5,2014,10,21
1025,4,2014-10-22,83,61,72, 2,59,64,0, 7,0638,1753,RA,0.0,  T,29.38,30.06, 1.4,09,2.0,2014,10,22
1026,4,2014-10-23,83,66,75, 6,59,64,0,10,0639,1752,RA,0.0,  T,29.41,30.08, 0.9,11,1.6,2014,10,23
1027,4,2014-10-24,85,60,73, 4,59,64,0, 8,0639,1751, ,0.0,0.00,29.43,30.11, 1.1,14,1.9,2014,10,24
1028,4,2014-10-25,88,62,75, 6,59,65,0,10,0640,1750, ,0.0,0.00,29.41,30.10, 0.7,18,1.6,2014,10,25
1029,4,2014-10-26,86,61,74, 6,58,64,0, 9,0641,1749, ,0.0,0.00,29.28,29.98, 1.7,17,3.5,2014,10,26
1030,4,2014-10-27,86,62,74, 6,61,66,0, 9,0641,1748, ,0.0,0.00,29.20,29.88, 5.0,18,5.6,2014,10,27
1031,4,2014-10-28,84,65,75, 7,65,68,0,10,0642,1747, ,0.0,0.00,29.31,29.98, 0.5,18,2.3,2014,10,28
1032,4,2014-10-29,81,65,73, 6,62,65,0, 8,0643,1746, ,0.0,0.00,29.41,30.09, 1.3,02,3.0,2014,10,29
1033,4,2014-10-30,82,63,73, 6,59,64,0, 8,0644,1746,RA,0.0,  T,29.41,30.09, 0.9,09,1.9,2014,10,30
1034,4,2014-10-31,76,56,66,-1,47,56,0, 1,0644,1745,RA BR,0.0,0.30,29.55,30.23, 6.0,01,6.5,2014,10,31
