,station_nbr,date,tmax,tmin,tavg,depart,dewpoint,wetbulb,heat,cool,sunrise,sunset,snowfall,preciptotal,stnpressure,sealevel,resultspeed,resultdir,avgspeed,year,month,day,codesum
0,5,2012-06-01,79.0,53.0,66.0,5.0,60.0,63.0,0.0,1.0,251.0,1153.0,0.0,0.0,29.15,29.88,5.7,16.0,7.0,2012,6,1, 
1,5,2012-06-02,79.0,53.0,66.0,5.0,60.0,63.0,0.0,1.0,251.0,1154.0,0.0,0.0,29.15,29.88,5.7,16.0,7.0,2012,6,2, 
2,5,2012-06-03,79.0,53.0,66.0,5.0,60.0,63.0,0.0,1.0,250.0,1155.0,0.0,0.0,29.15,29.88,5.7,16.0,7.0,2012,6,3, 
3,5,2012-06-04,79.0,53.0,66.0,5.0,60.0,63.0,0.0,1.0,250.0,1155.0,0.0,0.0,29.15,29.88,5.7,16.0,7.0,2012,6,4, 
4,5,2012-06-05,79.0,53.0,66.0,5.0,60.0,63.0,0.0,1.0,249.0,1156.0,0.0,0.0,29.15,29.88,5.7,16.0,7.0,2012,6,5, 
5,5,2012-06-06,79.0,53.0,66.0,5.0,60.0,63.0,0.0,1.0,249.0,1157.0,0.0,0.0,29.15,29.88,5.7,16.0,7.0,2012,6,6, 
6,5,2012-06-07,79.0,53.0,66.0,5.0,60.0,63.0,0.0,1.0,249.0,1158.0,0.0,0.0,29.15,29.88,5.7,16.0,7.0,2012,6,7, 
7,5,2012-06-08,79.0,53.0,66.0,5.0,60.0,63.0,0.0,1.0,249.0,1158.0,0.0,0.0,29.15,29.88,5.7,16.0,7.0,2012,6,8, 
8,5,2012-06-09,79.0,53.0,66.0,5.0,60.0,63.0,0.0,1.0,248.0,1159.0,0.0,0.0,29.15,29.88,5.7,16.0,7.0,2012,6,9, 
9,5,2012-06-10,79.0,53.0,66.0,5.0,60.0,63.0,0.0,1.0,248.0,1159.0,0.0,0.0,29.15,29.88,5.7,16.0,7.0,2012,6,10, 
10,5,2012-06-11,79.0,53.0,66.0,5.0,60.0,63.0,0.0,1.0,248.0,1160.0,0.0,0.0,29.15,29.88,5.7,16.0,7.0,2012,6,11, 
11,5,2012-06-12,79.0,53.0,66.0,5.0,60.0,63.0,0.0,1.0,248.0,1160.0,0.0,0.0,29.15,29.88,5.7,16.0,7.0,2012,6,12, 
12,5,2012-06-13,79.0,53.0,66.0,5.0,60.0,63.0,0.0,1.0,248.0,1161.0,0.0,0.0,29.15,29.88,5.7,16.0,7.0,2012,6,13, 
13,5,2012-06-14,79.0,53.0,66.0,5.0,60.0,63.0,0.0,1.0,248.0,1161.0,0.0,0.0,29.15,29.88,5.7,16.0,7.0,2012,6,14, 
14,5,2012-06-15,79.0,52.0,66.0,2.0,43.0,55.0,0.0,1.0,248.0,1162.0,0.0,0.0,29.34,30.09,3.5,17.0,5.9,2012,6,15, 
15,5,2012-06-16,79.0,52.0,66.0,2.0,43.0,55.0,0.0,1.0,248.0,1162.0,0.0,0.0,29.34,30.09,3.5,17.0,5.9,2012,6,16, 
16,5,2012-06-17,79.0,52.0,66.0,2.0,43.0,55.0,0.0,1.0,248.0,1163.0,0.0,0.0,29.34,30.09,3.5,17.0,5.9,2012,6,17, 
17,5,2012-06-18,79.0,52.0,66.0,2.0,43.0,55.0,0.0,1.0,248.0,1163.0,0.0,0.0,29.34,30.09,3.5,17.0,5.9,2012,6,18, 
18,5,2012-06-19,79.0,52.0,66.0,2.0,43.0,55.0,0.0,1.0,248.0,1163.0,0.0,0.0,29.34,30.09,3.5,17.0,5.9,2012,6,19, 
19,5,2012-06-20,79.0,52.0,66.0,2.0,43.0,55.0,0.0,1.0,248.0,1164.0,0.0,0.0,29.34,30.09,3.5,17.0,5.9,2012,6,20, 
20,5,2012-06-21,79.0,52.0,66.0,2.0,43.0,55.0,0.0,1.0,248.0,1164.0,0.0,0.0,29.34,30.09,3.5,17.0,5.9,2012,6,21, 
21,5,2012-06-22,79.0,52.0,66.0,2.0,43.0,55.0,0.0,1.0,249.0,1164.0,0.0,0.0,29.34,30.09,3.5,17.0,5.9,2012,6,22, 
22,5,2012-06-23,79.0,52.0,66.0,2.0,43.0,55.0,0.0,1.0,249.0,1164.0,0.0,0.0,29.34,30.09,3.5,17.0,5.9,2012,6,23, 
23,5,2012-06-24,79.0,52.0,66.0,2.0,43.0,55.0,0.0,1.0,249.0,1164.0,0.0,0.0,29.34,30.09,3.5,17.0,5.9,2012,6,24, 
24,5,2012-06-25,79.0,52.0,66.0,2.0,43.0,55.0,0.0,1.0,249.0,1165.0,0.0,0.0,29.34,30.09,3.5,17.0,5.9,2012,6,25, 
25,5,2012-06-26,79.0,52.0,66.0,2.0,43.0,55.0,0.0,1.0,250.0,1165.0,0.0,0.0,29.34,30.09,3.5,17.0,5.9,2012,6,26, 
26,5,2012-06-27,79.0,52.0,66.0,2.0,43.0,55.0,0.0,1.0,250.0,1165.0,0.0,0.0,29.34,30.09,3.5,17.0,5.9,2012,6,27, 
27,5,2012-06-28,79.0,52.0,66.0,2.0,43.0,55.0,0.0,1.0,251.0,1165.0,0.0,0.0,29.34,30.09,3.5,17.0,5.9,2012,6,28, 
28,5,2012-06-29,79.0,52.0,66.0,2.0,43.0,55.0,0.0,1.0,251.0,1165.0,0.0,0.0,29.34,30.09,3.5,17.0,5.9,2012,6,29, 
29,5,2012-06-30,79.0,52.0,66.0,2.0,43.0,55.0,0.0,1.0,251.0,1165.0,0.0,0.0,29.34,30.09,3.5,17.0,5.9,2012,6,30, 
30,5,2012-07-01,79.0,52.0,66.0,2.0,43.0,55.0,0.0,1.0,252.0,1165.0,0.0,0.0,29.34,30.09,3.5,17.0,5.9,2012,7,1, 
31,5,2012-07-02,79.0,52.0,66.0,2.0,43.0,55.0,0.0,1.0,252.0,1164.0,0.0,0.0,29.34,30.09,3.5,17.0,5.9,2012,7,2, 
32,5,2012-07-03,79.0,52.0,66.0,2.0,43.0,55.0,0.0,1.0,253.0,1164.0,0.0,0.0,29.34,30.09,3.5,17.0,5.9,2012,7,3, 
33,5,2012-07-04,79.0,52.0,66.0,2.0,43.0,55.0,0.0,1.0,254.0,1164.0,0.0,0.0,29.34,30.09,3.5,17.0,5.9,2012,7,4, 
34,5,2012-07-05,79.0,52.0,66.0,2.0,43.0,55.0,0.0,1.0,254.0,1164.0,0.0,0.0,29.34,30.09,3.5,17.0,5.9,2012,7,5, 
35,5,2012-07-06,79.0,52.0,66.0,2.0,43.0,55.0,0.0,1.0,255.0,1164.0,0.0,0.0,29.34,30.09,3.5,17.0,5.9,2012,7,6, 
36,5,2012-07-07,79.0,53.0,66.0,5.0,60.0,63.0,0.0,1.0,255.0,1163.0,0.0,0.0,29.15,29.88,5.7,16.0,7.0,2012,7,7, 
37,5,2012-07-08,79.0,53.0,66.0,5.0,60.0,63.0,0.0,1.0,256.0,1163.0,0.0,0.0,29.15,29.88,5.7,16.0,7.0,2012,7,8, 
38,5,2012-07-09,79.0,53.0,66.0,5.0,60.0,63.0,0.0,1.0,257.0,1163.0,0.0,0.0,29.15,29.88,5.7,16.0,7.0,2012,7,9, 
39,5,2012-07-10,79.0,53.0,66.0,5.0,60.0,63.0,0.0,1.0,257.0,1162.0,0.0,0.0,29.15,29.88,5.7,16.0,7.0,2012,7,10, 
40,5,2012-07-11,79.0,53.0,66.0,5.0,60.0,63.0,0.0,1.0,258.0,1162.0,0.0,0.0,29.15,29.88,5.7,16.0,7.0,2012,7,11, 
41,5,2012-07-12,79.0,53.0,66.0,5.0,60.0,63.0,0.0,1.0,259.0,1161.0,0.0,0.0,29.15,29.88,5.7,16.0,7.0,2012,7,12, 
42,5,2012-07-13,79.0,53.0,66.0,5.0,60.0,63.0,0.0,1.0,260.0,1161.0,0.0,0.0,29.15,29.88,5.7,16.0,7.0,2012,7,13, 
43,5,2012-07-14,79.0,53.0,66.0,5.0,60.0,63.0,0.0,1.0,260.0,1160.0,0.0,0.0,29.15,29.88,5.7,16.0,7.0,2012,7,14, 
44,5,2012-07-15,79.0,53.0,66.0,5.0,60.0,63.0,0.0,1.0,261.0,1160.0,0.0,0.0,29.15,29.88,5.7,16.0,7.0,2012,7,15, 
45,5,2012-07-16,79.0,53.0,66.0,5.0,60.0,63.0,0.0,1.0,262.0,1159.0,0.0,0.0,29.15,29.88,5.7,16.0,7.0,2012,7,16, 
46,5,2012-07-17,73.0,64.0,69.0,2.0,65.0,66.0,0.0,4.0,263.0,1158.0,0.0,0.01,28.74,29.81,6.2,26.0,7.9,2012,7,17, 
47,5,2012-07-18,73.0,64.0,69.0,2.0,65.0,66.0,0.0,4.0,264.0,1158.0,0.0,0.01,28.74,29.81,6.2,26.0,7.9,2012,7,18, 
48,5,2012-07-19,73.0,64.0,69.0,2.0,65.0,66.0,0.0,4.0,265.0,1157.0,0.0,0.01,28.74,29.81,6.2,26.0,7.9,2012,7,19, 
49,5,2012-07-20,73.0,64.0,69.0,2.0,65.0,66.0,0.0,4.0,266.0,1156.0,0.0,0.01,28.74,29.81,6.2,26.0,7.9,2012,7,20, 
50,5,2012-07-21,73.0,64.0,69.0,2.0,65.0,66.0,0.0,4.0,266.0,1155.0,0.0,0.01,28.74,29.81,6.2,26.0,7.9,2012,7,21, 
51,5,2012-07-22,73.0,64.0,69.0,2.0,65.0,66.0,0.0,4.0,267.0,1155.0,0.0,0.01,28.74,29.81,6.2,26.0,7.9,2012,7,22, 
52,5,2012-07-23,73.0,64.0,69.0,2.0,65.0,66.0,0.0,4.0,268.0,1154.0,0.0,0.01,28.74,29.81,6.2,26.0,7.9,2012,7,23, 
53,5,2012-07-24,73.0,64.0,69.0,2.0,65.0,66.0,0.0,4.0,269.0,1153.0,0.0,0.01,28.74,29.81,6.2,26.0,7.9,2012,7,24, 
54,5,2012-07-25,76.0,60.0,68.0,5.0,54.0,60.0,0.0,3.0,270.0,1152.0,0.0,0.0,29.33,30.05,2.7,3.0,6.2,2012,7,25, 
55,5,2012-07-26,76.0,60.0,68.0,5.0,54.0,60.0,0.0,3.0,271.0,1151.0,0.0,0.0,29.33,30.05,2.7,3.0,6.2,2012,7,26, 
56,5,2012-07-27,85.0,67.0,76.0,6.0,66.0,69.0,0.0,11.0,272.0,1150.0,0.0,0.0,28.8,29.88,6.8,25.0,7.3,2012,7,27, 
57,5,2012-07-28,85.0,67.0,76.0,6.0,66.0,69.0,0.0,11.0,273.0,1149.0,0.0,0.0,28.8,29.88,6.8,25.0,7.3,2012,7,28, 
58,5,2012-07-29,85.0,67.0,76.0,6.0,66.0,69.0,0.0,11.0,274.0,1148.0,0.0,0.0,28.8,29.88,6.8,25.0,7.3,2012,7,29, 
59,5,2012-07-30,85.0,67.0,76.0,6.0,66.0,69.0,0.0,11.0,275.0,1147.0,0.0,0.0,28.8,29.88,6.8,25.0,7.3,2012,7,30, 
60,5,2012-07-31,85.0,67.0,76.0,6.0,66.0,69.0,0.0,11.0,276.0,1146.0,0.0,0.0,28.8,29.88,6.8,25.0,7.3,2012,7,31, 
61,5,2012-08-01,85.0,67.0,76.0,6.0,66.0,69.0,0.0,11.0,277.0,1145.0,0.0,0.0,28.8,29.88,6.8,25.0,7.3,2012,8,1, 
62,5,2012-08-02,85.0,67.0,76.0,6.0,66.0,69.0,0.0,11.0,278.0,1144.0,0.0,0.0,28.8,29.88,6.8,25.0,7.3,2012,8,2, 
63,5,2012-08-03,85.0,67.0,76.0,6.0,66.0,69.0,0.0,11.0,279.0,1143.0,0.0,0.0,28.8,29.88,6.8,25.0,7.3,2012,8,3, 
64,5,2012-08-04,85.0,67.0,76.0,6.0,66.0,69.0,0.0,11.0,280.0,1141.0,0.0,0.0,28.8,29.88,6.8,25.0,7.3,2012,8,4, 
65,5,2012-08-05,82.0,67.0,75.0,5.0,69.0,70.0,0.0,10.0,281.0,1139.0,0.0,2.5,29.51,29.87,2.2,13.0,4.9,2012,8,5, 
66,5,2012-08-06,82.0,67.0,75.0,5.0,69.0,70.0,0.0,10.0,282.0,1138.0,0.0,2.5,29.51,29.87,2.2,13.0,4.9,2012,8,6, 
67,5,2012-08-07,82.0,67.0,75.0,5.0,69.0,70.0,0.0,10.0,283.0,1136.0,0.0,2.5,29.51,29.87,2.2,13.0,4.9,2012,8,7, 
68,5,2012-08-08,82.0,67.0,75.0,5.0,69.0,70.0,0.0,10.0,284.0,1135.0,0.0,2.5,29.51,29.87,2.2,13.0,4.9,2012,8,8, 
69,5,2012-08-09,82.0,67.0,75.0,5.0,69.0,70.0,0.0,10.0,285.0,1134.0,0.0,2.5,29.51,29.87,2.2,13.0,4.9,2012,8,9, 
70,5,2012-08-10,82.0,67.0,75.0,5.0,69.0,70.0,0.0,10.0,286.0,1133.0,0.0,2.5,29.51,29.87,2.2,13.0,4.9,2012,8,10, 
71,5,2012-08-11,82.0,67.0,75.0,5.0,69.0,70.0,0.0,10.0,287.0,1131.0,0.0,2.5,29.51,29.87,2.2,13.0,4.9,2012,8,11, 
72,5,2012-08-12,82.0,67.0,75.0,5.0,69.0,70.0,0.0,10.0,288.0,1130.0,0.0,2.5,29.51,29.87,2.2,13.0,4.9,2012,8,12, 
73,5,2012-08-13,82.0,67.0,75.0,5.0,69.0,70.0,0.0,10.0,289.0,1128.0,0.0,2.5,29.51,29.87,2.2,13.0,4.9,2012,8,13, 
74,5,2012-08-14,72.0,60.0,66.0,2.0,52.0,58.0,0.0,1.0,290.0,1127.0,0.0,0.0,28.87,29.95,3.6,33.0,5.2,2012,8,14, 
75,5,2012-08-15,72.0,60.0,66.0,2.0,52.0,58.0,0.0,1.0,292.0,1126.0,0.0,0.0,28.87,29.95,3.6,33.0,5.2,2012,8,15, 
76,5,2012-08-16,72.0,60.0,66.0,2.0,52.0,58.0,0.0,1.0,293.0,1124.0,0.0,0.0,28.87,29.95,3.6,33.0,5.2,2012,8,16, 
77,5,2012-08-17,72.0,60.0,66.0,2.0,52.0,58.0,0.0,1.0,294.0,1123.0,0.0,0.0,28.87,29.95,3.6,33.0,5.2,2012,8,17, 
78,5,2012-08-18,71.0,46.0,59.0,12.0,40.0,49.0,6.0,0.0,295.0,1121.0,0.0,0.01,28.56,29.61,12.1,23.0,12.8,2012,8,18, 
79,5,2012-08-19,71.0,46.0,59.0,12.0,40.0,49.0,6.0,0.0,296.0,1120.0,0.0,0.01,28.56,29.61,12.1,23.0,12.8,2012,8,19, 
80,5,2012-08-20,71.0,46.0,59.0,12.0,40.0,49.0,6.0,0.0,297.0,1118.0,0.0,0.01,28.56,29.61,12.1,23.0,12.8,2012,8,20, 
81,5,2012-08-21,71.0,46.0,59.0,12.0,40.0,49.0,6.0,0.0,298.0,1117.0,0.0,0.01,28.56,29.61,12.1,23.0,12.8,2012,8,21, 
82,5,2012-08-22,69.0,42.0,56.0,10.0,35.0,46.0,9.0,0.0,299.0,1115.0,0.0,0.0,28.95,30.04,7.3,23.0,7.7,2012,8,22, 
83,5,2012-08-23,69.0,42.0,56.0,10.0,35.0,46.0,9.0,0.0,300.0,1113.0,0.0,0.0,28.95,30.04,7.3,23.0,7.7,2012,8,23, 
84,5,2012-08-24,69.0,42.0,56.0,10.0,35.0,46.0,9.0,0.0,301.0,1112.0,0.0,0.0,28.95,30.04,7.3,23.0,7.7,2012,8,24, 
85,5,2012-08-25,69.0,42.0,56.0,10.0,35.0,46.0,9.0,0.0,302.0,1110.0,0.0,0.0,28.95,30.04,7.3,23.0,7.7,2012,8,25, 
86,5,2012-08-26,69.0,42.0,56.0,10.0,35.0,46.0,9.0,0.0,303.0,1109.0,0.0,0.0,28.95,30.04,7.3,23.0,7.7,2012,8,26, 
87,5,2012-08-27,69.0,42.0,56.0,10.0,35.0,46.0,9.0,0.0,304.0,1107.0,0.0,0.0,28.95,30.04,7.3,23.0,7.7,2012,8,27, 
88,5,2012-08-28,69.0,42.0,56.0,10.0,35.0,46.0,9.0,0.0,305.0,1105.0,0.0,0.0,28.95,30.04,7.3,23.0,7.7,2012,8,28, 
89,5,2012-08-29,69.0,42.0,56.0,10.0,35.0,46.0,9.0,0.0,306.0,1104.0,0.0,0.0,28.95,30.04,7.3,23.0,7.7,2012,8,29, 
90,5,2012-08-30,69.0,42.0,56.0,10.0,35.0,46.0,9.0,0.0,307.0,1102.0,0.0,0.0,28.95,30.04,7.3,23.0,7.7,2012,8,30, 
91,5,2012-08-31,69.0,42.0,56.0,10.0,35.0,46.0,9.0,0.0,308.0,1100.0,0.0,0.0,28.95,30.04,7.3,23.0,7.7,2012,8,31, 
92,5,2012-09-01,69.0,42.0,56.0,10.0,35.0,46.0,9.0,0.0,309.0,1099.0,0.0,0.0,28.95,30.04,7.3,23.0,7.7,2012,9,1, 
93,5,2012-09-02,69.0,42.0,56.0,10.0,35.0,46.0,9.0,0.0,310.0,1097.0,0.0,0.0,28.95,30.04,7.3,23.0,7.7,2012,9,2, 
94,5,2012-09-03,69.0,42.0,56.0,10.0,35.0,46.0,9.0,0.0,311.0,1095.0,0.0,0.0,28.95,30.04,7.3,23.0,7.7,2012,9,3, 
95,5,2012-09-04,69.0,42.0,56.0,10.0,35.0,46.0,9.0,0.0,313.0,1094.0,0.0,0.0,28.95,30.04,7.3,23.0,7.7,2012,9,4, 
96,5,2012-09-05,69.0,42.0,56.0,10.0,35.0,46.0,9.0,0.0,314.0,1092.0,0.0,0.0,28.95,30.04,7.3,23.0,7.7,2012,9,5, 
97,5,2012-09-06,59.0,51.0,55.0,7.0,50.0,52.0,10.0,0.0,315.0,1090.0,0.0,0.0,29.41,30.15,7.5,1.0,8.1,2012,9,6, 
98,5,2012-09-07,59.0,51.0,55.0,7.0,50.0,52.0,10.0,0.0,316.0,1089.0,0.0,0.0,29.41,30.15,7.5,1.0,8.1,2012,9,7, 
99,5,2012-09-08,59.0,51.0,55.0,7.0,50.0,52.0,10.0,0.0,317.0,1087.0,0.0,0.0,29.41,30.15,7.5,1.0,8.1,2012,9,8, 
100,5,2012-09-09,59.0,51.0,55.0,7.0,50.0,52.0,10.0,0.0,318.0,1085.0,0.0,0.0,29.41,30.15,7.5,1.0,8.1,2012,9,9, 
101,5,2012-09-10,59.0,51.0,55.0,7.0,50.0,52.0,10.0,0.0,319.0,1083.0,0.0,0.0,29.41,30.15,7.5,1.0,8.1,2012,9,10, 
102,5,2012-09-11,59.0,51.0,55.0,7.0,50.0,52.0,10.0,0.0,320.0,1082.0,0.0,0.0,29.41,30.15,7.5,1.0,8.1,2012,9,11, 
103,5,2012-09-12,59.0,51.0,55.0,7.0,50.0,52.0,10.0,0.0,321.0,1080.0,0.0,0.0,29.41,30.15,7.5,1.0,8.1,2012,9,12, 
104,5,2012-09-13,59.0,51.0,55.0,7.0,50.0,52.0,10.0,0.0,322.0,1078.0,0.0,0.0,29.41,30.15,7.5,1.0,8.1,2012,9,13, 
105,5,2012-09-14,59.0,51.0,55.0,7.0,50.0,52.0,10.0,0.0,323.0,1076.0,0.0,0.0,29.41,30.15,7.5,1.0,8.1,2012,9,14, 
106,5,2012-09-15,59.0,51.0,55.0,7.0,50.0,52.0,10.0,0.0,324.0,1075.0,0.0,0.0,29.41,30.15,7.5,1.0,8.1,2012,9,15, 
107,5,2012-09-16,59.0,51.0,55.0,7.0,50.0,52.0,10.0,0.0,325.0,1073.0,0.0,0.0,29.41,30.15,7.5,1.0,8.1,2012,9,16, 
108,5,2012-09-17,59.0,51.0,55.0,7.0,50.0,52.0,10.0,0.0,326.0,1071.0,0.0,0.0,29.41,30.15,7.5,1.0,8.1,2012,9,17, 
109,5,2012-09-18,59.0,51.0,55.0,7.0,50.0,52.0,10.0,0.0,327.0,1069.0,0.0,0.0,29.41,30.15,7.5,1.0,8.1,2012,9,18, 
110,5,2012-09-19,59.0,51.0,55.0,7.0,50.0,52.0,10.0,0.0,328.0,1068.0,0.0,0.0,29.41,30.15,7.5,1.0,8.1,2012,9,19, 
111,5,2012-09-20,59.0,51.0,55.0,7.0,50.0,52.0,10.0,0.0,329.0,1066.0,0.0,0.0,29.41,30.15,7.5,1.0,8.1,2012,9,20, 
112,5,2012-09-21,59.0,51.0,55.0,7.0,50.0,52.0,10.0,0.0,330.0,1064.0,0.0,0.0,29.41,30.15,7.5,1.0,8.1,2012,9,21, 
113,5,2012-09-22,59.0,51.0,55.0,7.0,50.0,52.0,10.0,0.0,331.0,1062.0,0.0,0.0,29.41,30.15,7.5,1.0,8.1,2012,9,22, 
114,5,2012-09-23,59.0,51.0,55.0,7.0,50.0,52.0,10.0,0.0,333.0,1061.0,0.0,0.0,29.41,30.15,7.5,1.0,8.1,2012,9,23, 
115,5,2012-09-24,59.0,51.0,55.0,7.0,50.0,52.0,10.0,0.0,334.0,1059.0,0.0,0.0,29.41,30.15,7.5,1.0,8.1,2012,9,24, 
116,5,2012-09-25,59.0,51.0,55.0,7.0,50.0,52.0,10.0,0.0,335.0,1057.0,0.0,0.0,29.41,30.15,7.5,1.0,8.1,2012,9,25, 
117,5,2012-09-26,65.0,53.0,59.0,5.0,51.0,54.0,6.0,0.0,336.0,1055.0,0.0,0.36,28.98,30.07,1.4,33.0,3.4,2012,9,26, 
118,5,2012-09-27,65.0,53.0,59.0,5.0,51.0,54.0,6.0,0.0,337.0,1054.0,0.0,0.36,28.98,30.07,1.4,33.0,3.4,2012,9,27, 
119,5,2012-09-28,65.0,53.0,59.0,5.0,51.0,54.0,6.0,0.0,338.0,1052.0,0.0,0.36,28.98,30.07,1.4,33.0,3.4,2012,9,28, 
120,5,2012-09-29,65.0,53.0,59.0,5.0,51.0,54.0,6.0,0.0,339.0,1050.0,0.0,0.36,28.98,30.07,1.4,33.0,3.4,2012,9,29, 
121,5,2012-09-30,65.0,53.0,59.0,5.0,51.0,54.0,6.0,0.0,340.0,1048.0,0.0,0.36,28.98,30.07,1.4,33.0,3.4,2012,9,30, 
122,5,2012-10-01,65.0,53.0,59.0,5.0,51.0,54.0,6.0,0.0,341.0,1047.0,0.0,0.36,28.98,30.07,1.4,33.0,3.4,2012,10,1, 
123,5,2012-10-02,65.0,53.0,59.0,5.0,51.0,54.0,6.0,0.0,342.0,1045.0,0.0,0.36,28.98,30.07,1.4,33.0,3.4,2012,10,2, 
124,5,2012-10-03,65.0,53.0,59.0,5.0,51.0,54.0,6.0,0.0,343.0,1043.0,0.0,0.36,28.98,30.07,1.4,33.0,3.4,2012,10,3, 
125,5,2012-10-04,65.0,53.0,59.0,5.0,51.0,54.0,6.0,0.0,344.0,1041.0,0.0,0.36,28.98,30.07,1.4,33.0,3.4,2012,10,4, 
126,5,2012-10-05,65.0,53.0,59.0,5.0,51.0,54.0,6.0,0.0,346.0,1040.0,0.0,0.36,28.98,30.07,1.4,33.0,3.4,2012,10,5, 
127,5,2012-10-06,65.0,53.0,59.0,5.0,51.0,54.0,6.0,0.0,347.0,1038.0,0.0,0.36,28.98,30.07,1.4,33.0,3.4,2012,10,6, 
128,5,2012-10-07,65.0,53.0,59.0,5.0,51.0,54.0,6.0,0.0,348.0,1036.0,0.0,0.36,28.98,30.07,1.4,33.0,3.4,2012,10,7, 
129,5,2012-10-08,50.0,43.0,47.0,4.0,40.0,44.0,18.0,0.0,349.0,1035.0,0.0,0.15,29.0,30.11,2.6,34.0,4.6,2012,10,8, 
130,5,2012-10-09,50.0,43.0,47.0,4.0,40.0,44.0,18.0,0.0,350.0,1033.0,0.0,0.15,29.0,30.11,2.6,34.0,4.6,2012,10,9, 
131,5,2012-10-10,50.0,43.0,47.0,4.0,40.0,44.0,18.0,0.0,351.0,1031.0,0.0,0.15,29.0,30.11,2.6,34.0,4.6,2012,10,10, 
132,5,2012-10-11,50.0,43.0,47.0,4.0,40.0,44.0,18.0,0.0,352.0,1030.0,0.0,0.15,29.0,30.11,2.6,34.0,4.6,2012,10,11, 
133,5,2012-10-12,50.0,43.0,47.0,4.0,40.0,44.0,18.0,0.0,353.0,1028.0,0.0,0.15,29.0,30.11,2.6,34.0,4.6,2012,10,12, 
134,5,2012-10-13,50.0,43.0,47.0,4.0,40.0,44.0,18.0,0.0,355.0,1026.0,0.0,0.15,29.0,30.11,2.6,34.0,4.6,2012,10,13, 
135,5,2012-10-14,50.0,43.0,47.0,4.0,40.0,44.0,18.0,0.0,356.0,1025.0,0.0,0.15,29.0,30.11,2.6,34.0,4.6,2012,10,14, 
136,5,2012-10-15,50.0,43.0,47.0,4.0,40.0,44.0,18.0,0.0,357.0,1023.0,0.0,0.15,29.0,30.11,2.6,34.0,4.6,2012,10,15, 
137,5,2012-10-16,50.0,43.0,47.0,4.0,40.0,44.0,18.0,0.0,358.0,1022.0,0.0,0.15,29.0,30.11,2.6,34.0,4.6,2012,10,16, 
138,5,2012-10-17,50.0,43.0,47.0,4.0,40.0,44.0,18.0,0.0,359.0,1020.0,0.0,0.15,29.0,30.11,2.6,34.0,4.6,2012,10,17, 
139,5,2012-10-18,50.0,43.0,47.0,4.0,40.0,44.0,18.0,0.0,360.0,1019.0,0.0,0.15,29.0,30.11,2.6,34.0,4.6,2012,10,18, 
140,5,2012-10-19,50.0,43.0,47.0,4.0,40.0,44.0,18.0,0.0,361.0,1017.0,0.0,0.15,29.0,30.11,2.6,34.0,4.6,2012,10,19, 
141,5,2012-10-20,50.0,43.0,47.0,4.0,40.0,44.0,18.0,0.0,363.0,1015.0,0.0,0.15,29.0,30.11,2.6,34.0,4.6,2012,10,20, 
142,5,2012-10-21,64.0,40.0,52.0,6.0,48.0,50.0,13.0,0.0,364.0,1014.0,0.0,0.02,29.21,30.01,6.2,16.0,6.7,2012,10,21, 
143,5,2012-10-22,64.0,40.0,52.0,6.0,48.0,50.0,13.0,0.0,365.0,1012.0,0.0,0.02,29.21,30.01,6.2,16.0,6.7,2012,10,22, 
144,5,2012-10-23,64.0,40.0,52.0,6.0,48.0,50.0,13.0,0.0,366.0,1011.0,0.0,0.02,29.21,30.01,6.2,16.0,6.7,2012,10,23, 
145,5,2012-10-24,64.0,40.0,52.0,6.0,48.0,50.0,13.0,0.0,367.0,1010.0,0.0,0.02,29.21,30.01,6.2,16.0,6.7,2012,10,24, 
146,5,2012-10-25,64.0,40.0,52.0,6.0,48.0,50.0,13.0,0.0,369.0,1008.0,0.0,0.02,29.21,30.01,6.2,16.0,6.7,2012,10,25, 
147,5,2012-10-26,64.0,40.0,52.0,6.0,48.0,50.0,13.0,0.0,370.0,1007.0,0.0,0.02,29.21,30.01,6.2,16.0,6.7,2012,10,26, 
148,5,2012-10-27,50.0,32.0,41.0,2.0,34.0,38.0,24.0,0.0,371.0,1005.0,0.0,0.0,29.65,30.03,0.3,3.0,0.6,2012,10,27, 
149,5,2012-10-28,50.0,32.0,41.0,2.0,34.0,38.0,24.0,0.0,372.0,1004.0,0.0,0.0,29.65,30.03,0.3,3.0,0.6,2012,10,28, 
150,5,2012-10-29,50.0,32.0,41.0,2.0,34.0,38.0,24.0,0.0,373.0,1003.0,0.0,0.0,29.65,30.03,0.3,3.0,0.6,2012,10,29, 
151,5,2012-10-30,50.0,32.0,41.0,2.0,34.0,38.0,24.0,0.0,375.0,1001.0,0.0,0.0,29.65,30.03,0.3,3.0,0.6,2012,10,30, 
152,5,2012-10-31,50.0,32.0,41.0,2.0,34.0,38.0,24.0,0.0,376.0,1000.0,0.0,0.0,29.65,30.03,0.3,3.0,0.6,2012,10,31, 
153,5,2012-11-01,50.0,32.0,41.0,2.0,34.0,38.0,24.0,0.0,377.0,999.0,0.0,0.0,29.65,30.03,0.3,3.0,0.6,2012,11,1, 
154,5,2012-11-02,50.0,32.0,41.0,2.0,34.0,38.0,24.0,0.0,378.0,997.0,0.0,0.0,29.65,30.03,0.3,3.0,0.6,2012,11,2, 
155,5,2012-11-03,50.0,32.0,41.0,2.0,34.0,38.0,24.0,0.0,380.0,996.0,0.0,0.0,29.65,30.03,0.3,3.0,0.6,2012,11,3, 
156,5,2012-11-04,50.0,32.0,41.0,2.0,34.0,38.0,24.0,0.0,381.0,995.0,0.0,0.0,29.65,30.03,0.3,3.0,0.6,2012,11,4, 
157,5,2012-11-05,50.0,32.0,41.0,2.0,34.0,38.0,24.0,0.0,382.0,994.0,0.0,0.0,29.65,30.03,0.3,3.0,0.6,2012,11,5, 
158,5,2012-11-06,50.0,32.0,41.0,2.0,34.0,38.0,24.0,0.0,383.0,993.0,0.0,0.0,29.65,30.03,0.3,3.0,0.6,2012,11,6, 
159,5,2012-11-07,50.0,32.0,41.0,2.0,34.0,38.0,24.0,0.0,385.0,991.0,0.0,0.0,29.65,30.03,0.3,3.0,0.6,2012,11,7, 
160,5,2012-11-08,50.0,32.0,41.0,2.0,34.0,38.0,24.0,0.0,386.0,990.0,0.0,0.0,29.65,30.03,0.3,3.0,0.6,2012,11,8, 
161,5,2012-11-09,50.0,32.0,41.0,2.0,34.0,38.0,24.0,0.0,387.0,989.0,0.0,0.0,29.65,30.03,0.3,3.0,0.6,2012,11,9, 
162,5,2012-11-10,50.0,32.0,41.0,2.0,34.0,38.0,24.0,0.0,388.0,988.0,0.0,0.0,29.65,30.03,0.3,3.0,0.6,2012,11,10, 
163,5,2012-11-11,50.0,32.0,41.0,2.0,34.0,38.0,24.0,0.0,390.0,987.0,0.0,0.0,29.65,30.03,0.3,3.0,0.6,2012,11,11, 
164,5,2012-11-12,50.0,32.0,41.0,2.0,34.0,38.0,24.0,0.0,391.0,986.0,0.0,0.0,29.65,30.03,0.3,3.0,0.6,2012,11,12, 
165,5,2012-11-13,50.0,32.0,41.0,2.0,34.0,38.0,24.0,0.0,392.0,985.0,0.0,0.0,29.65,30.03,0.3,3.0,0.6,2012,11,13, 
166,5,2012-11-14,50.0,32.0,41.0,2.0,34.0,38.0,24.0,0.0,393.0,984.0,0.0,0.0,29.65,30.03,0.3,3.0,0.6,2012,11,14, 
167,5,2012-11-15,50.0,32.0,41.0,2.0,34.0,38.0,24.0,0.0,395.0,983.0,0.0,0.0,29.65,30.03,0.3,3.0,0.6,2012,11,15, 
168,5,2012-11-16,50.0,32.0,41.0,2.0,34.0,38.0,24.0,0.0,396.0,982.0,0.0,0.0,29.65,30.03,0.3,3.0,0.6,2012,11,16, 
169,5,2012-11-17,50.0,32.0,41.0,2.0,34.0,38.0,24.0,0.0,397.0,982.0,0.0,0.0,29.65,30.03,0.3,3.0,0.6,2012,11,17, 
170,5,2012-11-18,50.0,32.0,41.0,2.0,34.0,38.0,24.0,0.0,398.0,981.0,0.0,0.0,29.65,30.03,0.3,3.0,0.6,2012,11,18, 
171,5,2012-11-19,50.0,32.0,41.0,2.0,34.0,38.0,24.0,0.0,399.0,980.0,0.0,0.0,29.65,30.03,0.3,3.0,0.6,2012,11,19, 
172,5,2012-11-20,50.0,32.0,41.0,2.0,34.0,38.0,24.0,0.0,401.0,979.0,0.0,0.0,29.65,30.03,0.3,3.0,0.6,2012,11,20, 
173,5,2012-11-21,50.0,32.0,41.0,2.0,34.0,38.0,24.0,0.0,402.0,979.0,0.0,0.0,29.65,30.03,0.3,3.0,0.6,2012,11,21, 
174,5,2012-11-22,50.0,32.0,41.0,2.0,34.0,38.0,24.0,0.0,403.0,978.0,0.0,0.0,29.65,30.03,0.3,3.0,0.6,2012,11,22, 
175,5,2012-11-23,50.0,32.0,41.0,2.0,34.0,38.0,24.0,0.0,404.0,977.0,0.0,0.0,29.65,30.03,0.3,3.0,0.6,2012,11,23, 
176,5,2012-11-24,50.0,32.0,41.0,2.0,34.0,38.0,24.0,0.0,405.0,977.0,0.0,0.0,29.65,30.03,0.3,3.0,0.6,2012,11,24, 
177,5,2012-11-25,50.0,32.0,41.0,2.0,34.0,38.0,24.0,0.0,407.0,976.0,0.0,0.0,29.65,30.03,0.3,3.0,0.6,2012,11,25, 
178,5,2012-11-26,50.0,32.0,41.0,2.0,34.0,38.0,24.0,0.0,408.0,976.0,0.0,0.0,29.65,30.03,0.3,3.0,0.6,2012,11,26, 
179,5,2012-11-27,50.0,32.0,41.0,2.0,34.0,38.0,24.0,0.0,409.0,975.0,0.0,0.0,29.65,30.03,0.3,3.0,0.6,2012,11,27, 
180,5,2012-11-28,31.0,18.0,25.0,5.0,23.0,25.0,40.0,0.0,410.0,975.0,0.7,0.03,29.77,30.14,1.8,35.0,2.5,2012,11,28, 
181,5,2012-11-29,31.0,18.0,25.0,5.0,23.0,25.0,40.0,0.0,411.0,974.0,0.7,0.03,29.77,30.14,1.8,35.0,2.5,2012,11,29, 
182,5,2012-11-30,31.0,18.0,25.0,5.0,23.0,25.0,40.0,0.0,412.0,974.0,0.7,0.03,29.77,30.14,1.8,35.0,2.5,2012,11,30, 
183,5,2012-12-01,31.0,18.0,25.0,5.0,23.0,25.0,40.0,0.0,413.0,974.0,0.7,0.03,29.77,30.14,1.8,35.0,2.5,2012,12,1, 
184,5,2012-12-02,31.0,18.0,25.0,5.0,23.0,25.0,40.0,0.0,414.0,973.0,0.7,0.03,29.77,30.14,1.8,35.0,2.5,2012,12,2, 
185,5,2012-12-03,31.0,18.0,25.0,5.0,23.0,25.0,40.0,0.0,415.0,973.0,0.7,0.03,29.77,30.14,1.8,35.0,2.5,2012,12,3, 
186,5,2012-12-04,31.0,18.0,25.0,5.0,23.0,25.0,40.0,0.0,416.0,973.0,0.7,0.03,29.77,30.14,1.8,35.0,2.5,2012,12,4, 
187,5,2012-12-05,31.0,18.0,25.0,5.0,23.0,25.0,40.0,0.0,417.0,973.0,0.7,0.03,29.77,30.14,1.8,35.0,2.5,2012,12,5, 
188,5,2012-12-06,31.0,18.0,25.0,5.0,23.0,25.0,40.0,0.0,418.0,973.0,0.7,0.03,29.77,30.14,1.8,35.0,2.5,2012,12,6, 
189,5,2012-12-07,31.0,18.0,25.0,5.0,23.0,25.0,40.0,0.0,419.0,973.0,0.7,0.03,29.77,30.14,1.8,35.0,2.5,2012,12,7, 
190,5,2012-12-08,31.0,18.0,25.0,5.0,23.0,25.0,40.0,0.0,420.0,972.0,0.7,0.03,29.77,30.14,1.8,35.0,2.5,2012,12,8, 
191,5,2012-12-09,31.0,18.0,25.0,5.0,23.0,25.0,40.0,0.0,421.0,972.0,0.7,0.03,29.77,30.14,1.8,35.0,2.5,2012,12,9, 
192,5,2012-12-10,31.0,18.0,25.0,5.0,23.0,25.0,40.0,0.0,422.0,972.0,0.7,0.03,29.77,30.14,1.8,35.0,2.5,2012,12,10, 
193,5,2012-12-11,31.0,18.0,25.0,5.0,23.0,25.0,40.0,0.0,423.0,973.0,0.7,0.03,29.77,30.14,1.8,35.0,2.5,2012,12,11, 
194,5,2012-12-12,31.0,18.0,25.0,5.0,23.0,25.0,40.0,0.0,424.0,973.0,0.7,0.03,29.77,30.14,1.8,35.0,2.5,2012,12,12, 
195,5,2012-12-13,31.0,18.0,25.0,5.0,23.0,25.0,40.0,0.0,424.0,973.0,0.7,0.03,29.77,30.14,1.8,35.0,2.5,2012,12,13, 
196,5,2012-12-14,31.0,18.0,25.0,5.0,23.0,25.0,40.0,0.0,425.0,973.0,0.7,0.03,29.77,30.14,1.8,35.0,2.5,2012,12,14, 
197,5,2012-12-15,31.0,18.0,25.0,5.0,23.0,25.0,40.0,0.0,426.0,973.0,0.7,0.03,29.77,30.14,1.8,35.0,2.5,2012,12,15, 
198,5,2012-12-16,31.0,18.0,25.0,5.0,23.0,25.0,40.0,0.0,427.0,974.0,0.7,0.03,29.77,30.14,1.8,35.0,2.5,2012,12,16, 
199,5,2012-12-17,31.0,18.0,25.0,5.0,23.0,25.0,40.0,0.0,427.0,974.0,0.7,0.03,29.77,30.14,1.8,35.0,2.5,2012,12,17, 
200,5,2012-12-18,31.0,18.0,25.0,5.0,23.0,25.0,40.0,0.0,428.0,974.0,0.7,0.03,29.77,30.14,1.8,35.0,2.5,2012,12,18, 
201,5,2012-12-19,31.0,18.0,25.0,5.0,23.0,25.0,40.0,0.0,428.0,975.0,0.7,0.03,29.77,30.14,1.8,35.0,2.5,2012,12,19, 
202,5,2012-12-20,31.0,18.0,25.0,5.0,23.0,25.0,40.0,0.0,429.0,975.0,0.7,0.03,29.77,30.14,1.8,35.0,2.5,2012,12,20, 
203,5,2012-12-21,31.0,18.0,25.0,5.0,23.0,25.0,40.0,0.0,430.0,975.0,0.7,0.03,29.77,30.14,1.8,35.0,2.5,2012,12,21, 
204,5,2012-12-22,31.0,18.0,25.0,5.0,23.0,25.0,40.0,0.0,430.0,976.0,0.7,0.03,29.77,30.14,1.8,35.0,2.5,2012,12,22, 
205,5,2012-12-23,31.0,18.0,25.0,5.0,23.0,25.0,40.0,0.0,431.0,976.0,0.7,0.03,29.77,30.14,1.8,35.0,2.5,2012,12,23, 
206,5,2012-12-24,31.0,18.0,25.0,5.0,23.0,25.0,40.0,0.0,431.0,977.0,0.7,0.03,29.77,30.14,1.8,35.0,2.5,2012,12,24, 
207,5,2012-12-25,31.0,18.0,25.0,5.0,23.0,25.0,40.0,0.0,431.0,978.0,0.7,0.03,29.77,30.14,1.8,35.0,2.5,2012,12,25, 
208,5,2012-12-26,31.0,18.0,25.0,5.0,23.0,25.0,40.0,0.0,432.0,978.0,0.7,0.03,29.77,30.14,1.8,35.0,2.5,2012,12,26, 
209,5,2012-12-27,31.0,18.0,25.0,5.0,23.0,25.0,40.0,0.0,432.0,979.0,0.7,0.03,29.77,30.14,1.8,35.0,2.5,2012,12,27, 
210,5,2012-12-28,31.0,18.0,25.0,5.0,23.0,25.0,40.0,0.0,432.0,980.0,0.7,0.03,29.77,30.14,1.8,35.0,2.5,2012,12,28, 
211,5,2012-12-29,31.0,18.0,25.0,5.0,23.0,25.0,40.0,0.0,433.0,980.0,0.7,0.03,29.77,30.14,1.8,35.0,2.5,2012,12,29, 
212,5,2012-12-30,31.0,18.0,25.0,5.0,23.0,25.0,40.0,0.0,433.0,981.0,0.7,0.03,29.77,30.14,1.8,35.0,2.5,2012,12,30, 
213,5,2012-12-31,31.0,18.0,25.0,5.0,23.0,25.0,40.0,0.0,433.0,982.0,0.7,0.03,29.77,30.14,1.8,35.0,2.5,2012,12,31, 
214,5,2013-01-01,31.0,18.0,25.0,5.0,23.0,25.0,40.0,0.0,433.0,983.0,0.7,0.03,29.77,30.14,1.8,35.0,2.5,2013,1,1, 
215,5,2013-01-02,31.0,18.0,25.0,5.0,23.0,25.0,40.0,0.0,433.0,984.0,0.7,0.03,29.77,30.14,1.8,35.0,2.5,2013,1,2, 
216,5,2013-01-03,31.0,18.0,25.0,5.0,23.0,25.0,40.0,0.0,433.0,985.0,0.7,0.03,29.77,30.14,1.8,35.0,2.5,2013,1,3, 
217,5,2013-01-04,31.0,18.0,25.0,5.0,23.0,25.0,40.0,0.0,433.0,986.0,0.7,0.03,29.77,30.14,1.8,35.0,2.5,2013,1,4, 
218,5,2013-01-05,31.0,18.0,25.0,5.0,23.0,25.0,40.0,0.0,433.0,987.0,0.7,0.03,29.77,30.14,1.8,35.0,2.5,2013,1,5, 
219,5,2013-01-06,31.0,18.0,25.0,5.0,23.0,25.0,40.0,0.0,433.0,988.0,0.7,0.03,29.77,30.14,1.8,35.0,2.5,2013,1,6, 
220,5,2013-01-07,31.0,18.0,25.0,5.0,23.0,25.0,40.0,0.0,433.0,989.0,0.7,0.03,29.77,30.14,1.8,35.0,2.5,2013,1,7, 
221,5,2013-01-08,31.0,18.0,25.0,5.0,23.0,25.0,40.0,0.0,433.0,990.0,0.7,0.03,29.77,30.14,1.8,35.0,2.5,2013,1,8, 
222,5,2013-01-09,31.0,18.0,25.0,5.0,23.0,25.0,40.0,0.0,433.0,991.0,0.7,0.03,29.77,30.14,1.8,35.0,2.5,2013,1,9, 
223,5,2013-01-10,31.0,18.0,25.0,5.0,23.0,25.0,40.0,0.0,432.0,992.0,0.7,0.03,29.77,30.14,1.8,35.0,2.5,2013,1,10, 
224,5,2013-01-11,31.0,18.0,25.0,5.0,23.0,25.0,40.0,0.0,432.0,993.0,0.7,0.03,29.77,30.14,1.8,35.0,2.5,2013,1,11, 
225,5,2013-01-12,31.0,18.0,25.0,5.0,23.0,25.0,40.0,0.0,432.0,994.0,0.7,0.03,29.77,30.14,1.8,35.0,2.5,2013,1,12, 
226,5,2013-01-13,31.0,18.0,25.0,5.0,23.0,25.0,40.0,0.0,431.0,995.0,0.7,0.03,29.77,30.14,1.8,35.0,2.5,2013,1,13, 
227,5,2013-01-14,31.0,18.0,25.0,5.0,23.0,25.0,40.0,0.0,431.0,996.0,0.7,0.03,29.77,30.14,1.8,35.0,2.5,2013,1,14, 
228,5,2013-01-15,31.0,18.0,25.0,5.0,23.0,25.0,40.0,0.0,431.0,997.0,0.7,0.03,29.77,30.14,1.8,35.0,2.5,2013,1,15, 
229,5,2013-01-16,31.0,18.0,25.0,5.0,23.0,25.0,40.0,0.0,430.0,998.0,0.7,0.03,29.77,30.14,1.8,35.0,2.5,2013,1,16, 
230,5,2013-01-17,31.0,18.0,25.0,5.0,23.0,25.0,40.0,0.0,430.0,1000.0,0.7,0.03,29.77,30.14,1.8,35.0,2.5,2013,1,17, 
231,5,2013-01-18,31.0,18.0,25.0,5.0,23.0,25.0,40.0,0.0,429.0,1001.0,0.7,0.03,29.77,30.14,1.8,35.0,2.5,2013,1,18, 
232,5,2013-01-19,31.0,18.0,25.0,5.0,23.0,25.0,40.0,0.0,428.0,1002.0,0.7,0.03,29.77,30.14,1.8,35.0,2.5,2013,1,19, 
233,5,2013-01-20,31.0,18.0,25.0,5.0,23.0,25.0,40.0,0.0,428.0,1003.0,0.7,0.03,29.77,30.14,1.8,35.0,2.5,2013,1,20, 
234,5,2013-01-21,31.0,18.0,25.0,5.0,23.0,25.0,40.0,0.0,427.0,1005.0,0.7,0.03,29.77,30.14,1.8,35.0,2.5,2013,1,21, 
235,5,2013-01-22,31.0,18.0,25.0,5.0,23.0,25.0,40.0,0.0,427.0,1006.0,0.7,0.03,29.77,30.14,1.8,35.0,2.5,2013,1,22, 
236,5,2013-01-23,31.0,18.0,25.0,5.0,23.0,25.0,40.0,0.0,426.0,1007.0,0.7,0.03,29.77,30.14,1.8,35.0,2.5,2013,1,23, 
237,5,2013-01-24,31.0,18.0,25.0,5.0,23.0,25.0,40.0,0.0,425.0,1008.0,0.7,0.03,29.77,30.14,1.8,35.0,2.5,2013,1,24, 
238,5,2013-01-25,31.0,18.0,25.0,5.0,23.0,25.0,40.0,0.0,424.0,1010.0,0.7,0.03,29.77,30.14,1.8,35.0,2.5,2013,1,25, 
239,5,2013-01-26,31.0,18.0,25.0,5.0,23.0,25.0,40.0,0.0,423.0,1011.0,0.7,0.03,29.77,30.14,1.8,35.0,2.5,2013,1,26, 
240,5,2013-01-27,31.0,18.0,25.0,5.0,23.0,25.0,40.0,0.0,423.0,1012.0,0.7,0.03,29.77,30.14,1.8,35.0,2.5,2013,1,27, 
241,5,2013-01-28,31.0,18.0,25.0,5.0,23.0,25.0,40.0,0.0,422.0,1013.0,0.7,0.03,29.77,30.14,1.8,35.0,2.5,2013,1,28, 
242,5,2013-01-29,31.0,18.0,25.0,5.0,23.0,25.0,40.0,0.0,421.0,1015.0,0.7,0.03,29.77,30.14,1.8,35.0,2.5,2013,1,29, 
243,5,2013-01-30,31.0,18.0,25.0,5.0,23.0,25.0,40.0,0.0,420.0,1016.0,0.7,0.03,29.77,30.14,1.8,35.0,2.5,2013,1,30, 
244,5,2013-01-31,31.0,18.0,25.0,5.0,23.0,25.0,40.0,0.0,419.0,1017.0,0.7,0.03,29.77,30.14,1.8,35.0,2.5,2013,1,31, 
245,5,2013-02-01,31.0,18.0,25.0,5.0,23.0,25.0,40.0,0.0,418.0,1018.0,0.7,0.03,29.77,30.14,1.8,35.0,2.5,2013,2,1, 
246,5,2013-02-02,31.0,18.0,25.0,5.0,23.0,25.0,40.0,0.0,417.0,1020.0,0.7,0.03,29.77,30.14,1.8,35.0,2.5,2013,2,2, 
247,5,2013-02-03,37.0,10.0,24.0,2.0,7.0,20.0,41.0,0.0,416.0,1021.0,0.0,0.0,29.83,30.2,1.6,21.0,3.4,2013,2,3, 
248,5,2013-02-04,37.0,10.0,24.0,2.0,7.0,20.0,41.0,0.0,415.0,1022.0,0.0,0.0,29.83,30.2,1.6,21.0,3.4,2013,2,4, 
249,5,2013-02-05,37.0,10.0,24.0,2.0,7.0,20.0,41.0,0.0,414.0,1024.0,0.0,0.0,29.83,30.2,1.6,21.0,3.4,2013,2,5, 
250,5,2013-02-06,37.0,10.0,24.0,2.0,7.0,20.0,41.0,0.0,412.0,1025.0,0.0,0.0,29.83,30.2,1.6,21.0,3.4,2013,2,6, 
251,5,2013-02-07,37.0,10.0,24.0,2.0,7.0,20.0,41.0,0.0,411.0,1026.0,0.0,0.0,29.83,30.2,1.6,21.0,3.4,2013,2,7, 
252,5,2013-02-08,37.0,10.0,24.0,2.0,7.0,20.0,41.0,0.0,410.0,1028.0,0.0,0.0,29.83,30.2,1.6,21.0,3.4,2013,2,8, 
253,5,2013-02-09,20.0,3.0,12.0,13.0,1.0,9.0,53.0,0.0,409.0,1029.0,0.0,0.0,29.1,30.29,9.6,28.0,10.0,2013,2,9, 
254,5,2013-02-10,20.0,3.0,12.0,13.0,1.0,9.0,53.0,0.0,408.0,1030.0,0.0,0.0,29.1,30.29,9.6,28.0,10.0,2013,2,10, 
255,5,2013-02-11,20.0,3.0,12.0,13.0,1.0,9.0,53.0,0.0,406.0,1031.0,0.0,0.0,29.1,30.29,9.6,28.0,10.0,2013,2,11, 
256,5,2013-02-12,20.0,3.0,12.0,13.0,1.0,9.0,53.0,0.0,405.0,1033.0,0.0,0.0,29.1,30.29,9.6,28.0,10.0,2013,2,12, 
257,5,2013-02-13,20.0,3.0,12.0,13.0,1.0,9.0,53.0,0.0,404.0,1034.0,0.0,0.0,29.1,30.29,9.6,28.0,10.0,2013,2,13, 
258,5,2013-02-14,20.0,3.0,12.0,13.0,1.0,9.0,53.0,0.0,402.0,1035.0,0.0,0.0,29.1,30.29,9.6,28.0,10.0,2013,2,14, 
259,5,2013-02-15,20.0,3.0,12.0,13.0,1.0,9.0,53.0,0.0,401.0,1037.0,0.0,0.0,29.1,30.29,9.6,28.0,10.0,2013,2,15, 
260,5,2013-02-16,37.0,21.0,29.0,2.0,16.0,24.0,36.0,0.0,400.0,1038.0,0.9,0.08,28.82,29.55,24.6,25.0,24.8,2013,2,16, 
261,5,2013-02-17,37.0,21.0,29.0,2.0,16.0,24.0,36.0,0.0,398.0,1039.0,0.9,0.08,28.82,29.55,24.6,25.0,24.8,2013,2,17, 
262,5,2013-02-18,37.0,21.0,29.0,2.0,16.0,24.0,36.0,0.0,397.0,1040.0,0.9,0.08,28.82,29.55,24.6,25.0,24.8,2013,2,18, 
263,5,2013-02-19,37.0,21.0,29.0,2.0,16.0,24.0,36.0,0.0,395.0,1042.0,0.9,0.08,28.82,29.55,24.6,25.0,24.8,2013,2,19, 
264,5,2013-02-20,37.0,21.0,29.0,2.0,16.0,24.0,36.0,0.0,394.0,1043.0,0.9,0.08,28.82,29.55,24.6,25.0,24.8,2013,2,20, 
265,5,2013-02-21,37.0,21.0,29.0,2.0,16.0,24.0,36.0,0.0,392.0,1044.0,0.9,0.08,28.82,29.55,24.6,25.0,24.8,2013,2,21, 
266,5,2013-02-22,37.0,21.0,29.0,2.0,16.0,24.0,36.0,0.0,391.0,1045.0,0.9,0.08,28.82,29.55,24.6,25.0,24.8,2013,2,22, 
267,5,2013-02-23,37.0,21.0,29.0,2.0,16.0,24.0,36.0,0.0,389.0,1047.0,0.9,0.08,28.82,29.55,24.6,25.0,24.8,2013,2,23, 
268,5,2013-02-24,37.0,21.0,29.0,2.0,16.0,24.0,36.0,0.0,388.0,1048.0,0.9,0.08,28.82,29.55,24.6,25.0,24.8,2013,2,24, 
269,5,2013-02-25,37.0,21.0,29.0,2.0,16.0,24.0,36.0,0.0,386.0,1049.0,0.9,0.08,28.82,29.55,24.6,25.0,24.8,2013,2,25, 
270,5,2013-02-26,37.0,21.0,29.0,2.0,16.0,24.0,36.0,0.0,385.0,1050.0,0.9,0.08,28.82,29.55,24.6,25.0,24.8,2013,2,26, 
271,5,2013-02-27,37.0,21.0,29.0,2.0,16.0,24.0,36.0,0.0,383.0,1052.0,0.9,0.08,28.82,29.55,24.6,25.0,24.8,2013,2,27, 
272,5,2013-02-28,37.0,21.0,29.0,2.0,16.0,24.0,36.0,0.0,382.0,1053.0,0.9,0.08,28.82,29.55,24.6,25.0,24.8,2013,2,28, 
273,5,2013-03-01,37.0,21.0,29.0,2.0,16.0,24.0,36.0,0.0,380.0,1054.0,0.9,0.08,28.82,29.55,24.6,25.0,24.8,2013,3,1, 
274,5,2013-03-02,37.0,21.0,29.0,2.0,16.0,24.0,36.0,0.0,379.0,1055.0,0.9,0.08,28.82,29.55,24.6,25.0,24.8,2013,3,2, 
275,5,2013-03-03,37.0,21.0,29.0,2.0,16.0,24.0,36.0,0.0,377.0,1056.0,0.9,0.08,28.82,29.55,24.6,25.0,24.8,2013,3,3, 
276,5,2013-03-04,74.0,52.0,63.0,4.0,51.0,56.0,2.0,0.0,375.0,1058.0,0.0,0.0,29.49,29.99,1.0,7.0,9.3,2013,3,4, 
277,5,2013-03-05,74.0,52.0,63.0,4.0,51.0,56.0,2.0,0.0,374.0,1059.0,0.0,0.0,29.49,29.99,1.0,7.0,9.3,2013,3,5, 
278,5,2013-03-06,41.0,34.0,38.0,5.0,34.0,36.0,27.0,0.0,372.0,1060.0,0.0,0.12,29.83,30.2,2.9,16.0,3.1,2013,3,6, 
279,5,2013-03-07,41.0,34.0,38.0,5.0,34.0,36.0,27.0,0.0,370.0,1061.0,0.0,0.12,29.83,30.2,2.9,16.0,3.1,2013,3,7, 
280,5,2013-03-08,41.0,34.0,38.0,5.0,34.0,36.0,27.0,0.0,369.0,1062.0,0.0,0.12,29.83,30.2,2.9,16.0,3.1,2013,3,8, 
281,5,2013-03-09,41.0,34.0,38.0,5.0,34.0,36.0,27.0,0.0,367.0,1064.0,0.0,0.12,29.83,30.2,2.9,16.0,3.1,2013,3,9, 
282,5,2013-03-10,41.0,34.0,38.0,5.0,34.0,36.0,27.0,0.0,365.0,1065.0,0.0,0.12,29.83,30.2,2.9,16.0,3.1,2013,3,10, 
283,5,2013-03-11,41.0,34.0,38.0,5.0,34.0,36.0,27.0,0.0,364.0,1066.0,0.0,0.12,29.83,30.2,2.9,16.0,3.1,2013,3,11, 
284,5,2013-03-12,41.0,34.0,38.0,5.0,34.0,36.0,27.0,0.0,362.0,1067.0,0.0,0.12,29.83,30.2,2.9,16.0,3.1,2013,3,12, 
285,5,2013-03-13,41.0,34.0,38.0,5.0,34.0,36.0,27.0,0.0,360.0,1068.0,0.0,0.12,29.83,30.2,2.9,16.0,3.1,2013,3,13, 
286,5,2013-03-14,41.0,34.0,38.0,5.0,34.0,36.0,27.0,0.0,359.0,1069.0,0.0,0.12,29.83,30.2,2.9,16.0,3.1,2013,3,14, 
287,5,2013-03-15,41.0,34.0,38.0,5.0,34.0,36.0,27.0,0.0,357.0,1071.0,0.0,0.12,29.83,30.2,2.9,16.0,3.1,2013,3,15, 
288,5,2013-03-16,41.0,34.0,38.0,5.0,34.0,36.0,27.0,0.0,355.0,1072.0,0.0,0.12,29.83,30.2,2.9,16.0,3.1,2013,3,16, 
289,5,2013-03-17,41.0,34.0,38.0,5.0,34.0,36.0,27.0,0.0,353.0,1073.0,0.0,0.12,29.83,30.2,2.9,16.0,3.1,2013,3,17, 
290,5,2013-03-18,41.0,34.0,38.0,5.0,34.0,36.0,27.0,0.0,352.0,1074.0,0.0,0.12,29.83,30.2,2.9,16.0,3.1,2013,3,18, 
291,5,2013-03-19,39.0,21.0,30.0,5.0,20.0,28.0,35.0,0.0,350.0,1075.0,0.0,0.0,29.42,29.84,9.7,28.0,10.6,2013,3,19, 
292,5,2013-03-20,39.0,21.0,30.0,5.0,20.0,28.0,35.0,0.0,348.0,1076.0,0.0,0.0,29.42,29.84,9.7,28.0,10.6,2013,3,20, 
293,5,2013-03-21,39.0,21.0,30.0,5.0,20.0,28.0,35.0,0.0,347.0,1077.0,0.0,0.0,29.42,29.84,9.7,28.0,10.6,2013,3,21, 
294,5,2013-03-22,39.0,21.0,30.0,5.0,20.0,28.0,35.0,0.0,345.0,1079.0,0.0,0.0,29.42,29.84,9.7,28.0,10.6,2013,3,22, 
295,5,2013-03-23,39.0,21.0,30.0,5.0,20.0,28.0,35.0,0.0,343.0,1080.0,0.0,0.0,29.42,29.84,9.7,28.0,10.6,2013,3,23, 
296,5,2013-03-24,39.0,21.0,30.0,5.0,20.0,28.0,35.0,0.0,341.0,1081.0,0.0,0.0,29.42,29.84,9.7,28.0,10.6,2013,3,24, 
297,5,2013-03-25,39.0,21.0,30.0,5.0,20.0,28.0,35.0,0.0,340.0,1082.0,0.0,0.0,29.42,29.84,9.7,28.0,10.6,2013,3,25, 
298,5,2013-03-26,59.0,51.0,55.0,7.0,50.0,52.0,10.0,0.0,338.0,1083.0,0.0,0.0,29.41,30.15,7.5,1.0,8.1,2013,3,26, 
299,5,2013-03-27,59.0,51.0,55.0,7.0,50.0,52.0,10.0,0.0,336.0,1084.0,0.0,0.0,29.41,30.15,7.5,1.0,8.1,2013,3,27, 
300,5,2013-03-28,59.0,51.0,55.0,7.0,50.0,52.0,10.0,0.0,335.0,1085.0,0.0,0.0,29.41,30.15,7.5,1.0,8.1,2013,3,28, 
301,5,2013-03-29,59.0,51.0,55.0,7.0,50.0,52.0,10.0,0.0,333.0,1086.0,0.0,0.0,29.41,30.15,7.5,1.0,8.1,2013,3,29, 
302,5,2013-03-30,59.0,51.0,55.0,7.0,50.0,52.0,10.0,0.0,331.0,1088.0,0.0,0.0,29.41,30.15,7.5,1.0,8.1,2013,3,30, 
303,5,2013-03-31,59.0,51.0,55.0,7.0,50.0,52.0,10.0,0.0,329.0,1089.0,0.0,0.0,29.41,30.15,7.5,1.0,8.1,2013,3,31, 
304,5,2013-04-01,59.0,51.0,55.0,7.0,50.0,52.0,10.0,0.0,328.0,1090.0,0.0,0.0,29.41,30.15,7.5,1.0,8.1,2013,4,1, 
305,5,2013-04-02,59.0,51.0,55.0,7.0,50.0,52.0,10.0,0.0,326.0,1091.0,0.0,0.0,29.41,30.15,7.5,1.0,8.1,2013,4,2, 
306,5,2013-04-03,59.0,51.0,55.0,7.0,50.0,52.0,10.0,0.0,324.0,1092.0,0.0,0.0,29.41,30.15,7.5,1.0,8.1,2013,4,3, 
307,5,2013-04-04,59.0,51.0,55.0,7.0,50.0,52.0,10.0,0.0,323.0,1093.0,0.0,0.0,29.41,30.15,7.5,1.0,8.1,2013,4,4, 
308,5,2013-04-05,59.0,51.0,55.0,7.0,50.0,52.0,10.0,0.0,321.0,1094.0,0.0,0.0,29.41,30.15,7.5,1.0,8.1,2013,4,5, 
309,5,2013-04-06,59.0,51.0,55.0,7.0,50.0,52.0,10.0,0.0,319.0,1095.0,0.0,0.0,29.41,30.15,7.5,1.0,8.1,2013,4,6, 
310,5,2013-04-07,69.0,42.0,56.0,10.0,35.0,46.0,9.0,0.0,317.0,1097.0,0.0,0.0,28.95,30.04,7.3,23.0,7.7,2013,4,7, 
311,5,2013-04-08,69.0,42.0,56.0,10.0,35.0,46.0,9.0,0.0,316.0,1098.0,0.0,0.0,28.95,30.04,7.3,23.0,7.7,2013,4,8, 
312,5,2013-04-09,69.0,42.0,56.0,10.0,35.0,46.0,9.0,0.0,314.0,1099.0,0.0,0.0,28.95,30.04,7.3,23.0,7.7,2013,4,9, 
313,5,2013-04-10,69.0,42.0,56.0,10.0,35.0,46.0,9.0,0.0,313.0,1100.0,0.0,0.0,28.95,30.04,7.3,23.0,7.7,2013,4,10, 
314,5,2013-04-11,69.0,42.0,56.0,10.0,35.0,46.0,9.0,0.0,311.0,1101.0,0.0,0.0,28.95,30.04,7.3,23.0,7.7,2013,4,11, 
315,5,2013-04-12,69.0,42.0,56.0,10.0,35.0,46.0,9.0,0.0,309.0,1102.0,0.0,0.0,28.95,30.04,7.3,23.0,7.7,2013,4,12, 
316,5,2013-04-13,69.0,42.0,56.0,10.0,35.0,46.0,9.0,0.0,308.0,1103.0,0.0,0.0,28.95,30.04,7.3,23.0,7.7,2013,4,13, 
317,5,2013-04-14,69.0,42.0,56.0,10.0,35.0,46.0,9.0,0.0,306.0,1104.0,0.0,0.0,28.95,30.04,7.3,23.0,7.7,2013,4,14, 
318,5,2013-04-15,69.0,42.0,56.0,10.0,35.0,46.0,9.0,0.0,304.0,1106.0,0.0,0.0,28.95,30.04,7.3,23.0,7.7,2013,4,15, 
319,5,2013-04-16,69.0,42.0,56.0,10.0,35.0,46.0,9.0,0.0,303.0,1107.0,0.0,0.0,28.95,30.04,7.3,23.0,7.7,2013,4,16, 
320,5,2013-04-17,69.0,42.0,56.0,10.0,35.0,46.0,9.0,0.0,301.0,1108.0,0.0,0.0,28.95,30.04,7.3,23.0,7.7,2013,4,17, 
321,5,2013-04-18,69.0,42.0,56.0,10.0,35.0,46.0,9.0,0.0,300.0,1109.0,0.0,0.0,28.95,30.04,7.3,23.0,7.7,2013,4,18, 
322,5,2013-04-19,69.0,42.0,56.0,10.0,35.0,46.0,9.0,0.0,298.0,1110.0,0.0,0.0,28.95,30.04,7.3,23.0,7.7,2013,4,19, 
323,5,2013-04-20,69.0,42.0,56.0,10.0,35.0,46.0,9.0,0.0,297.0,1111.0,0.0,0.0,28.95,30.04,7.3,23.0,7.7,2013,4,20, 
324,5,2013-04-21,71.0,46.0,59.0,12.0,40.0,49.0,6.0,0.0,295.0,1112.0,0.0,0.01,28.56,29.61,12.1,23.0,12.8,2013,4,21, 
325,5,2013-04-22,71.0,46.0,59.0,12.0,40.0,49.0,6.0,0.0,293.0,1113.0,0.0,0.01,28.56,29.61,12.1,23.0,12.8,2013,4,22, 
326,5,2013-04-23,71.0,46.0,59.0,12.0,40.0,49.0,6.0,0.0,292.0,1115.0,0.0,0.01,28.56,29.61,12.1,23.0,12.8,2013,4,23, 
327,5,2013-04-24,71.0,46.0,59.0,12.0,40.0,49.0,6.0,0.0,290.0,1116.0,0.0,0.01,28.56,29.61,12.1,23.0,12.8,2013,4,24, 
328,5,2013-04-25,71.0,46.0,59.0,12.0,40.0,49.0,6.0,0.0,289.0,1117.0,0.0,0.01,28.56,29.61,12.1,23.0,12.8,2013,4,25, 
329,5,2013-04-26,71.0,46.0,59.0,12.0,40.0,49.0,6.0,0.0,288.0,1118.0,0.0,0.01,28.56,29.61,12.1,23.0,12.8,2013,4,26, 
330,5,2013-04-27,71.0,46.0,59.0,12.0,40.0,49.0,6.0,0.0,286.0,1119.0,0.0,0.01,28.56,29.61,12.1,23.0,12.8,2013,4,27, 
331,5,2013-04-28,71.0,46.0,59.0,12.0,40.0,49.0,6.0,0.0,285.0,1120.0,0.0,0.01,28.56,29.61,12.1,23.0,12.8,2013,4,28, 
332,5,2013-04-29,71.0,46.0,59.0,12.0,40.0,49.0,6.0,0.0,283.0,1121.0,0.0,0.01,28.56,29.61,12.1,23.0,12.8,2013,4,29, 
333,5,2013-04-30,72.0,60.0,66.0,2.0,52.0,58.0,0.0,1.0,282.0,1122.0,0.0,0.0,28.87,29.95,3.6,33.0,5.2,2013,4,30, 
334,5,2013-05-01,72.0,60.0,66.0,2.0,52.0,58.0,0.0,1.0,281.0,1123.0,0.0,0.0,28.87,29.95,3.6,33.0,5.2,2013,5,1, 
335,5,2013-05-02,82.0,67.0,75.0,5.0,69.0,70.0,0.0,10.0,279.0,1125.0,0.0,2.5,29.51,29.87,2.2,13.0,4.9,2013,5,2, 
336,5,2013-05-03,82.0,67.0,75.0,5.0,69.0,70.0,0.0,10.0,278.0,1126.0,0.0,2.5,29.51,29.87,2.2,13.0,4.9,2013,5,3, 
337,5,2013-05-04,82.0,67.0,75.0,5.0,69.0,70.0,0.0,10.0,277.0,1127.0,0.0,2.5,29.51,29.87,2.2,13.0,4.9,2013,5,4, 
338,5,2013-05-05,82.0,67.0,75.0,5.0,69.0,70.0,0.0,10.0,275.0,1128.0,0.0,2.5,29.51,29.87,2.2,13.0,4.9,2013,5,5, 
339,5,2013-05-06,82.0,67.0,75.0,5.0,69.0,70.0,0.0,10.0,274.0,1129.0,0.0,2.5,29.51,29.87,2.2,13.0,4.9,2013,5,6, 
340,5,2013-05-07,82.0,67.0,75.0,5.0,69.0,70.0,0.0,10.0,273.0,1130.0,0.0,2.5,29.51,29.87,2.2,13.0,4.9,2013,5,7, 
341,5,2013-05-08,82.0,67.0,75.0,5.0,69.0,70.0,0.0,10.0,272.0,1131.0,0.0,2.5,29.51,29.87,2.2,13.0,4.9,2013,5,8, 
342,5,2013-05-09,82.0,67.0,75.0,5.0,69.0,70.0,0.0,10.0,271.0,1132.0,0.0,2.5,29.51,29.87,2.2,13.0,4.9,2013,5,9, 
343,5,2013-05-10,82.0,67.0,75.0,5.0,69.0,70.0,0.0,10.0,269.0,1133.0,0.0,2.5,29.51,29.87,2.2,13.0,4.9,2013,5,10, 
344,5,2013-05-11,82.0,67.0,75.0,5.0,69.0,70.0,0.0,10.0,268.0,1134.0,0.0,2.5,29.51,29.87,2.2,13.0,4.9,2013,5,11, 
345,5,2013-05-12,82.0,67.0,75.0,5.0,69.0,70.0,0.0,10.0,267.0,1135.0,0.0,2.5,29.51,29.87,2.2,13.0,4.9,2013,5,12, 
346,5,2013-05-13,82.0,67.0,75.0,5.0,69.0,70.0,0.0,10.0,266.0,1136.0,0.0,2.5,29.51,29.87,2.2,13.0,4.9,2013,5,13, 
347,5,2013-05-14,82.0,67.0,75.0,5.0,69.0,70.0,0.0,10.0,265.0,1137.0,0.0,2.5,29.51,29.87,2.2,13.0,4.9,2013,5,14, 
348,5,2013-05-15,82.0,67.0,75.0,5.0,69.0,70.0,0.0,10.0,264.0,1138.0,0.0,2.5,29.51,29.87,2.2,13.0,4.9,2013,5,15, 
349,5,2013-05-16,82.0,67.0,75.0,5.0,69.0,70.0,0.0,10.0,263.0,1139.0,0.0,2.5,29.51,29.87,2.2,13.0,4.9,2013,5,16, 
350,5,2013-05-17,85.0,67.0,76.0,6.0,66.0,69.0,0.0,11.0,262.0,1140.0,0.0,0.0,28.8,29.88,6.8,25.0,7.3,2013,5,17, 
351,5,2013-05-18,79.0,53.0,66.0,5.0,60.0,63.0,0.0,1.0,261.0,1140.0,0.0,0.0,29.15,29.88,5.7,16.0,7.0,2013,5,18, 
352,5,2013-05-19,79.0,53.0,66.0,5.0,60.0,63.0,0.0,1.0,260.0,1141.0,0.0,0.0,29.15,29.88,5.7,16.0,7.0,2013,5,19, 
353,5,2013-05-20,79.0,53.0,66.0,5.0,60.0,63.0,0.0,1.0,259.0,1142.0,0.0,0.0,29.15,29.88,5.7,16.0,7.0,2013,5,20, 
354,5,2013-05-21,79.0,53.0,66.0,5.0,60.0,63.0,0.0,1.0,258.0,1143.0,0.0,0.0,29.15,29.88,5.7,16.0,7.0,2013,5,21, 
355,5,2013-05-22,79.0,53.0,66.0,5.0,60.0,63.0,0.0,1.0,258.0,1144.0,0.0,0.0,29.15,29.88,5.7,16.0,7.0,2013,5,22, 
356,5,2013-05-23,79.0,53.0,66.0,5.0,60.0,63.0,0.0,1.0,257.0,1145.0,0.0,0.0,29.15,29.88,5.7,16.0,7.0,2013,5,23, 
357,5,2013-05-24,79.0,53.0,66.0,5.0,60.0,63.0,0.0,1.0,256.0,1146.0,0.0,0.0,29.15,29.88,5.7,16.0,7.0,2013,5,24, 
358,5,2013-05-25,79.0,53.0,66.0,5.0,60.0,63.0,0.0,1.0,255.0,1147.0,0.0,0.0,29.15,29.88,5.7,16.0,7.0,2013,5,25, 
359,5,2013-05-26,79.0,53.0,66.0,5.0,60.0,63.0,0.0,1.0,255.0,1148.0,0.0,0.0,29.15,29.88,5.7,16.0,7.0,2013,5,26, 
360,5,2013-05-27,79.0,53.0,66.0,5.0,60.0,63.0,0.0,1.0,254.0,1149.0,0.0,0.0,29.15,29.88,5.7,16.0,7.0,2013,5,27, 
361,5,2013-05-28,79.0,53.0,66.0,5.0,60.0,63.0,0.0,1.0,253.0,1150.0,0.0,0.0,29.15,29.88,5.7,16.0,7.0,2013,5,28, 
362,5,2013-05-29,79.0,53.0,66.0,5.0,60.0,63.0,0.0,1.0,253.0,1151.0,0.0,0.0,29.15,29.88,5.7,16.0,7.0,2013,5,29, 
363,5,2013-05-30,79.0,53.0,66.0,5.0,60.0,63.0,0.0,1.0,252.0,1152.0,0.0,0.0,29.15,29.88,5.7,16.0,7.0,2013,5,30, 
364,5,2013-05-31,79.0,53.0,66.0,5.0,60.0,63.0,0.0,1.0,252.0,1152.0,0.0,0.0,29.15,29.88,5.7,16.0,7.0,2013,5,31, 
365,5,2013-06-01,79.0,53.0,66.0,5.0,60.0,63.0,0.0,1.0,251.0,1153.0,0.0,0.0,29.15,29.88,5.7,16.0,7.0,2013,6,1, 
366,5,2013-06-02,79.0,53.0,66.0,5.0,60.0,63.0,0.0,1.0,251.0,1154.0,0.0,0.0,29.15,29.88,5.7,16.0,7.0,2013,6,2, 
367,5,2013-06-03,79.0,53.0,66.0,5.0,60.0,63.0,0.0,1.0,250.0,1155.0,0.0,0.0,29.15,29.88,5.7,16.0,7.0,2013,6,3, 
368,5,2013-06-04,79.0,53.0,66.0,5.0,60.0,63.0,0.0,1.0,250.0,1155.0,0.0,0.0,29.15,29.88,5.7,16.0,7.0,2013,6,4, 
369,5,2013-06-05,79.0,53.0,66.0,5.0,60.0,63.0,0.0,1.0,249.0,1156.0,0.0,0.0,29.15,29.88,5.7,16.0,7.0,2013,6,5, 
370,5,2013-06-06,79.0,53.0,66.0,5.0,60.0,63.0,0.0,1.0,249.0,1157.0,0.0,0.0,29.15,29.88,5.7,16.0,7.0,2013,6,6, 
371,5,2013-06-07,79.0,53.0,66.0,5.0,60.0,63.0,0.0,1.0,249.0,1158.0,0.0,0.0,29.15,29.88,5.7,16.0,7.0,2013,6,7, 
372,5,2013-06-08,79.0,53.0,66.0,5.0,60.0,63.0,0.0,1.0,249.0,1158.0,0.0,0.0,29.15,29.88,5.7,16.0,7.0,2013,6,8, 
373,5,2013-06-09,79.0,53.0,66.0,5.0,60.0,63.0,0.0,1.0,248.0,1159.0,0.0,0.0,29.15,29.88,5.7,16.0,7.0,2013,6,9, 
374,5,2013-06-10,79.0,53.0,66.0,5.0,60.0,63.0,0.0,1.0,248.0,1159.0,0.0,0.0,29.15,29.88,5.7,16.0,7.0,2013,6,10, 
375,5,2013-06-11,79.0,53.0,66.0,5.0,60.0,63.0,0.0,1.0,248.0,1160.0,0.0,0.0,29.15,29.88,5.7,16.0,7.0,2013,6,11, 
376,5,2013-06-12,79.0,53.0,66.0,5.0,60.0,63.0,0.0,1.0,248.0,1160.0,0.0,0.0,29.15,29.88,5.7,16.0,7.0,2013,6,12, 
377,5,2013-06-13,79.0,53.0,66.0,5.0,60.0,63.0,0.0,1.0,248.0,1161.0,0.0,0.0,29.15,29.88,5.7,16.0,7.0,2013,6,13, 
378,5,2013-06-14,79.0,53.0,66.0,5.0,60.0,63.0,0.0,1.0,248.0,1161.0,0.0,0.0,29.15,29.88,5.7,16.0,7.0,2013,6,14, 
379,5,2013-06-15,79.0,52.0,66.0,2.0,43.0,55.0,0.0,1.0,248.0,1162.0,0.0,0.0,29.34,30.09,3.5,17.0,5.9,2013,6,15, 
380,5,2013-06-16,79.0,52.0,66.0,2.0,43.0,55.0,0.0,1.0,248.0,1162.0,0.0,0.0,29.34,30.09,3.5,17.0,5.9,2013,6,16, 
381,5,2013-06-17,79.0,52.0,66.0,2.0,43.0,55.0,0.0,1.0,248.0,1163.0,0.0,0.0,29.34,30.09,3.5,17.0,5.9,2013,6,17, 
382,5,2013-06-18,79.0,52.0,66.0,2.0,43.0,55.0,0.0,1.0,248.0,1163.0,0.0,0.0,29.34,30.09,3.5,17.0,5.9,2013,6,18, 
383,5,2013-06-19,79.0,52.0,66.0,2.0,43.0,55.0,0.0,1.0,248.0,1163.0,0.0,0.0,29.34,30.09,3.5,17.0,5.9,2013,6,19, 
384,5,2013-06-20,79.0,52.0,66.0,2.0,43.0,55.0,0.0,1.0,248.0,1164.0,0.0,0.0,29.34,30.09,3.5,17.0,5.9,2013,6,20, 
385,5,2013-06-21,79.0,52.0,66.0,2.0,43.0,55.0,0.0,1.0,248.0,1164.0,0.0,0.0,29.34,30.09,3.5,17.0,5.9,2013,6,21, 
386,5,2013-06-22,79.0,52.0,66.0,2.0,43.0,55.0,0.0,1.0,249.0,1164.0,0.0,0.0,29.34,30.09,3.5,17.0,5.9,2013,6,22, 
387,5,2013-06-23,79.0,52.0,66.0,2.0,43.0,55.0,0.0,1.0,249.0,1164.0,0.0,0.0,29.34,30.09,3.5,17.0,5.9,2013,6,23, 
388,5,2013-06-24,79.0,52.0,66.0,2.0,43.0,55.0,0.0,1.0,249.0,1164.0,0.0,0.0,29.34,30.09,3.5,17.0,5.9,2013,6,24, 
389,5,2013-06-25,79.0,52.0,66.0,2.0,43.0,55.0,0.0,1.0,249.0,1165.0,0.0,0.0,29.34,30.09,3.5,17.0,5.9,2013,6,25, 
390,5,2013-06-26,79.0,52.0,66.0,2.0,43.0,55.0,0.0,1.0,250.0,1165.0,0.0,0.0,29.34,30.09,3.5,17.0,5.9,2013,6,26, 
391,5,2013-06-27,79.0,52.0,66.0,2.0,43.0,55.0,0.0,1.0,250.0,1165.0,0.0,0.0,29.34,30.09,3.5,17.0,5.9,2013,6,27, 
392,5,2013-06-28,79.0,52.0,66.0,2.0,43.0,55.0,0.0,1.0,251.0,1165.0,0.0,0.0,29.34,30.09,3.5,17.0,5.9,2013,6,28, 
393,5,2013-06-29,79.0,52.0,66.0,2.0,43.0,55.0,0.0,1.0,251.0,1165.0,0.0,0.0,29.34,30.09,3.5,17.0,5.9,2013,6,29, 
394,5,2013-06-30,79.0,52.0,66.0,2.0,43.0,55.0,0.0,1.0,251.0,1165.0,0.0,0.0,29.34,30.09,3.5,17.0,5.9,2013,6,30, 
395,5,2013-07-01,79.0,52.0,66.0,2.0,43.0,55.0,0.0,1.0,252.0,1165.0,0.0,0.0,29.34,30.09,3.5,17.0,5.9,2013,7,1, 
396,5,2013-07-02,79.0,52.0,66.0,2.0,43.0,55.0,0.0,1.0,252.0,1164.0,0.0,0.0,29.34,30.09,3.5,17.0,5.9,2013,7,2, 
397,5,2013-07-03,79.0,52.0,66.0,2.0,43.0,55.0,0.0,1.0,253.0,1164.0,0.0,0.0,29.34,30.09,3.5,17.0,5.9,2013,7,3, 
398,5,2013-07-04,79.0,52.0,66.0,2.0,43.0,55.0,0.0,1.0,254.0,1164.0,0.0,0.0,29.34,30.09,3.5,17.0,5.9,2013,7,4, 
399,5,2013-07-05,79.0,52.0,66.0,2.0,43.0,55.0,0.0,1.0,254.0,1164.0,0.0,0.0,29.34,30.09,3.5,17.0,5.9,2013,7,5, 
400,5,2013-07-06,79.0,52.0,66.0,2.0,43.0,55.0,0.0,1.0,255.0,1164.0,0.0,0.0,29.34,30.09,3.5,17.0,5.9,2013,7,6, 
401,5,2013-07-07,79.0,53.0,66.0,5.0,60.0,63.0,0.0,1.0,255.0,1163.0,0.0,0.0,29.15,29.88,5.7,16.0,7.0,2013,7,7, 
402,5,2013-07-08,79.0,53.0,66.0,5.0,60.0,63.0,0.0,1.0,256.0,1163.0,0.0,0.0,29.15,29.88,5.7,16.0,7.0,2013,7,8, 
403,5,2013-07-09,79.0,53.0,66.0,5.0,60.0,63.0,0.0,1.0,257.0,1163.0,0.0,0.0,29.15,29.88,5.7,16.0,7.0,2013,7,9, 
404,5,2013-07-10,79.0,53.0,66.0,5.0,60.0,63.0,0.0,1.0,257.0,1162.0,0.0,0.0,29.15,29.88,5.7,16.0,7.0,2013,7,10, 
405,5,2013-07-11,79.0,53.0,66.0,5.0,60.0,63.0,0.0,1.0,258.0,1162.0,0.0,0.0,29.15,29.88,5.7,16.0,7.0,2013,7,11, 
406,5,2013-07-12,79.0,53.0,66.0,5.0,60.0,63.0,0.0,1.0,259.0,1161.0,0.0,0.0,29.15,29.88,5.7,16.0,7.0,2013,7,12, 
407,5,2013-07-13,79.0,53.0,66.0,5.0,60.0,63.0,0.0,1.0,260.0,1161.0,0.0,0.0,29.15,29.88,5.7,16.0,7.0,2013,7,13, 
408,5,2013-07-14,79.0,53.0,66.0,5.0,60.0,63.0,0.0,1.0,260.0,1160.0,0.0,0.0,29.15,29.88,5.7,16.0,7.0,2013,7,14, 
409,5,2013-07-15,79.0,53.0,66.0,5.0,60.0,63.0,0.0,1.0,261.0,1160.0,0.0,0.0,29.15,29.88,5.7,16.0,7.0,2013,7,15, 
410,5,2013-07-16,79.0,53.0,66.0,5.0,60.0,63.0,0.0,1.0,262.0,1159.0,0.0,0.0,29.15,29.88,5.7,16.0,7.0,2013,7,16, 
411,5,2013-07-17,73.0,64.0,69.0,2.0,65.0,66.0,0.0,4.0,263.0,1158.0,0.0,0.01,28.74,29.81,6.2,26.0,7.9,2013,7,17, 
412,5,2013-07-18,73.0,64.0,69.0,2.0,65.0,66.0,0.0,4.0,264.0,1158.0,0.0,0.01,28.74,29.81,6.2,26.0,7.9,2013,7,18, 
413,5,2013-07-19,73.0,64.0,69.0,2.0,65.0,66.0,0.0,4.0,265.0,1157.0,0.0,0.01,28.74,29.81,6.2,26.0,7.9,2013,7,19, 
414,5,2013-07-20,73.0,64.0,69.0,2.0,65.0,66.0,0.0,4.0,266.0,1156.0,0.0,0.01,28.74,29.81,6.2,26.0,7.9,2013,7,20, 
415,5,2013-07-21,73.0,64.0,69.0,2.0,65.0,66.0,0.0,4.0,266.0,1155.0,0.0,0.01,28.74,29.81,6.2,26.0,7.9,2013,7,21, 
416,5,2013-07-22,73.0,64.0,69.0,2.0,65.0,66.0,0.0,4.0,267.0,1155.0,0.0,0.01,28.74,29.81,6.2,26.0,7.9,2013,7,22, 
417,5,2013-07-23,73.0,64.0,69.0,2.0,65.0,66.0,0.0,4.0,268.0,1154.0,0.0,0.01,28.74,29.81,6.2,26.0,7.9,2013,7,23, 
418,5,2013-07-24,73.0,64.0,69.0,2.0,65.0,66.0,0.0,4.0,269.0,1153.0,0.0,0.01,28.74,29.81,6.2,26.0,7.9,2013,7,24, 
419,5,2013-07-25,76.0,60.0,68.0,5.0,54.0,60.0,0.0,3.0,270.0,1152.0,0.0,0.0,29.33,30.05,2.7,3.0,6.2,2013,7,25, 
420,5,2013-07-26,76.0,60.0,68.0,5.0,54.0,60.0,0.0,3.0,271.0,1151.0,0.0,0.0,29.33,30.05,2.7,3.0,6.2,2013,7,26, 
421,5,2013-07-27,85.0,67.0,76.0,6.0,66.0,69.0,0.0,11.0,272.0,1150.0,0.0,0.0,28.8,29.88,6.8,25.0,7.3,2013,7,27, 
422,5,2013-07-28,85.0,67.0,76.0,6.0,66.0,69.0,0.0,11.0,273.0,1149.0,0.0,0.0,28.8,29.88,6.8,25.0,7.3,2013,7,28, 
423,5,2013-07-29,85.0,67.0,76.0,6.0,66.0,69.0,0.0,11.0,274.0,1148.0,0.0,0.0,28.8,29.88,6.8,25.0,7.3,2013,7,29, 
424,5,2013-07-30,85.0,67.0,76.0,6.0,66.0,69.0,0.0,11.0,275.0,1147.0,0.0,0.0,28.8,29.88,6.8,25.0,7.3,2013,7,30, 
425,5,2013-07-31,85.0,67.0,76.0,6.0,66.0,69.0,0.0,11.0,276.0,1146.0,0.0,0.0,28.8,29.88,6.8,25.0,7.3,2013,7,31, 
426,5,2013-09-01,76.0,67.0,72.0,5.0,70.0,68.0,0.0,7.0,309.0,1099.0,0.0,2.32,29.36,29.89,9.4,19.0,11.1,2013,9,1, 
427,5,2013-09-02,79.0,67.0,73.0,7.0,71.0,67.0,0.0,8.0,310.0,1097.0,0.0,0.43,29.38,29.81,10.3,18.0,11.1,2013,9,2, 
428,5,2013-09-03,79.0,61.0,70.0,4.0,66.0,66.0,0.0,5.0,311.0,1095.0,0.0,0.0,28.74,29.78,8.2,23.0,9.6,2013,9,3, 
429,5,2013-09-04,78.0,57.0,68.0,2.0,56.0,58.0,0.0,3.0,313.0,1094.0,0.0,0.0,28.87,29.91,10.9,27.0,11.8,2013,9,4, 
430,5,2013-09-05,66.0,51.0,59.0,7.0,55.0,54.0,6.0,0.0,314.0,1092.0,0.0,0.08,28.98,30.01,1.8,33.0,8.3,2013,9,5, 
431,5,2013-09-06,68.0,46.0,57.0,8.0,41.0,46.0,8.0,0.0,315.0,1090.0,0.0,0.0,28.95,30.2,5.4,28.0,8.5,2013,9,6, 
432,5,2013-09-07,78.0,51.0,65.0,1.0,48.0,53.0,0.0,0.0,316.0,1089.0,0.0,0.0,30.06,30.0,10.7,23.0,11.6,2013,9,7, 
433,5,2013-09-08,74.0,50.0,62.0,2.0,49.0,57.0,3.0,0.0,317.0,1087.0,0.0,0.0,29.23,29.89,8.9,30.0,12.7,2013,9,8, 
434,5,2013-09-09,69.0,47.0,58.0,6.0,44.0,46.0,7.0,0.0,318.0,1085.0,0.0,0.0,28.95,30.2,5.6,22.0,10.5,2013,9,9, 
435,5,2013-09-10,73.0,56.0,65.0,1.0,62.0,53.0,0.0,0.0,319.0,1083.0,0.0,0.03,30.06,30.13,14.0,20.0,15.3,2013,9,10, 
436,5,2013-09-11,93.0,68.0,81.0,17.0,71.0,69.0,0.0,16.0,320.0,1082.0,0.0,0.0,29.38,30.05,11.6,21.0,12.2,2013,9,11, 
437,5,2013-09-12,85.0,66.0,76.0,13.0,69.0,68.0,0.0,11.0,321.0,1080.0,0.0,0.47,29.15,29.84,13.3,19.0,14.8,2013,9,12, 
438,5,2013-09-13,79.0,58.0,69.0,6.0,62.0,66.0,0.0,4.0,322.0,1078.0,0.0,0.17,28.74,29.67,3.7,30.0,7.5,2013,9,13, 
439,5,2013-09-14,67.0,52.0,60.0,3.0,51.0,57.0,5.0,0.0,323.0,1076.0,0.0,0.0,29.23,29.94,9.3,30.0,9.9,2013,9,14, 
440,5,2013-09-15,70.0,48.0,59.0,4.0,49.0,52.0,6.0,0.0,324.0,1075.0,0.0,0.0,29.41,30.13,6.8,26.0,8.4,2013,9,15, 
441,5,2013-09-16,66.0,46.0,56.0,6.0,48.0,46.0,9.0,0.0,325.0,1073.0,0.0,0.02,28.95,30.11,7.9,30.0,10.6,2013,9,16, 
442,5,2013-09-17,60.0,40.0,50.0,12.0,37.0,44.0,15.0,0.0,326.0,1071.0,0.0,0.0,29.72,30.37,5.7,35.0,9.0,2013,9,17, 
443,5,2013-09-18,73.0,47.0,60.0,1.0,43.0,53.0,5.0,0.0,327.0,1069.0,0.0,0.0,30.06,30.26,8.2,26.0,9.5,2013,9,18, 
444,5,2013-09-19,78.0,51.0,65.0,4.0,49.0,57.0,0.0,0.0,328.0,1068.0,0.0,0.0,29.23,30.12,7.2,26.0,8.7,2013,9,19, 
445,5,2013-09-20,78.0,54.0,66.0,5.0,53.0,57.0,0.0,1.0,329.0,1066.0,0.0,0.0,29.23,30.07,4.5,22.0,8.3,2013,9,20, 
446,5,2013-09-21,74.0,57.0,66.0,6.0,51.0,56.0,0.0,1.0,330.0,1064.0,0.0,0.0,29.49,29.99,1.0,7.0,16.0,2013,9,21, 
447,5,2013-09-22,70.0,49.0,60.0,0.0,53.0,55.0,5.0,0.0,331.0,1062.0,0.0,0.39,29.59,30.07,3.9,2.0,13.7,2013,9,22, 
448,5,2013-09-23,63.0,43.0,53.0,7.0,50.0,52.0,12.0,0.0,333.0,1061.0,0.0,0.0,29.41,30.15,7.5,1.0,11.9,2013,9,23, 
449,5,2013-09-24,65.0,40.0,53.0,6.0,41.0,46.0,12.0,0.0,334.0,1059.0,0.0,0.0,29.49,29.92,6.6,31.0,9.8,2013,9,24, 
450,5,2013-09-25,64.0,45.0,55.0,4.0,50.0,52.0,10.0,0.0,335.0,1057.0,0.0,0.0,29.41,30.15,7.5,1.0,7.3,2013,9,25, 
451,5,2013-09-26,63.0,52.0,58.0,1.0,47.0,52.0,7.0,0.0,336.0,1055.0,0.0,0.0,29.41,30.07,4.9,4.0,6.2,2013,9,26, 
452,5,2013-09-27,64.0,53.0,59.0,1.0,49.0,52.0,6.0,0.0,337.0,1054.0,0.0,0.0,29.41,30.23,4.2,1.0,7.4,2013,9,27, 
453,5,2013-09-28,70.0,52.0,61.0,3.0,51.0,52.0,4.0,0.0,338.0,1052.0,0.0,0.0,29.41,30.31,5.6,4.0,8.3,2013,9,28, 
454,5,2013-09-29,65.0,50.0,58.0,1.0,50.0,52.0,7.0,0.0,339.0,1050.0,0.0,0.0,29.41,30.21,5.6,8.0,6.5,2013,9,29, 
455,5,2013-09-30,64.0,51.0,58.0,1.0,49.0,52.0,7.0,0.0,340.0,1048.0,0.0,0.0,29.41,30.06,2.2,3.0,4.8,2013,9,30, 
456,5,2013-10-01,65.0,53.0,59.0,5.0,50.0,54.0,6.0,0.0,341.0,1047.0,0.0,0.36,28.98,29.94,5.8,31.0,3.4,2013,10,1, 
457,5,2013-10-02,39.0,21.0,30.0,5.0,56.0,28.0,35.0,0.0,342.0,1045.0,0.0,0.0,29.42,29.92,13.3,27.0,10.6,2013,10,2, 
458,5,2013-10-03,65.0,53.0,59.0,5.0,48.0,54.0,6.0,0.0,343.0,1043.0,0.0,0.36,28.98,30.06,8.9,29.0,3.4,2013,10,3, 
459,5,2013-10-04,65.0,53.0,59.0,5.0,52.0,54.0,6.0,0.0,344.0,1041.0,0.0,0.36,28.98,30.08,2.3,33.0,3.4,2013,10,4, 
460,5,2013-10-05,59.0,51.0,55.0,7.0,56.0,52.0,10.0,0.0,346.0,1040.0,0.0,0.0,29.41,30.12,4.1,7.0,8.1,2013,10,5, 
461,5,2013-10-06,59.0,51.0,55.0,7.0,55.0,52.0,10.0,0.0,347.0,1038.0,0.0,0.0,29.41,30.19,8.8,8.0,8.1,2013,10,6, 
462,5,2013-10-07,98.0,79.0,89.0,4.0,64.0,73.0,0.0,24.0,348.0,1036.0,0.0,0.0,29.41,29.97,14.5,18.0,10.6,2013,10,7, 
463,5,2013-10-08,50.0,43.0,47.0,4.0,42.0,44.0,18.0,0.0,349.0,1035.0,0.0,0.15,29.0,30.21,9.3,33.0,4.6,2013,10,8, 
464,5,2013-10-09,64.0,42.0,53.0,9.0,44.0,47.0,12.0,0.0,350.0,1033.0,0.0,0.0,29.87,30.42,10.2,6.0,10.4,2013,10,9, 
465,5,2013-10-10,59.0,51.0,55.0,7.0,50.0,52.0,10.0,0.0,351.0,1031.0,0.0,0.0,29.41,30.28,8.3,5.0,8.1,2013,10,10, 
466,5,2013-10-11,59.0,51.0,55.0,7.0,50.0,52.0,10.0,0.0,352.0,1030.0,0.0,0.0,29.41,30.15,8.7,4.0,8.1,2013,10,11, 
467,5,2013-10-12,64.0,42.0,53.0,9.0,52.0,47.0,12.0,0.0,353.0,1028.0,0.0,0.0,29.87,30.31,12.5,5.0,10.4,2013,10,12, 
468,5,2013-10-13,64.0,42.0,53.0,9.0,45.0,47.0,12.0,0.0,355.0,1026.0,0.0,0.0,29.87,30.42,7.9,6.0,10.4,2013,10,13, 
469,5,2013-10-14,36.0,30.0,33.0,11.0,42.0,32.0,32.0,0.0,356.0,1025.0,0.0,0.0,29.55,30.34,4.1,21.0,4.6,2013,10,14, 
470,5,2013-10-15,41.0,34.0,38.0,5.0,48.0,36.0,27.0,0.0,357.0,1023.0,0.0,0.12,29.83,30.25,3.0,10.0,3.1,2013,10,15, 
471,5,2013-10-16,64.0,40.0,52.0,6.0,53.0,50.0,13.0,0.0,358.0,1022.0,0.0,0.02,29.21,30.06,4.5,6.0,6.7,2013,10,16, 
472,5,2013-10-17,64.0,40.0,52.0,6.0,57.0,50.0,13.0,0.0,359.0,1020.0,0.0,0.02,29.21,29.84,9.7,21.0,6.7,2013,10,17, 
473,5,2013-10-18,80.0,56.0,68.0,21.0,48.0,62.0,0.0,3.0,360.0,1019.0,0.0,0.2,29.18,29.79,11.8,26.0,15.9,2013,10,18, 
474,5,2013-10-19,64.0,40.0,52.0,6.0,41.0,50.0,13.0,0.0,361.0,1017.0,0.0,0.02,29.21,29.91,7.4,21.0,6.7,2013,10,19, 
475,5,2013-10-20,39.0,21.0,30.0,5.0,37.0,28.0,35.0,0.0,363.0,1015.0,0.0,0.0,29.42,29.88,11.4,28.0,10.6,2013,10,20, 
476,5,2013-10-21,64.0,40.0,52.0,6.0,38.0,50.0,13.0,0.0,364.0,1014.0,0.0,0.02,29.21,30.08,9.1,23.0,6.7,2013,10,21, 
477,5,2013-10-22,64.0,40.0,52.0,6.0,45.0,50.0,13.0,0.0,365.0,1012.0,0.0,0.02,29.21,29.84,8.3,22.0,6.7,2013,10,22, 
478,5,2013-10-23,39.0,21.0,30.0,5.0,32.0,28.0,35.0,0.0,366.0,1011.0,0.0,0.0,29.42,29.71,4.9,29.0,10.6,2013,10,23, 
479,5,2013-10-24,39.0,21.0,30.0,5.0,27.0,28.0,35.0,0.0,367.0,1010.0,0.0,0.0,29.42,29.81,13.4,27.0,10.6,2013,10,24, 
480,5,2013-10-25,39.0,21.0,30.0,5.0,27.0,28.0,35.0,0.0,369.0,1008.0,0.0,0.0,29.42,30.06,11.0,28.0,10.6,2013,10,25, 
481,5,2013-10-26,61.0,28.0,45.0,9.0,29.0,40.0,20.0,0.0,370.0,1007.0,0.0,0.0,28.61,30.05,13.9,22.0,15.1,2013,10,26, 
482,5,2013-10-27,39.0,21.0,30.0,5.0,32.0,28.0,35.0,0.0,371.0,1005.0,0.0,0.0,29.42,29.93,12.6,27.0,10.6,2013,10,27, 
483,5,2013-10-28,20.0,3.0,12.0,13.0,29.0,9.0,53.0,0.0,372.0,1004.0,0.0,0.0,29.1,30.2,9.2,28.0,10.0,2013,10,28, 
484,5,2013-10-29,50.0,32.0,41.0,2.0,34.0,38.0,24.0,0.0,373.0,1003.0,0.0,0.0,29.65,30.03,0.3,3.0,0.6,2013,10,29, 
485,5,2013-10-30,50.0,32.0,41.0,2.0,34.0,38.0,24.0,0.0,375.0,1001.0,0.0,0.0,29.65,30.03,0.3,3.0,0.6,2013,10,30, 
486,5,2013-10-31,64.0,40.0,52.0,6.0,51.0,50.0,13.0,0.0,376.0,1000.0,0.0,0.02,29.21,30.09,14.5,18.0,6.7,2013,10,31, 
487,5,2013-11-01,37.0,21.0,29.0,2.0,56.0,24.0,36.0,0.0,377.0,999.0,0.9,0.08,28.82,29.61,22.7,21.0,24.8,2013,11,1, 
488,5,2013-11-02,64.0,40.0,52.0,6.0,42.0,50.0,13.0,0.0,378.0,997.0,0.0,0.02,29.21,29.68,3.6,26.0,6.7,2013,11,2, 
489,5,2013-11-03,50.0,43.0,47.0,4.0,29.0,44.0,18.0,0.0,380.0,996.0,0.0,0.15,29.0,30.12,9.1,34.0,4.6,2013,11,3, 
490,5,2013-11-04,64.0,42.0,53.0,9.0,18.0,47.0,12.0,0.0,381.0,995.0,0.0,0.0,29.87,30.62,5.2,1.0,10.4,2013,11,4, 
491,5,2013-11-05,36.0,30.0,33.0,11.0,25.0,32.0,32.0,0.0,382.0,994.0,0.0,0.0,29.55,30.65,2.4,22.0,4.6,2013,11,5, 
492,5,2013-11-06,64.0,40.0,52.0,6.0,42.0,50.0,13.0,0.0,383.0,993.0,0.0,0.02,29.21,30.01,15.1,20.0,6.7,2013,11,6, 
493,5,2013-11-07,64.0,40.0,52.0,6.0,49.0,50.0,13.0,0.0,385.0,991.0,0.0,0.02,29.21,29.83,12.0,24.0,6.7,2013,11,7, 
494,5,2013-11-08,39.0,21.0,30.0,5.0,25.0,28.0,35.0,0.0,386.0,990.0,0.0,0.0,29.42,29.95,13.6,29.0,10.6,2013,11,8, 
495,5,2013-11-09,20.0,3.0,12.0,13.0,22.0,9.0,53.0,0.0,387.0,989.0,0.0,0.0,29.1,30.15,10.5,26.0,10.0,2013,11,9, 
496,5,2013-11-10,64.0,40.0,52.0,6.0,35.0,50.0,13.0,0.0,388.0,988.0,0.0,0.02,29.21,29.86,10.4,23.0,6.7,2013,11,10, 
497,5,2013-11-11,64.0,40.0,52.0,6.0,26.0,50.0,13.0,0.0,390.0,987.0,0.0,0.02,29.21,30.01,11.9,26.0,6.7,2013,11,11, 
498,5,2013-11-12,59.0,32.0,46.0,9.0,24.0,37.0,19.0,0.0,391.0,986.0,0.0,0.0,29.29,30.06,12.6,30.0,7.3,2013,11,12, 
499,5,2013-11-13,20.0,3.0,12.0,13.0,13.0,9.0,53.0,0.0,392.0,985.0,0.0,0.0,29.1,30.24,12.2,29.0,10.0,2013,11,13, 
500,5,2013-11-14,20.0,3.0,12.0,13.0,17.0,9.0,53.0,0.0,393.0,984.0,0.0,0.0,29.1,30.12,13.1,23.0,10.0,2013,11,14, 
501,5,2013-11-15,20.0,3.0,12.0,13.0,22.0,9.0,53.0,0.0,395.0,983.0,0.0,0.0,29.1,30.18,13.4,22.0,10.0,2013,11,15, 
502,5,2013-11-16,36.0,30.0,33.0,11.0,28.0,32.0,32.0,0.0,396.0,982.0,0.0,0.0,29.55,30.29,5.2,25.0,4.6,2013,11,16, 
503,5,2013-11-17,64.0,40.0,52.0,6.0,47.0,50.0,13.0,0.0,397.0,982.0,0.0,0.02,29.21,30.19,8.8,15.0,6.7,2013,11,17, 
504,5,2013-11-18,80.0,56.0,68.0,21.0,46.0,62.0,0.0,3.0,398.0,981.0,0.0,0.2,29.18,29.62,14.0,22.0,15.9,2013,11,18, 
505,5,2013-11-19,61.0,28.0,45.0,9.0,20.0,40.0,20.0,0.0,399.0,980.0,0.0,0.0,28.61,29.97,16.6,30.0,15.1,2013,11,19, 
506,5,2013-11-20,20.0,3.0,12.0,13.0,11.0,9.0,53.0,0.0,401.0,979.0,0.0,0.0,29.1,30.51,9.5,33.0,10.0,2013,11,20, 
507,5,2013-11-21,50.0,32.0,41.0,2.0,34.0,38.0,24.0,0.0,402.0,979.0,0.0,0.0,29.65,30.03,0.3,3.0,0.6,2013,11,21, 
508,5,2013-11-22,50.0,32.0,41.0,2.0,34.0,38.0,24.0,0.0,403.0,978.0,0.0,0.0,29.65,30.03,0.3,3.0,0.6,2013,11,22, 
509,5,2013-11-23,39.0,21.0,30.0,5.0,25.0,28.0,35.0,0.0,404.0,977.0,0.0,0.0,29.42,29.84,15.9,29.0,10.6,2013,11,23, 
510,5,2013-11-24,37.0,21.0,29.0,2.0,2.0,24.0,36.0,0.0,405.0,977.0,0.9,0.08,28.82,29.95,23.3,30.0,24.8,2013,11,24, 
511,5,2013-11-25,20.0,3.0,12.0,13.0,1.0,9.0,53.0,0.0,407.0,976.0,0.0,0.0,29.1,30.33,10.8,26.0,10.0,2013,11,25, 
512,5,2013-11-26,36.0,30.0,33.0,11.0,23.0,32.0,32.0,0.0,408.0,976.0,0.0,0.0,29.55,30.27,8.5,19.0,4.6,2013,11,26, 
513,5,2013-11-27,80.0,56.0,68.0,21.0,50.0,62.0,0.0,3.0,409.0,975.0,0.0,0.2,29.18,29.46,11.2,18.0,15.9,2013,11,27, 
514,5,2013-11-28,20.0,3.0,12.0,13.0,14.0,9.0,53.0,0.0,410.0,975.0,0.0,0.0,29.1,30.06,16.8,28.0,10.0,2013,11,28, 
515,5,2013-11-29,31.0,18.0,25.0,5.0,23.0,25.0,40.0,0.0,411.0,974.0,0.7,0.03,29.77,30.14,1.8,35.0,2.5,2013,11,29, 
516,5,2013-11-30,37.0,10.0,24.0,2.0,13.0,20.0,41.0,0.0,412.0,974.0,0.0,0.0,29.83,30.68,0.9,5.0,3.4,2013,11,30, 
517,5,2013-12-01,36.0,30.0,33.0,11.0,34.0,32.0,32.0,0.0,413.0,974.0,0.0,0.0,29.55,30.19,4.6,14.0,4.6,2013,12,1, 
518,5,2013-12-02,31.0,18.0,25.0,5.0,36.0,25.0,40.0,0.0,414.0,973.0,0.7,0.03,29.77,29.97,4.3,33.0,2.5,2013,12,2, 
519,5,2013-12-03,59.0,32.0,46.0,9.0,33.0,37.0,19.0,0.0,415.0,973.0,0.0,0.0,29.29,29.91,8.9,32.0,7.3,2013,12,3, 
520,5,2013-12-04,31.0,18.0,25.0,5.0,27.0,25.0,40.0,0.0,416.0,973.0,0.7,0.03,29.77,30.11,6.5,29.0,2.5,2013,12,4, 
521,5,2013-12-05,64.0,40.0,52.0,6.0,42.0,50.0,13.0,0.0,417.0,973.0,0.0,0.02,29.21,30.11,11.4,16.0,6.7,2013,12,5, 
522,5,2013-12-06,64.0,40.0,52.0,6.0,45.0,50.0,13.0,0.0,418.0,973.0,0.0,0.02,29.21,29.99,6.4,28.0,6.7,2013,12,6, 
523,5,2013-12-07,20.0,3.0,12.0,13.0,26.0,9.0,53.0,0.0,419.0,973.0,0.0,0.0,29.1,30.26,10.1,32.0,10.0,2013,12,7, 
524,5,2013-12-08,31.0,18.0,25.0,5.0,14.0,25.0,40.0,0.0,420.0,972.0,0.7,0.03,29.77,30.54,3.9,34.0,2.5,2013,12,8, 
525,5,2013-12-09,50.0,32.0,41.0,2.0,32.0,38.0,24.0,0.0,421.0,972.0,0.0,0.0,29.65,30.13,3.7,7.0,0.6,2013,12,9, 
526,5,2013-12-10,59.0,32.0,46.0,9.0,27.0,37.0,19.0,0.0,422.0,972.0,0.0,0.0,29.29,29.91,10.6,26.0,7.3,2013,12,10, 
527,5,2013-12-11,20.0,3.0,12.0,13.0,16.0,9.0,53.0,0.0,423.0,973.0,0.0,0.0,29.1,30.16,13.3,24.0,10.0,2013,12,11, 
528,5,2013-12-12,20.0,3.0,12.0,13.0,6.0,9.0,53.0,0.0,424.0,973.0,0.0,0.0,29.1,30.2,9.6,28.0,10.0,2013,12,12, 
529,5,2013-12-13,20.0,3.0,12.0,13.0,9.0,9.0,53.0,0.0,424.0,973.0,0.0,0.0,29.1,30.12,12.3,26.0,10.0,2013,12,13, 
530,5,2013-12-14,64.0,42.0,53.0,9.0,7.0,47.0,12.0,0.0,425.0,973.0,0.0,0.0,29.87,30.46,6.3,4.0,10.4,2013,12,14, 
531,5,2013-12-15,31.0,18.0,25.0,5.0,25.0,25.0,40.0,0.0,426.0,973.0,0.7,0.03,29.77,29.64,5.6,34.0,2.5,2013,12,15, 
532,5,2013-12-16,59.0,32.0,46.0,9.0,10.0,37.0,19.0,0.0,427.0,974.0,0.0,0.0,29.29,29.98,13.9,27.0,7.3,2013,12,16, 
533,5,2013-12-17,31.0,18.0,25.0,5.0,10.0,25.0,40.0,0.0,427.0,974.0,0.7,0.03,29.77,30.14,7.5,36.0,2.5,2013,12,17, 
534,5,2013-12-18,59.0,32.0,46.0,9.0,17.0,37.0,19.0,0.0,428.0,974.0,0.0,0.0,29.29,29.96,12.5,30.0,7.3,2013,12,18, 
535,5,2013-12-19,61.0,28.0,45.0,9.0,21.0,40.0,20.0,0.0,428.0,975.0,0.0,0.0,28.61,30.07,13.6,24.0,15.1,2013,12,19, 
536,5,2013-12-20,61.0,28.0,45.0,9.0,30.0,40.0,20.0,0.0,429.0,975.0,0.0,0.0,28.61,30.03,13.2,19.0,15.1,2013,12,20, 
537,5,2013-12-21,61.0,28.0,45.0,9.0,43.0,40.0,20.0,0.0,430.0,975.0,0.0,0.0,28.61,29.94,16.8,20.0,15.1,2013,12,21, 
538,5,2013-12-22,31.0,18.0,25.0,5.0,23.0,25.0,40.0,0.0,430.0,976.0,0.7,0.03,29.77,30.14,1.8,35.0,2.5,2013,12,22, 
539,5,2013-12-23,31.0,18.0,25.0,5.0,23.0,25.0,40.0,0.0,431.0,976.0,0.7,0.03,29.77,30.14,1.8,35.0,2.5,2013,12,23, 
540,5,2013-12-24,31.0,18.0,25.0,5.0,20.0,25.0,40.0,0.0,431.0,977.0,0.7,0.03,29.77,30.13,11.0,32.0,2.5,2013,12,24, 
541,5,2013-12-25,20.0,3.0,12.0,13.0,3.0,9.0,53.0,0.0,431.0,978.0,0.0,0.0,29.1,30.44,5.8,30.0,10.0,2013,12,25, 
542,5,2013-12-26,36.0,30.0,33.0,11.0,22.0,32.0,32.0,0.0,432.0,978.0,0.0,0.0,29.55,30.27,4.2,21.0,4.6,2013,12,26, 
543,5,2013-12-27,20.0,3.0,12.0,13.0,18.0,9.0,53.0,0.0,432.0,979.0,0.0,0.0,29.1,30.25,12.0,26.0,10.0,2013,12,27, 
544,5,2013-12-28,61.0,28.0,45.0,9.0,23.0,40.0,20.0,0.0,432.0,980.0,0.0,0.0,28.61,30.12,13.7,22.0,15.1,2013,12,28, 
545,5,2013-12-29,67.0,36.0,52.0,5.0,32.0,46.0,13.0,0.0,433.0,980.0,0.0,0.0,29.49,29.82,3.2,21.0,9.4,2013,12,29, 
546,5,2013-12-30,59.0,32.0,46.0,9.0,21.0,37.0,19.0,0.0,433.0,981.0,0.0,0.0,29.29,29.91,12.7,28.0,7.3,2013,12,30, 
547,5,2013-12-31,20.0,3.0,12.0,13.0,4.0,9.0,53.0,0.0,433.0,982.0,0.0,0.0,29.1,30.12,6.8,28.0,10.0,2013,12,31, 
548,5,2014-01-01,20.0,3.0,12.0,13.0,5.0,9.0,53.0,0.0,409.0,1034.0,0.0,0.0,29.1,30.33,9.2,27.0,10.0,2014,1,1, 
549,5,2014-01-02,59.0,38.0,49.0,13.0,12.0,38.0,16.0,0.0,460.0,1054.0,0.0,0.0,28.66,30.11,13.4,2.0,11.8,2014,1,2, 
550,5,2014-01-03,61.0,28.0,45.0,9.0,4.0,40.0,20.0,0.0,459.0,1061.0,0.0,0.0,28.61,30.01,16.0,34.0,15.1,2014,1,3, 
551,5,2014-01-04,20.0,3.0,12.0,13.0,1.0,9.0,53.0,0.0,409.0,1034.0,0.0,0.0,29.1,30.39,14.8,22.0,10.0,2014,1,4, 
552,5,2014-01-05,41.0,11.0,26.0,21.0,23.0,22.0,39.0,0.0,410.0,1100.0,0.0,0.0,29.42,30.23,10.7,19.0,6.2,2014,1,5, 
553,5,2014-01-06,71.0,46.0,59.0,12.0,41.0,49.0,6.0,0.0,296.0,1117.0,0.0,0.01,28.56,29.52,12.9,20.0,12.8,2014,1,6, 
554,5,2014-01-07,39.0,21.0,30.0,5.0,5.0,28.0,35.0,0.0,348.0,1079.0,0.0,0.0,29.42,29.92,19.6,27.0,10.6,2014,1,7, 
555,5,2014-01-08,20.0,3.0,12.0,13.0,3.0,9.0,53.0,0.0,409.0,1034.0,0.0,0.0,29.1,30.4,11.5,25.0,10.0,2014,1,8, 
556,5,2014-01-09,,,,,,,,,,,,,,,,,,2014,1,9, 
557,5,2014-01-10,71.0,43.0,57.0,1.0,24.0,46.0,8.0,0.0,401.0,1113.0,0.0,0.0,29.83,30.45,11.1,19.0,4.8,2014,1,10, 
558,5,2014-01-11,93.0,76.0,85.0,3.0,50.0,74.0,0.0,20.0,319.0,1177.0,0.0,0.0,29.36,29.77,23.5,18.0,16.3,2014,1,11, 
559,5,2014-01-12,71.0,46.0,59.0,12.0,30.0,49.0,6.0,0.0,296.0,1117.0,0.0,0.01,28.56,29.64,18.8,28.0,12.8,2014,1,12, 
560,5,2014-01-13,61.0,28.0,45.0,9.0,30.0,40.0,20.0,0.0,459.0,1061.0,0.0,0.0,28.61,30.05,14.9,21.0,15.1,2014,1,13, 
561,5,2014-01-14,80.0,56.0,68.0,21.0,44.0,62.0,0.0,3.0,445.0,1044.0,0.0,0.2,29.18,29.78,9.6,21.0,15.9,2014,1,14, 
562,5,2014-01-15,69.0,42.0,56.0,10.0,35.0,46.0,9.0,0.0,301.0,1113.0,0.0,0.0,28.95,29.95,7.7,21.0,7.7,2014,1,15, 
563,5,2014-01-16,69.0,55.0,62.0,8.0,36.0,53.0,3.0,0.0,436.0,1094.0,0.0,0.12,29.22,29.9,2.6,36.0,4.4,2014,1,16, 
564,5,2014-01-17,67.0,21.0,44.0,2.0,28.0,38.0,21.0,0.0,431.0,1083.0,0.0,0.0,29.31,29.95,9.4,20.0,8.8,2014,1,17, 
565,5,2014-01-18,50.0,32.0,41.0,2.0,32.0,38.0,24.0,0.0,379.0,1000.0,0.0,0.0,29.65,29.75,2.9,1.0,0.6,2014,1,18, 
566,5,2014-01-19,71.0,46.0,59.0,12.0,24.0,49.0,6.0,0.0,296.0,1117.0,0.0,0.01,28.56,29.64,13.6,23.0,12.8,2014,1,19, 
567,5,2014-01-20,71.0,46.0,59.0,12.0,22.0,49.0,6.0,0.0,296.0,1117.0,0.0,0.01,28.56,29.63,12.6,25.0,12.8,2014,1,20, 
568,5,2014-01-21,39.0,21.0,30.0,5.0,2.0,28.0,35.0,0.0,348.0,1079.0,0.0,0.0,29.42,29.97,11.1,34.0,10.6,2014,1,21, 
569,5,2014-01-22,39.0,21.0,30.0,5.0,1.0,28.0,35.0,0.0,348.0,1079.0,0.0,0.0,29.42,29.75,14.5,33.0,10.6,2014,1,22, 
570,5,2014-01-23,20.0,3.0,12.0,13.0,5.0,9.0,53.0,0.0,409.0,1034.0,0.0,0.0,29.1,30.03,12.0,28.0,10.0,2014,1,23, 
571,5,2014-01-24,20.0,3.0,12.0,13.0,5.0,9.0,53.0,0.0,409.0,1034.0,0.0,0.0,29.1,30.18,11.1,26.0,10.0,2014,1,24, 
572,5,2014-01-25,37.0,21.0,29.0,2.0,16.0,24.0,36.0,0.0,400.0,1050.0,0.9,0.08,28.82,29.64,20.4,20.0,24.8,2014,1,25, 
573,5,2014-01-26,39.0,21.0,30.0,5.0,2.0,28.0,35.0,0.0,348.0,1079.0,0.0,0.0,29.42,29.72,13.4,25.0,10.6,2014,1,26, 
574,5,2014-01-27,39.0,21.0,30.0,5.0,20.0,28.0,35.0,0.0,348.0,1079.0,0.0,0.0,29.42,29.74,12.5,23.0,10.6,2014,1,27, 
575,5,2014-01-28,20.0,3.0,12.0,13.0,6.0,9.0,53.0,0.0,409.0,1034.0,0.0,0.0,29.1,30.22,11.6,28.0,10.0,2014,1,28, 
576,5,2014-01-29,20.0,3.0,12.0,13.0,0.0,9.0,53.0,0.0,409.0,1034.0,0.0,0.0,29.1,30.11,8.1,27.0,10.0,2014,1,29, 
577,5,2014-01-30,20.0,3.0,12.0,13.0,3.0,9.0,53.0,0.0,409.0,1034.0,0.0,0.0,29.1,30.34,9.7,22.0,10.0,2014,1,30, 
578,5,2014-01-31,80.0,44.0,62.0,0.0,17.0,53.0,3.0,0.0,396.0,1115.0,0.0,0.0,30.06,30.11,10.7,24.0,9.8,2014,1,31, 
579,5,2014-02-01,36.0,30.0,33.0,11.0,21.0,32.0,32.0,0.0,418.0,1018.0,0.0,0.0,29.55,30.25,6.8,21.0,4.6,2014,2,1, 
580,5,2014-02-02,59.0,32.0,46.0,9.0,35.0,37.0,19.0,0.0,417.0,1020.0,0.0,0.0,29.29,29.95,8.3,26.0,7.3,2014,2,2, 
581,5,2014-02-03,31.0,18.0,25.0,5.0,26.0,25.0,40.0,0.0,416.0,1021.0,0.7,0.03,29.77,30.18,8.2,36.0,2.5,2014,2,3, 
582,5,2014-02-04,36.0,30.0,33.0,11.0,18.0,32.0,32.0,0.0,415.0,1022.0,0.0,0.0,29.55,30.39,5.1,31.0,4.6,2014,2,4, 
583,5,2014-02-05,59.0,38.0,49.0,13.0,25.0,38.0,16.0,0.0,414.0,1024.0,0.0,0.0,28.66,29.93,8.8,5.0,11.8,2014,2,5, 
584,5,2014-02-06,37.0,10.0,24.0,2.0,12.0,20.0,41.0,0.0,412.0,1025.0,0.0,0.0,29.83,30.19,5.7,30.0,3.4,2014,2,6, 
585,5,2014-02-07,20.0,3.0,12.0,13.0,8.0,9.0,53.0,0.0,411.0,1026.0,0.0,0.0,29.1,30.21,12.5,26.0,10.0,2014,2,7, 
586,5,2014-02-08,20.0,3.0,12.0,13.0,4.0,9.0,53.0,0.0,410.0,1028.0,0.0,0.0,29.1,30.22,10.4,27.0,10.0,2014,2,8, 
587,5,2014-02-09,31.0,18.0,25.0,5.0,15.0,25.0,40.0,0.0,409.0,1029.0,0.7,0.03,29.77,30.08,2.5,36.0,2.5,2014,2,9, 
588,5,2014-02-10,20.0,3.0,12.0,13.0,10.0,9.0,53.0,0.0,408.0,1030.0,0.0,0.0,29.1,30.04,11.0,29.0,10.0,2014,2,10, 
589,5,2014-02-11,20.0,3.0,12.0,13.0,2.0,9.0,53.0,0.0,406.0,1031.0,0.0,0.0,29.1,30.3,10.7,31.0,10.0,2014,2,11, 
590,5,2014-02-12,20.0,3.0,12.0,13.0,0.0,9.0,53.0,0.0,405.0,1033.0,0.0,0.0,29.1,30.49,2.3,36.0,10.0,2014,2,12, 
591,5,2014-02-13,59.0,38.0,49.0,13.0,28.0,38.0,16.0,0.0,404.0,1034.0,0.0,0.0,28.66,29.81,17.0,5.0,11.8,2014,2,13, 
592,5,2014-02-14,37.0,21.0,29.0,2.0,25.0,24.0,36.0,0.0,402.0,1035.0,0.9,0.08,28.82,29.23,16.8,27.0,24.8,2014,2,14, 
593,5,2014-02-15,59.0,32.0,46.0,9.0,24.0,37.0,19.0,0.0,401.0,1037.0,0.0,0.0,29.29,29.69,7.0,34.0,7.3,2014,2,15, 
594,5,2014-02-16,37.0,21.0,29.0,2.0,11.0,24.0,36.0,0.0,400.0,1038.0,0.9,0.08,28.82,29.76,17.1,29.0,24.8,2014,2,16, 
595,5,2014-02-17,20.0,3.0,12.0,13.0,2.0,9.0,53.0,0.0,398.0,1039.0,0.0,0.0,29.1,30.22,13.7,31.0,10.0,2014,2,17, 
596,5,2014-02-18,37.0,10.0,24.0,2.0,15.0,20.0,41.0,0.0,397.0,1040.0,0.0,0.0,29.83,30.12,2.3,8.0,3.4,2014,2,18, 
597,5,2014-02-19,59.0,32.0,46.0,9.0,25.0,37.0,19.0,0.0,395.0,1042.0,0.0,0.0,29.29,29.92,3.2,31.0,7.3,2014,2,19, 
598,5,2014-02-20,80.0,44.0,62.0,0.0,27.0,53.0,3.0,0.0,394.0,1043.0,0.0,0.0,30.06,30.14,9.0,25.0,9.8,2014,2,20, 
599,5,2014-02-21,64.0,40.0,52.0,6.0,37.0,50.0,13.0,0.0,392.0,1044.0,0.0,0.02,29.21,29.94,5.2,11.0,6.7,2014,2,21, 
600,5,2014-02-22,61.0,28.0,45.0,9.0,26.0,40.0,20.0,0.0,391.0,1045.0,0.0,0.0,28.61,29.94,16.3,22.0,15.1,2014,2,22, 
601,5,2014-02-23,59.0,32.0,46.0,9.0,25.0,37.0,19.0,0.0,389.0,1047.0,0.0,0.0,29.29,29.92,7.5,23.0,7.3,2014,2,23, 
602,5,2014-02-24,39.0,21.0,30.0,5.0,12.0,28.0,35.0,0.0,388.0,1048.0,0.0,0.0,29.42,29.81,17.5,28.0,10.6,2014,2,24, 
603,5,2014-02-25,39.0,21.0,30.0,5.0,6.0,28.0,35.0,0.0,386.0,1049.0,0.0,0.0,29.42,29.94,14.2,27.0,10.6,2014,2,25, 
604,5,2014-02-26,39.0,21.0,30.0,5.0,2.0,28.0,35.0,0.0,385.0,1050.0,0.0,0.0,29.42,29.86,8.5,26.0,10.6,2014,2,26, 
605,5,2014-02-27,39.0,21.0,30.0,5.0,3.0,28.0,35.0,0.0,383.0,1052.0,0.0,0.0,29.42,29.75,6.9,27.0,10.6,2014,2,27, 
606,5,2014-02-28,20.0,3.0,12.0,13.0,9.0,9.0,53.0,0.0,382.0,1053.0,0.0,0.0,29.1,30.26,11.4,28.0,10.0,2014,2,28, 
607,5,2014-03-01,20.0,3.0,12.0,13.0,7.0,9.0,53.0,0.0,380.0,1054.0,0.0,0.0,29.1,30.31,8.9,20.0,10.0,2014,3,1, 
608,5,2014-03-02,59.0,32.0,46.0,9.0,19.0,37.0,19.0,0.0,379.0,1055.0,0.0,0.0,29.29,30.03,3.6,25.0,7.3,2014,3,2, 
609,5,2014-03-03,20.0,3.0,12.0,13.0,2.0,9.0,53.0,0.0,377.0,1056.0,0.0,0.0,29.1,30.13,9.7,33.0,10.0,2014,3,3, 
610,5,2014-03-04,20.0,3.0,12.0,13.0,2.0,9.0,53.0,0.0,375.0,1058.0,0.0,0.0,29.1,30.31,4.5,28.0,10.0,2014,3,4, 
611,5,2014-03-05,64.0,42.0,53.0,9.0,13.0,47.0,12.0,0.0,374.0,1059.0,0.0,0.0,29.87,30.33,6.6,1.0,10.4,2014,3,5, 
612,5,2014-03-06,55.0,39.0,47.0,2.0,0.0,42.0,18.0,0.0,372.0,1060.0,0.0,0.0,29.84,30.58,4.4,36.0,5.4,2014,3,6, 
613,5,2014-03-07,41.0,34.0,38.0,5.0,16.0,36.0,27.0,0.0,370.0,1061.0,0.0,0.12,29.83,30.27,2.9,9.0,3.1,2014,3,7, 
614,5,2014-03-08,39.0,21.0,30.0,5.0,23.0,28.0,35.0,0.0,369.0,1062.0,0.0,0.0,29.42,29.81,8.9,33.0,10.6,2014,3,8, 
615,5,2014-03-09,39.0,21.0,30.0,5.0,10.0,28.0,35.0,0.0,367.0,1064.0,0.0,0.0,29.42,29.9,9.1,31.0,10.6,2014,3,9, 
616,5,2014-03-10,39.0,21.0,30.0,5.0,22.0,28.0,35.0,0.0,365.0,1065.0,0.0,0.0,29.42,29.77,5.7,20.0,10.6,2014,3,10, 
617,5,2014-03-11,39.0,21.0,30.0,5.0,29.0,28.0,35.0,0.0,364.0,1066.0,0.0,0.0,29.42,29.61,10.9,25.0,10.6,2014,3,11, 
618,5,2014-03-12,74.0,52.0,63.0,4.0,34.0,56.0,2.0,0.0,362.0,1067.0,0.0,0.0,29.49,29.41,1.2,5.0,9.3,2014,3,12, 
619,5,2014-03-13,37.0,21.0,29.0,2.0,11.0,24.0,36.0,0.0,360.0,1068.0,0.9,0.08,28.82,29.46,16.9,31.0,24.8,2014,3,13, 
620,5,2014-03-14,39.0,21.0,30.0,5.0,9.0,28.0,35.0,0.0,359.0,1069.0,0.0,0.0,29.42,30.06,13.6,22.0,10.6,2014,3,14, 
621,5,2014-03-15,39.0,21.0,30.0,5.0,30.0,28.0,35.0,0.0,357.0,1071.0,0.0,0.0,29.42,29.79,14.1,24.0,10.6,2014,3,15, 
622,5,2014-03-16,39.0,21.0,30.0,5.0,7.0,28.0,35.0,0.0,355.0,1072.0,0.0,0.0,29.42,30.09,13.8,29.0,10.6,2014,3,16, 
623,5,2014-03-17,50.0,43.0,47.0,4.0,1.0,44.0,18.0,0.0,353.0,1073.0,0.0,0.15,29.0,30.13,6.0,35.0,4.6,2014,3,17, 
624,5,2014-03-18,41.0,11.0,26.0,21.0,10.0,22.0,39.0,0.0,352.0,1074.0,0.0,0.0,29.42,30.31,5.9,5.0,6.2,2014,3,18, 
625,5,2014-03-19,41.0,34.0,38.0,5.0,23.0,36.0,27.0,0.0,350.0,1075.0,0.0,0.12,29.83,30.24,8.1,10.0,3.1,2014,3,19, 
626,5,2014-03-20,39.0,21.0,30.0,5.0,32.0,28.0,35.0,0.0,348.0,1076.0,0.0,0.0,29.42,29.71,9.5,28.0,10.6,2014,3,20, 
627,5,2014-03-21,39.0,21.0,30.0,5.0,20.0,28.0,35.0,0.0,347.0,1077.0,0.0,0.0,29.42,29.89,17.7,28.0,10.6,2014,3,21, 
628,5,2014-03-22,39.0,21.0,30.0,5.0,23.0,28.0,35.0,0.0,345.0,1079.0,0.0,0.0,29.42,29.89,11.0,26.0,10.6,2014,3,22, 
629,5,2014-03-23,39.0,21.0,30.0,5.0,13.0,28.0,35.0,0.0,343.0,1080.0,0.0,0.0,29.42,29.97,9.5,30.0,10.6,2014,3,23, 
630,5,2014-03-24,39.0,21.0,30.0,5.0,2.0,28.0,35.0,0.0,341.0,1081.0,0.0,0.0,29.42,30.12,11.1,31.0,10.6,2014,3,24, 
631,5,2014-03-25,67.0,21.0,44.0,2.0,7.0,38.0,21.0,0.0,340.0,1082.0,0.0,0.0,29.31,30.07,4.5,20.0,8.8,2014,3,25, 
632,5,2014-03-26,39.0,21.0,30.0,5.0,7.0,28.0,35.0,0.0,338.0,1083.0,0.0,0.0,29.42,29.74,21.5,33.0,10.6,2014,3,26, 
633,5,2014-03-27,20.0,3.0,12.0,13.0,2.0,9.0,53.0,0.0,336.0,1084.0,0.0,0.0,29.1,30.26,10.2,26.0,10.0,2014,3,27, 
634,5,2014-03-28,69.0,42.0,56.0,10.0,38.0,46.0,9.0,0.0,335.0,1085.0,0.0,0.0,28.95,30.08,18.7,20.0,7.7,2014,3,28, 
635,5,2014-03-29,59.0,51.0,55.0,7.0,38.0,52.0,10.0,0.0,333.0,1086.0,0.0,0.0,29.41,30.14,9.0,5.0,8.1,2014,3,29, 
636,5,2014-03-30,71.0,46.0,59.0,12.0,37.0,49.0,6.0,0.0,331.0,1088.0,0.0,0.01,28.56,29.69,17.0,2.0,12.8,2014,3,30, 
637,5,2014-03-31,39.0,21.0,30.0,5.0,31.0,28.0,35.0,0.0,329.0,1089.0,0.0,0.0,29.42,29.85,13.9,36.0,10.6,2014,3,31, 
638,5,2014-04-01,59.0,51.0,55.0,7.0,26.0,52.0,10.0,0.0,328.0,1090.0,0.0,0.0,29.41,30.06,5.9,3.0,8.1,2014,4,1, 
639,5,2014-04-02,69.0,42.0,56.0,10.0,28.0,46.0,9.0,0.0,326.0,1091.0,0.0,0.0,28.95,30.09,8.6,25.0,7.7,2014,4,2, 
640,5,2014-04-03,50.0,43.0,47.0,4.0,25.0,44.0,18.0,0.0,324.0,1092.0,0.0,0.15,29.0,30.09,3.7,32.0,4.6,2014,4,3, 
641,5,2014-04-04,69.0,42.0,56.0,10.0,29.0,46.0,9.0,0.0,323.0,1093.0,0.0,0.0,28.95,30.07,9.1,9.0,7.7,2014,4,4, 
642,5,2014-04-05,39.0,21.0,30.0,5.0,32.0,28.0,35.0,0.0,321.0,1094.0,0.0,0.0,29.42,29.79,11.8,30.0,10.6,2014,4,5, 
643,5,2014-04-06,39.0,21.0,30.0,5.0,19.0,28.0,35.0,0.0,319.0,1095.0,0.0,0.0,29.42,30.1,11.5,28.0,10.6,2014,4,6, 
644,5,2014-04-07,69.0,42.0,56.0,10.0,24.0,46.0,9.0,0.0,317.0,1097.0,0.0,0.0,28.95,30.14,6.4,15.0,7.7,2014,4,7, 
645,5,2014-04-08,71.0,46.0,59.0,12.0,47.0,49.0,6.0,0.0,316.0,1098.0,0.0,0.01,28.56,29.48,9.9,21.0,12.8,2014,4,8, 
646,5,2014-04-09,71.0,46.0,59.0,12.0,25.0,49.0,6.0,0.0,314.0,1099.0,0.0,0.01,28.56,29.7,12.5,31.0,12.8,2014,4,9, 
647,5,2014-04-10,69.0,42.0,56.0,10.0,21.0,46.0,9.0,0.0,313.0,1100.0,0.0,0.0,28.95,30.09,14.6,20.0,7.7,2014,4,10, 
648,5,2014-04-11,69.0,42.0,56.0,10.0,41.0,46.0,9.0,0.0,311.0,1101.0,0.0,0.0,28.95,29.99,9.3,22.0,7.7,2014,4,11, 
649,5,2014-04-12,69.0,42.0,56.0,10.0,35.0,46.0,9.0,0.0,309.0,1102.0,0.0,0.0,28.95,30.14,7.7,28.0,7.7,2014,4,12, 
650,5,2014-04-13,69.0,42.0,56.0,10.0,41.0,46.0,9.0,0.0,308.0,1103.0,0.0,0.0,28.95,30.16,13.0,18.0,7.7,2014,4,13, 
651,5,2014-04-14,93.0,76.0,85.0,3.0,52.0,74.0,0.0,20.0,306.0,1104.0,0.0,0.0,29.36,29.98,25.1,20.0,16.3,2014,4,14, 
652,5,2014-04-15,71.0,46.0,59.0,12.0,54.0,49.0,6.0,0.0,304.0,1106.0,0.0,0.01,28.56,29.74,21.8,19.0,12.8,2014,4,15, 
653,5,2014-04-16,69.0,42.0,56.0,10.0,21.0,46.0,9.0,0.0,303.0,1107.0,0.0,0.0,28.95,30.28,14.0,32.0,7.7,2014,4,16, 
654,5,2014-04-17,64.0,42.0,53.0,9.0,22.0,47.0,12.0,0.0,301.0,1108.0,0.0,0.0,29.87,30.74,12.2,5.0,10.4,2014,4,17, 
655,5,2014-04-18,71.0,43.0,57.0,1.0,29.0,46.0,8.0,0.0,300.0,1109.0,0.0,0.0,29.83,30.46,6.5,7.0,4.8,2014,4,18, 
656,5,2014-04-19,69.0,42.0,56.0,10.0,29.0,46.0,9.0,0.0,298.0,1110.0,0.0,0.0,28.95,30.26,8.4,31.0,7.7,2014,4,19, 
657,5,2014-04-20,71.0,43.0,57.0,1.0,23.0,46.0,8.0,0.0,297.0,1111.0,0.0,0.0,29.83,30.46,4.8,8.0,4.8,2014,4,20, 
658,5,2014-04-21,69.0,42.0,56.0,10.0,31.0,46.0,9.0,0.0,295.0,1112.0,0.0,0.0,28.95,30.08,11.7,20.0,7.7,2014,4,21, 
659,5,2014-04-22,71.0,46.0,59.0,12.0,42.0,49.0,6.0,0.0,293.0,1113.0,0.0,0.01,28.56,29.63,15.1,20.0,12.8,2014,4,22, 
660,5,2014-04-23,71.0,46.0,59.0,12.0,42.0,49.0,6.0,0.0,292.0,1115.0,0.0,0.01,28.56,29.49,14.9,31.0,12.8,2014,4,23, 
661,5,2014-04-24,71.0,46.0,59.0,12.0,23.0,49.0,6.0,0.0,290.0,1116.0,0.0,0.01,28.56,29.73,22.2,32.0,12.8,2014,4,24, 
662,5,2014-04-25,69.0,42.0,56.0,10.0,26.0,46.0,9.0,0.0,289.0,1117.0,0.0,0.0,28.95,29.93,3.3,23.0,7.7,2014,4,25, 
663,5,2014-04-26,69.0,42.0,56.0,10.0,38.0,46.0,9.0,0.0,288.0,1118.0,0.0,0.0,28.95,29.83,5.5,9.0,7.7,2014,4,26, 
664,5,2014-04-27,72.0,60.0,66.0,2.0,39.0,58.0,0.0,1.0,286.0,1119.0,0.0,0.0,28.87,29.96,3.0,36.0,5.2,2014,4,27, 
665,5,2014-04-28,68.0,54.0,61.0,11.0,36.0,55.0,4.0,0.0,285.0,1120.0,0.0,0.0,29.37,30.1,8.4,3.0,8.2,2014,4,28, 
666,5,2014-04-29,64.0,42.0,53.0,9.0,34.0,47.0,12.0,0.0,283.0,1121.0,0.0,0.0,29.87,30.45,14.9,7.0,10.4,2014,4,29, 
667,5,2014-04-30,71.0,43.0,57.0,1.0,37.0,46.0,8.0,0.0,282.0,1122.0,0.0,0.0,29.83,30.42,11.3,10.0,4.8,2014,4,30, 
668,5,2014-05-01,108.0,80.0,94.0,11.0,55.0,70.0,0.0,29.0,281.0,1123.0,0.0,0.0,28.52,29.81,9.1,18.0,9.2,2014,5,1, 
669,5,2014-05-02,71.0,46.0,59.0,12.0,39.0,49.0,6.0,0.0,279.0,1125.0,0.0,0.01,28.56,29.74,9.1,29.0,12.8,2014,5,2, 
670,5,2014-05-03,69.0,42.0,56.0,10.0,38.0,46.0,9.0,0.0,278.0,1126.0,0.0,0.0,28.95,29.81,8.1,22.0,7.7,2014,5,3, 
671,5,2014-05-04,71.0,46.0,59.0,12.0,37.0,49.0,6.0,0.0,277.0,1127.0,0.0,0.01,28.56,29.62,15.9,27.0,12.8,2014,5,4, 
672,5,2014-05-05,71.0,46.0,59.0,12.0,38.0,49.0,6.0,0.0,275.0,1128.0,0.0,0.01,28.56,29.77,13.2,31.0,12.8,2014,5,5, 
673,5,2014-05-06,69.0,42.0,56.0,10.0,33.0,46.0,9.0,0.0,274.0,1129.0,0.0,0.0,28.95,29.91,8.7,33.0,7.7,2014,5,6, 
674,5,2014-05-07,69.0,42.0,56.0,10.0,28.0,46.0,9.0,0.0,273.0,1130.0,0.0,0.0,28.95,30.16,6.8,29.0,7.7,2014,5,7, 
675,5,2014-05-08,78.0,56.0,67.0,0.0,40.0,58.0,0.0,2.0,272.0,1131.0,0.0,0.0,29.03,30.17,2.4,24.0,7.6,2014,5,8, 
676,5,2014-05-09,78.0,56.0,67.0,0.0,51.0,58.0,0.0,2.0,271.0,1132.0,0.0,0.0,29.03,30.19,4.4,15.0,7.6,2014,5,9, 
677,5,2014-05-10,85.0,67.0,76.0,6.0,59.0,69.0,0.0,11.0,269.0,1133.0,0.0,0.0,28.8,29.87,12.7,21.0,7.3,2014,5,10, 
678,5,2014-05-11,71.0,46.0,59.0,12.0,39.0,49.0,6.0,0.0,268.0,1134.0,0.0,0.01,28.56,29.95,14.4,28.0,12.8,2014,5,11, 
679,5,2014-05-12,69.0,42.0,56.0,10.0,42.0,46.0,9.0,0.0,267.0,1135.0,0.0,0.0,28.95,30.07,6.6,23.0,7.7,2014,5,12, 
680,5,2014-05-13,68.0,54.0,61.0,11.0,40.0,55.0,4.0,0.0,266.0,1136.0,0.0,0.0,29.37,30.3,9.9,6.0,8.2,2014,5,13, 
681,5,2014-05-14,79.0,52.0,66.0,2.0,45.0,55.0,0.0,1.0,265.0,1137.0,0.0,0.0,29.34,30.32,6.0,16.0,5.9,2014,5,14, 
682,5,2014-05-15,79.0,53.0,66.0,5.0,59.0,63.0,0.0,1.0,264.0,1138.0,0.0,0.0,29.15,30.27,13.4,17.0,7.0,2014,5,15, 
683,5,2014-05-16,93.0,76.0,85.0,3.0,61.0,74.0,0.0,20.0,263.0,1139.0,0.0,0.0,29.36,30.09,17.5,16.0,16.3,2014,5,16, 
684,5,2014-05-17,85.0,67.0,76.0,6.0,50.0,69.0,0.0,11.0,262.0,1140.0,0.0,0.0,28.8,29.96,6.8,23.0,7.3,2014,5,17, 
685,5,2014-05-18,79.0,52.0,66.0,2.0,41.0,55.0,0.0,1.0,261.0,1140.0,0.0,0.0,29.34,30.08,4.3,31.0,5.9,2014,5,18, 
686,5,2014-05-19,69.0,42.0,56.0,10.0,37.0,46.0,9.0,0.0,260.0,1141.0,0.0,0.0,28.95,30.06,10.5,32.0,7.7,2014,5,19, 
687,5,2014-05-20,72.0,60.0,66.0,2.0,43.0,58.0,0.0,1.0,259.0,1142.0,0.0,0.0,28.87,30.0,4.3,32.0,5.2,2014,5,20, 
688,5,2014-05-21,79.0,52.0,66.0,2.0,48.0,55.0,0.0,1.0,258.0,1143.0,0.0,0.0,29.34,29.98,4.5,10.0,5.9,2014,5,21, 
689,5,2014-05-22,79.0,53.0,66.0,5.0,52.0,63.0,0.0,1.0,258.0,1144.0,0.0,0.0,29.15,29.92,4.9,15.0,7.0,2014,5,22, 
690,5,2014-05-23,79.0,53.0,66.0,5.0,50.0,63.0,0.0,1.0,257.0,1145.0,0.0,0.0,29.15,29.94,6.0,7.0,7.0,2014,5,23, 
691,5,2014-05-24,76.0,60.0,68.0,5.0,47.0,60.0,0.0,3.0,256.0,1146.0,0.0,0.0,29.33,30.04,3.7,5.0,6.2,2014,5,24, 
692,5,2014-05-25,78.0,56.0,67.0,0.0,51.0,58.0,0.0,2.0,255.0,1147.0,0.0,0.0,29.03,30.07,3.7,19.0,7.6,2014,5,25, 
693,5,2014-05-26,85.0,67.0,76.0,6.0,53.0,69.0,0.0,11.0,255.0,1148.0,0.0,0.0,28.8,29.91,13.4,24.0,7.3,2014,5,26, 
694,5,2014-05-27,79.0,53.0,66.0,5.0,51.0,63.0,0.0,1.0,254.0,1149.0,0.0,0.0,29.15,29.9,6.3,4.0,7.0,2014,5,27, 
695,5,2014-05-28,68.0,54.0,61.0,11.0,45.0,55.0,4.0,0.0,253.0,1150.0,0.0,0.0,29.37,30.08,12.6,5.0,8.2,2014,5,28, 
696,5,2014-05-29,79.0,52.0,66.0,2.0,39.0,55.0,0.0,1.0,253.0,1151.0,0.0,0.0,29.34,30.22,2.0,8.0,5.9,2014,5,29, 
697,5,2014-05-30,78.0,56.0,67.0,0.0,47.0,58.0,0.0,2.0,252.0,1152.0,0.0,0.0,29.03,30.07,3.1,22.0,7.6,2014,5,30, 
698,5,2014-05-31,68.0,54.0,61.0,11.0,44.0,55.0,4.0,0.0,252.0,1152.0,0.0,0.0,29.37,30.21,8.9,3.0,8.2,2014,5,31, 
699,5,2014-06-01,76.0,60.0,68.0,5.0,41.0,60.0,0.0,3.0,251.0,1153.0,0.0,0.0,29.33,30.31,1.5,4.0,6.2,2014,6,1, 
700,5,2014-06-02,78.0,56.0,67.0,0.0,47.0,58.0,0.0,2.0,251.0,1154.0,0.0,0.0,29.03,30.14,10.7,21.0,7.6,2014,6,2, 
701,5,2014-06-03,79.0,53.0,66.0,5.0,52.0,63.0,0.0,1.0,250.0,1155.0,0.0,0.0,29.15,29.97,7.7,16.0,7.0,2014,6,3, 
702,5,2014-06-04,79.0,53.0,66.0,5.0,54.0,63.0,0.0,1.0,250.0,1155.0,0.0,0.0,29.15,29.86,4.3,11.0,7.0,2014,6,4, 
703,5,2014-06-05,66.0,60.0,63.0,8.0,57.0,60.0,2.0,0.0,249.0,1156.0,0.0,0.34,29.31,29.73,4.4,1.0,6.3,2014,6,5, 
704,5,2014-06-06,73.0,64.0,69.0,2.0,54.0,66.0,0.0,4.0,249.0,1157.0,0.0,0.01,28.74,29.81,10.4,30.0,7.9,2014,6,6, 
705,5,2014-06-07,73.0,64.0,69.0,2.0,54.0,66.0,0.0,4.0,249.0,1158.0,0.0,0.01,28.74,29.93,8.3,30.0,7.9,2014,6,7, 
706,5,2014-06-08,78.0,56.0,67.0,0.0,54.0,58.0,0.0,2.0,249.0,1158.0,0.0,0.0,29.03,29.93,2.1,26.0,7.6,2014,6,8, 
707,5,2014-06-09,79.0,53.0,66.0,5.0,55.0,63.0,0.0,1.0,248.0,1159.0,0.0,0.0,29.15,29.98,10.9,22.0,7.0,2014,6,9, 
708,5,2014-06-10,76.0,60.0,68.0,5.0,62.0,60.0,0.0,3.0,248.0,1159.0,0.0,0.0,29.33,30.02,2.5,11.0,6.2,2014,6,10, 
709,5,2014-06-11,66.0,60.0,63.0,8.0,54.0,60.0,2.0,0.0,248.0,1160.0,0.0,0.34,29.31,30.17,8.9,7.0,6.3,2014,6,11, 
710,5,2014-06-12,66.0,60.0,63.0,8.0,56.0,60.0,2.0,0.0,248.0,1160.0,0.0,0.34,29.31,30.13,9.7,11.0,6.3,2014,6,12, 
711,5,2014-06-13,79.0,53.0,66.0,5.0,61.0,63.0,0.0,1.0,248.0,1161.0,0.0,0.0,29.15,29.91,5.6,9.0,7.0,2014,6,13, 
712,5,2014-06-14,73.0,64.0,69.0,2.0,59.0,66.0,0.0,4.0,248.0,1161.0,0.0,0.01,28.74,29.86,4.6,31.0,7.9,2014,6,14, 
713,5,2014-06-15,79.0,52.0,66.0,2.0,43.0,55.0,0.0,1.0,248.0,1162.0,0.0,0.0,29.34,30.09,3.5,17.0,5.9,2014,6,15, 
714,5,2014-06-16,79.0,52.0,66.0,2.0,43.0,55.0,0.0,1.0,248.0,1162.0,0.0,0.0,29.34,30.09,3.5,17.0,5.9,2014,6,16, 
715,5,2014-06-17,79.0,53.0,66.0,5.0,63.0,63.0,0.0,1.0,248.0,1163.0,0.0,0.0,29.15,30.01,12.1,19.0,7.0,2014,6,17, 
716,5,2014-06-18,73.0,64.0,69.0,2.0,62.0,66.0,0.0,4.0,248.0,1163.0,0.0,0.01,28.74,29.85,11.9,28.0,7.9,2014,6,18, 
717,5,2014-06-19,87.0,61.0,74.0,8.0,53.0,62.0,0.0,9.0,248.0,1163.0,0.0,0.0,29.31,29.96,8.1,32.0,9.8,2014,6,19, 
718,5,2014-06-20,87.0,61.0,74.0,8.0,42.0,62.0,0.0,9.0,248.0,1164.0,0.0,0.0,29.31,29.95,8.5,32.0,9.8,2014,6,20, 
719,5,2014-06-21,72.0,60.0,66.0,2.0,45.0,58.0,0.0,1.0,248.0,1164.0,0.0,0.0,28.87,29.95,5.8,32.0,5.2,2014,6,21, 
720,5,2014-06-22,76.0,60.0,68.0,5.0,47.0,60.0,0.0,3.0,249.0,1164.0,0.0,0.0,29.33,30.01,1.7,4.0,6.2,2014,6,22, 
721,5,2014-06-23,78.0,56.0,67.0,0.0,52.0,58.0,0.0,2.0,249.0,1164.0,0.0,0.0,29.03,30.15,6.0,19.0,7.6,2014,6,23, 
722,5,2014-06-24,78.0,56.0,67.0,0.0,57.0,58.0,0.0,2.0,249.0,1164.0,0.0,0.0,29.03,30.13,14.4,19.0,7.6,2014,6,24, 
723,5,2014-06-25,93.0,76.0,85.0,3.0,65.0,74.0,0.0,20.0,249.0,1165.0,0.0,0.0,29.36,29.95,15.5,20.0,16.3,2014,6,25, 
724,5,2014-06-26,79.0,53.0,66.0,5.0,64.0,63.0,0.0,1.0,250.0,1165.0,0.0,0.0,29.15,29.9,4.2,8.0,7.0,2014,6,26, 
725,5,2014-06-27,66.0,60.0,63.0,8.0,45.0,60.0,2.0,0.0,250.0,1165.0,0.0,0.34,29.31,30.15,5.4,5.0,6.3,2014,6,27, 
726,5,2014-06-28,78.0,56.0,67.0,0.0,50.0,58.0,0.0,2.0,251.0,1165.0,0.0,0.0,29.03,30.28,2.0,22.0,7.6,2014,6,28, 
727,5,2014-06-29,78.0,56.0,67.0,0.0,53.0,58.0,0.0,2.0,251.0,1165.0,0.0,0.0,29.03,30.21,9.5,21.0,7.6,2014,6,29, 
728,5,2014-06-30,78.0,56.0,67.0,0.0,60.0,58.0,0.0,2.0,251.0,1165.0,0.0,0.0,29.03,30.03,13.1,22.0,7.6,2014,6,30, 
729,5,2014-07-01,93.0,76.0,85.0,3.0,66.0,74.0,0.0,20.0,252.0,1165.0,0.0,0.0,29.36,29.9,15.5,21.0,16.3,2014,7,1, 
730,5,2014-07-02,93.0,76.0,85.0,3.0,70.0,74.0,0.0,20.0,252.0,1164.0,0.0,0.0,29.36,29.92,15.4,19.0,16.3,2014,7,2, 
731,5,2014-07-03,79.0,53.0,66.0,5.0,70.0,63.0,0.0,1.0,253.0,1164.0,0.0,0.0,29.15,29.97,9.3,20.0,7.0,2014,7,3, 
732,5,2014-07-04,73.0,64.0,69.0,2.0,65.0,66.0,0.0,4.0,254.0,1164.0,0.0,0.01,28.74,29.94,5.1,35.0,7.9,2014,7,4, 
733,5,2014-07-05,87.0,61.0,74.0,8.0,50.0,62.0,0.0,9.0,254.0,1164.0,0.0,0.0,29.31,29.96,16.3,29.0,9.8,2014,7,5, 
734,5,2014-07-06,79.0,53.0,66.0,5.0,53.0,63.0,0.0,1.0,255.0,1164.0,0.0,0.0,29.15,29.96,14.3,24.0,7.0,2014,7,6, 
735,5,2014-07-07,93.0,76.0,85.0,3.0,64.0,74.0,0.0,20.0,255.0,1163.0,0.0,0.0,29.36,29.81,15.6,21.0,16.3,2014,7,7, 
736,5,2014-07-08,93.0,76.0,85.0,3.0,67.0,74.0,0.0,20.0,256.0,1163.0,0.0,0.0,29.36,29.78,15.3,20.0,16.3,2014,7,8, 
737,5,2014-07-09,73.0,64.0,69.0,2.0,65.0,66.0,0.0,4.0,257.0,1163.0,0.0,0.01,28.74,29.87,12.8,21.0,7.9,2014,7,9, 
738,5,2014-07-10,78.0,56.0,67.0,0.0,59.0,58.0,0.0,2.0,257.0,1162.0,0.0,0.0,29.03,30.1,5.5,29.0,7.6,2014,7,10, 
739,5,2014-07-11,66.0,60.0,63.0,8.0,57.0,60.0,2.0,0.0,258.0,1162.0,0.0,0.34,29.31,30.22,6.0,8.0,6.3,2014,7,11, 
740,5,2014-07-12,79.0,53.0,66.0,5.0,60.0,63.0,0.0,1.0,259.0,1161.0,0.0,0.0,29.15,29.88,5.7,16.0,7.0,2014,7,12, 
741,5,2014-07-13,79.0,53.0,66.0,5.0,60.0,63.0,0.0,1.0,260.0,1161.0,0.0,0.0,29.15,29.88,5.7,16.0,7.0,2014,7,13, 
742,5,2014-07-14,79.0,53.0,66.0,5.0,70.0,63.0,0.0,1.0,260.0,1160.0,0.0,0.0,29.15,29.92,10.8,20.0,7.0,2014,7,14, 
743,5,2014-07-15,93.0,76.0,85.0,3.0,72.0,74.0,0.0,20.0,261.0,1160.0,0.0,0.0,29.36,29.83,13.4,19.0,16.3,2014,7,15, 
744,5,2014-07-16,73.0,64.0,69.0,2.0,70.0,66.0,0.0,4.0,262.0,1159.0,0.0,0.01,28.74,29.82,9.2,20.0,7.9,2014,7,16, 
745,5,2014-07-17,73.0,64.0,69.0,2.0,59.0,66.0,0.0,4.0,263.0,1158.0,0.0,0.01,28.74,29.99,7.0,29.0,7.9,2014,7,17, 
746,5,2014-07-18,78.0,56.0,67.0,0.0,57.0,58.0,0.0,2.0,264.0,1158.0,0.0,0.0,29.03,30.21,2.0,28.0,7.6,2014,7,18, 
747,5,2014-07-19,78.0,56.0,67.0,0.0,61.0,58.0,0.0,2.0,265.0,1157.0,0.0,0.0,29.03,30.27,2.1,15.0,7.6,2014,7,19, 
748,5,2014-07-20,66.0,60.0,63.0,8.0,58.0,60.0,2.0,0.0,266.0,1156.0,0.0,0.34,29.31,30.21,7.8,7.0,6.3,2014,7,20, 
749,5,2014-07-21,76.0,60.0,68.0,5.0,59.0,60.0,0.0,3.0,266.0,1155.0,0.0,0.0,29.33,30.2,3.5,7.0,6.2,2014,7,21, 
750,5,2014-07-22,85.0,67.0,76.0,6.0,65.0,69.0,0.0,11.0,267.0,1155.0,0.0,0.0,28.8,30.11,9.4,22.0,7.3,2014,7,22, 
751,5,2014-07-23,85.0,67.0,76.0,6.0,68.0,69.0,0.0,11.0,268.0,1154.0,0.0,0.0,28.8,29.88,13.5,21.0,7.3,2014,7,23, 
752,5,2014-07-24,76.0,60.0,68.0,5.0,64.0,60.0,0.0,3.0,269.0,1153.0,0.0,0.0,29.33,29.85,3.4,2.0,6.2,2014,7,24, 
753,5,2014-07-25,85.0,67.0,76.0,6.0,56.0,69.0,0.0,11.0,270.0,1152.0,0.0,0.0,28.8,29.98,5.3,29.0,7.3,2014,7,25, 
754,5,2014-07-26,85.0,67.0,76.0,6.0,59.0,69.0,0.0,11.0,271.0,1151.0,0.0,0.0,28.8,29.96,11.6,22.0,7.3,2014,7,26, 
755,5,2014-07-27,97.0,70.0,84.0,5.0,67.0,71.0,0.0,19.0,272.0,1150.0,0.0,0.0,28.53,29.8,12.7,19.0,10.7,2014,7,27, 
756,5,2014-07-28,71.0,46.0,59.0,12.0,67.0,49.0,6.0,0.0,273.0,1149.0,0.0,0.01,28.56,29.58,11.3,19.0,12.8,2014,7,28, 
757,5,2014-07-29,85.0,67.0,76.0,6.0,57.0,69.0,0.0,11.0,274.0,1148.0,0.0,0.0,28.8,29.83,9.5,28.0,7.3,2014,7,29, 
758,5,2014-07-30,85.0,67.0,76.0,6.0,54.0,69.0,0.0,11.0,275.0,1147.0,0.0,0.0,28.8,30.02,5.4,25.0,7.3,2014,7,30, 
759,5,2014-07-31,78.0,56.0,67.0,0.0,59.0,58.0,0.0,2.0,276.0,1146.0,0.0,0.0,29.03,30.13,11.0,20.0,7.6,2014,7,31, 
760,5,2014-08-01,85.0,67.0,76.0,6.0,64.0,69.0,0.0,11.0,277.0,1145.0,0.0,0.0,28.8,30.23,8.7,20.0,7.3,2014,8,1, 
761,5,2014-08-02,86.0,62.0,74.0,0.0,62.0,67.0,0.0,9.0,278.0,1144.0,0.0,0.0,30.04,30.21,4.2,12.0,5.6,2014,8,2, 
762,5,2014-08-03,76.0,60.0,68.0,5.0,62.0,60.0,0.0,3.0,279.0,1143.0,0.0,0.0,29.33,30.12,2.8,9.0,6.2,2014,8,3, 
763,5,2014-08-04,85.0,67.0,76.0,6.0,65.0,69.0,0.0,11.0,280.0,1141.0,0.0,0.0,28.8,30.05,7.2,23.0,7.3,2014,8,4, 
764,5,2014-08-05,82.0,67.0,75.0,5.0,69.0,70.0,0.0,10.0,281.0,1139.0,0.0,2.5,29.51,29.87,2.2,13.0,4.9,2014,8,5, 
765,5,2014-08-06,82.0,67.0,75.0,5.0,69.0,70.0,0.0,10.0,282.0,1138.0,0.0,2.5,29.51,29.87,2.2,13.0,4.9,2014,8,6, 
766,5,2014-08-07,85.0,67.0,76.0,6.0,54.0,69.0,0.0,11.0,283.0,1136.0,0.0,0.0,28.8,29.92,8.5,31.0,7.3,2014,8,7, 
767,5,2014-08-08,87.0,61.0,74.0,8.0,54.0,62.0,0.0,9.0,284.0,1135.0,0.0,0.0,29.31,30.01,8.5,31.0,9.8,2014,8,8, 
768,5,2014-08-09,72.0,60.0,66.0,2.0,57.0,58.0,0.0,1.0,285.0,1134.0,0.0,0.0,28.87,30.09,2.7,28.0,5.2,2014,8,9, 
769,5,2014-08-10,72.0,60.0,66.0,2.0,55.0,58.0,0.0,1.0,286.0,1133.0,0.0,0.0,28.87,30.14,1.3,36.0,5.2,2014,8,10, 
770,5,2014-08-11,88.0,69.0,79.0,5.0,58.0,69.0,0.0,14.0,287.0,1131.0,0.0,0.01,29.38,30.16,9.7,19.0,9.8,2014,8,11, 
771,5,2014-08-12,88.0,69.0,79.0,5.0,61.0,69.0,0.0,14.0,288.0,1130.0,0.0,0.01,29.38,30.11,10.8,16.0,9.8,2014,8,12, 
772,5,2014-08-13,83.0,67.0,75.0,4.0,65.0,67.0,0.0,10.0,289.0,1128.0,0.0,0.0,29.38,29.8,10.3,12.0,9.4,2014,8,13, 
773,5,2014-08-14,71.0,46.0,59.0,12.0,53.0,49.0,6.0,0.0,290.0,1127.0,0.0,0.01,28.56,29.81,11.0,28.0,12.8,2014,8,14, 
774,5,2014-08-15,85.0,67.0,76.0,6.0,53.0,69.0,0.0,11.0,292.0,1126.0,0.0,0.0,28.8,29.91,6.2,26.0,7.3,2014,8,15, 
775,5,2014-08-16,69.0,42.0,56.0,10.0,53.0,46.0,9.0,0.0,293.0,1124.0,0.0,0.0,28.95,29.97,10.6,23.0,7.7,2014,8,16, 
776,5,2014-08-17,85.0,67.0,76.0,6.0,58.0,69.0,0.0,11.0,294.0,1123.0,0.0,0.0,28.8,29.85,7.0,27.0,7.3,2014,8,17, 
777,5,2014-08-18,72.0,60.0,66.0,2.0,52.0,58.0,0.0,1.0,295.0,1121.0,0.0,0.0,28.87,29.85,9.1,32.0,5.2,2014,8,18, 
778,5,2014-08-19,72.0,60.0,66.0,2.0,52.0,58.0,0.0,1.0,296.0,1120.0,0.0,0.0,28.87,29.94,1.3,30.0,5.2,2014,8,19, 
779,5,2014-08-20,71.0,46.0,59.0,12.0,40.0,49.0,6.0,0.0,297.0,1118.0,0.0,0.01,28.56,29.61,12.1,23.0,12.8,2014,8,20, 
780,5,2014-08-21,68.0,54.0,61.0,11.0,61.0,55.0,4.0,0.0,298.0,1117.0,0.0,0.0,29.37,30.1,6.1,7.0,8.2,2014,8,21, 
781,5,2014-08-22,68.0,54.0,61.0,11.0,62.0,55.0,4.0,0.0,299.0,1115.0,0.0,0.0,29.37,30.11,8.3,5.0,8.2,2014,8,22, 
782,5,2014-08-23,68.0,54.0,61.0,11.0,56.0,55.0,4.0,0.0,300.0,1113.0,0.0,0.0,29.37,30.14,8.1,4.0,8.2,2014,8,23, 
783,5,2014-08-24,76.0,60.0,68.0,5.0,53.0,60.0,0.0,3.0,301.0,1112.0,0.0,0.0,29.33,30.15,2.7,1.0,6.2,2014,8,24, 
784,5,2014-08-25,72.0,60.0,66.0,2.0,59.0,58.0,0.0,1.0,302.0,1110.0,0.0,0.0,28.87,30.15,1.8,36.0,5.2,2014,8,25, 
785,5,2014-08-26,88.0,69.0,79.0,5.0,62.0,69.0,0.0,14.0,303.0,1109.0,0.0,0.01,29.38,30.14,9.3,20.0,9.8,2014,8,26, 
786,5,2014-08-27,98.0,79.0,89.0,4.0,63.0,73.0,0.0,24.0,304.0,1107.0,0.0,0.0,29.41,29.96,11.9,23.0,10.6,2014,8,27, 
787,5,2014-08-28,72.0,60.0,66.0,2.0,54.0,58.0,0.0,1.0,305.0,1105.0,0.0,0.0,28.87,29.88,11.2,33.0,5.2,2014,8,28, 
788,5,2014-08-29,79.0,53.0,66.0,1.0,52.0,57.0,0.0,1.0,306.0,1104.0,0.0,0.0,29.66,30.19,3.7,5.0,4.3,2014,8,29, 
789,5,2014-08-30,88.0,69.0,79.0,5.0,56.0,69.0,0.0,14.0,307.0,1102.0,0.0,0.01,29.38,30.26,11.3,19.0,9.8,2014,8,30, 
790,5,2014-08-31,88.0,69.0,79.0,5.0,68.0,69.0,0.0,14.0,308.0,1100.0,0.0,0.01,29.38,30.06,14.6,21.0,9.8,2014,8,31, 
791,5,2014-09-01,78.0,73.0,76.0,3.0,69.0,74.0,0.0,11.0,309.0,1099.0,0.0,1.31,29.95,29.98,7.3,24.0,6.8,2014,9,1, 
792,5,2014-09-02,97.0,70.0,84.0,5.0,70.0,71.0,0.0,19.0,310.0,1097.0,0.0,0.0,28.53,29.87,10.8,21.0,10.7,2014,9,2, 
793,5,2014-09-03,72.0,60.0,66.0,2.0,60.0,58.0,0.0,1.0,311.0,1095.0,0.0,0.0,28.87,29.96,10.7,29.0,5.2,2014,9,3, 
794,5,2014-09-04,69.0,42.0,56.0,10.0,56.0,46.0,9.0,0.0,313.0,1094.0,0.0,0.0,28.95,30.17,7.4,25.0,7.7,2014,9,4, 
795,5,2014-09-05,88.0,69.0,79.0,5.0,66.0,69.0,0.0,14.0,314.0,1092.0,0.0,0.01,29.38,30.12,12.4,21.0,9.8,2014,9,5, 
796,5,2014-09-06,98.0,79.0,89.0,4.0,69.0,73.0,0.0,24.0,315.0,1090.0,0.0,0.0,29.41,29.9,10.5,23.0,10.6,2014,9,6, 
797,5,2014-09-07,72.0,60.0,66.0,2.0,55.0,58.0,0.0,1.0,316.0,1089.0,0.0,0.0,28.87,30.1,3.8,33.0,5.2,2014,9,7, 
798,5,2014-09-08,59.0,51.0,55.0,7.0,51.0,52.0,10.0,0.0,317.0,1087.0,0.0,0.0,29.41,30.36,10.1,5.0,8.1,2014,9,8, 
799,5,2014-09-09,59.0,51.0,55.0,7.0,55.0,52.0,10.0,0.0,318.0,1085.0,0.0,0.0,29.41,30.31,10.7,7.0,8.1,2014,9,9, 
800,5,2014-09-10,59.0,51.0,55.0,7.0,59.0,52.0,10.0,0.0,319.0,1083.0,0.0,0.0,29.41,30.14,6.5,6.0,8.1,2014,9,10, 
801,5,2014-09-11,98.0,79.0,89.0,4.0,62.0,73.0,0.0,24.0,320.0,1082.0,0.0,0.0,29.41,29.92,11.2,21.0,10.6,2014,9,11, 
802,5,2014-09-12,73.0,65.0,69.0,10.0,49.0,64.0,0.0,4.0,321.0,1080.0,0.0,0.03,29.67,30.11,7.5,34.0,8.4,2014,9,12, 
803,5,2014-09-13,59.0,51.0,55.0,7.0,52.0,52.0,10.0,0.0,322.0,1078.0,0.0,0.0,29.41,30.21,6.7,5.0,8.1,2014,9,13, 
804,5,2014-09-14,73.0,65.0,69.0,10.0,46.0,64.0,0.0,4.0,323.0,1076.0,0.0,0.03,29.67,30.21,7.2,32.0,8.4,2014,9,14, 
805,5,2014-09-15,70.0,50.0,60.0,14.0,44.0,52.0,5.0,0.0,324.0,1075.0,0.0,0.0,29.45,30.19,2.6,5.0,3.9,2014,9,15, 
806,5,2014-09-16,65.0,53.0,59.0,5.0,51.0,54.0,6.0,0.0,325.0,1073.0,0.0,0.36,28.98,30.03,3.1,21.0,3.4,2014,9,16, 
807,5,2014-09-17,69.0,42.0,56.0,10.0,45.0,46.0,9.0,0.0,326.0,1071.0,0.0,0.0,28.95,30.0,6.0,29.0,7.7,2014,9,17, 
808,5,2014-09-18,69.0,42.0,56.0,10.0,45.0,46.0,9.0,0.0,327.0,1069.0,0.0,0.0,28.95,30.02,6.8,31.0,7.7,2014,9,18, 
809,5,2014-09-19,59.0,51.0,55.0,7.0,34.0,52.0,10.0,0.0,328.0,1068.0,0.0,0.0,29.41,30.37,6.2,6.0,8.1,2014,9,19, 
810,5,2014-09-20,59.0,51.0,55.0,7.0,48.0,52.0,10.0,0.0,329.0,1066.0,0.0,0.0,29.41,30.27,14.1,18.0,8.1,2014,9,20, 
811,5,2014-09-21,98.0,79.0,89.0,4.0,65.0,73.0,0.0,24.0,330.0,1064.0,0.0,0.0,29.41,29.82,10.5,17.0,10.6,2014,9,21, 
812,5,2014-09-22,39.0,21.0,30.0,5.0,49.0,28.0,35.0,0.0,331.0,1062.0,0.0,0.0,29.42,29.82,13.8,28.0,10.6,2014,9,22, 
813,5,2014-09-23,50.0,43.0,47.0,4.0,41.0,44.0,18.0,0.0,333.0,1061.0,0.0,0.15,29.0,30.3,7.2,28.0,4.6,2014,9,23, 
814,5,2014-09-24,59.0,51.0,55.0,7.0,50.0,52.0,10.0,0.0,334.0,1059.0,0.0,0.0,29.41,30.59,7.9,7.0,8.1,2014,9,24, 
815,5,2014-09-25,59.0,51.0,55.0,7.0,51.0,52.0,10.0,0.0,335.0,1057.0,0.0,0.0,29.41,30.42,8.5,6.0,8.1,2014,9,25, 
816,5,2014-09-26,59.0,51.0,55.0,7.0,50.0,52.0,10.0,0.0,336.0,1055.0,0.0,0.0,29.41,30.21,5.3,3.0,8.1,2014,9,26, 
817,5,2014-09-27,65.0,53.0,59.0,5.0,54.0,54.0,6.0,0.0,337.0,1054.0,0.0,0.36,28.98,30.18,3.8,32.0,3.4,2014,9,27, 
818,5,2014-09-28,65.0,53.0,59.0,5.0,60.0,54.0,6.0,0.0,338.0,1052.0,0.0,0.36,28.98,30.1,6.0,24.0,3.4,2014,9,28, 
819,5,2014-09-29,65.0,53.0,59.0,5.0,58.0,54.0,6.0,0.0,339.0,1050.0,0.0,0.36,28.98,30.0,3.5,36.0,3.4,2014,9,29, 
820,5,2014-09-30,59.0,51.0,55.0,7.0,54.0,52.0,10.0,0.0,340.0,1048.0,0.0,0.0,29.41,30.04,8.9,3.0,8.1,2014,9,30, 
821,5,2014-10-01,59.0,51.0,55.0,7.0,55.0,52.0,10.0,0.0,341.0,1047.0,0.0,0.0,29.41,30.08,13.1,4.0,8.1,2014,10,1, 
822,5,2014-10-02,59.0,51.0,55.0,7.0,51.0,52.0,10.0,0.0,342.0,1045.0,0.0,0.0,29.41,30.16,11.5,3.0,8.1,2014,10,2, 
823,5,2014-10-03,59.0,51.0,55.0,7.0,49.0,52.0,10.0,0.0,343.0,1043.0,0.0,0.0,29.41,30.06,7.2,2.0,8.1,2014,10,3, 
824,5,2014-10-04,80.0,49.0,65.0,3.0,57.0,57.0,0.0,0.0,344.0,1041.0,0.0,0.0,29.23,29.71,5.1,14.0,6.6,2014,10,4, 
825,5,2014-10-05,39.0,21.0,30.0,5.0,40.0,28.0,35.0,0.0,346.0,1040.0,0.0,0.0,29.42,29.79,11.7,27.0,10.6,2014,10,5, 
826,5,2014-10-06,64.0,40.0,52.0,6.0,42.0,50.0,13.0,0.0,347.0,1038.0,0.0,0.02,29.21,30.12,8.5,19.0,6.7,2014,10,6, 
827,5,2014-10-07,88.0,69.0,79.0,5.0,57.0,69.0,0.0,14.0,348.0,1036.0,0.0,0.01,29.38,30.08,17.2,17.0,9.8,2014,10,7, 
828,5,2014-10-08,80.0,56.0,68.0,21.0,52.0,62.0,0.0,3.0,349.0,1035.0,0.0,0.2,29.18,29.82,12.3,22.0,15.9,2014,10,8, 
829,5,2014-10-09,39.0,21.0,30.0,5.0,37.0,28.0,35.0,0.0,350.0,1033.0,0.0,0.0,29.42,29.95,12.7,26.0,10.6,2014,10,9, 
830,5,2014-10-10,50.0,43.0,47.0,4.0,37.0,44.0,18.0,0.0,351.0,1031.0,0.0,0.15,29.0,30.09,9.2,29.0,4.6,2014,10,10, 
831,5,2014-10-11,50.0,43.0,47.0,4.0,43.0,44.0,18.0,0.0,352.0,1030.0,0.0,0.15,29.0,30.13,5.9,35.0,4.6,2014,10,11, 
832,5,2014-10-12,50.0,43.0,47.0,4.0,40.0,44.0,18.0,0.0,353.0,1028.0,0.0,0.15,29.0,30.11,2.6,34.0,4.6,2014,10,12, 
833,5,2014-10-13,64.0,42.0,53.0,9.0,47.0,47.0,12.0,0.0,355.0,1026.0,0.0,0.0,29.87,30.34,10.8,20.0,10.4,2014,10,13, 
834,5,2014-10-14,84.0,68.0,76.0,22.0,60.0,70.0,0.0,11.0,356.0,1025.0,0.0,0.0,30.05,30.24,15.9,19.0,9.2,2014,10,14, 
835,5,2014-10-15,88.0,69.0,79.0,5.0,64.0,69.0,0.0,14.0,357.0,1023.0,0.0,0.01,29.38,30.09,15.6,18.0,9.8,2014,10,15, 
836,5,2014-10-16,84.0,68.0,76.0,13.0,66.0,68.0,0.0,11.0,358.0,1022.0,0.0,0.0,29.15,29.83,14.4,16.0,15.2,2014,10,16, 
837,5,2014-10-17,80.0,56.0,68.0,21.0,55.0,62.0,0.0,3.0,359.0,1020.0,0.0,0.2,29.18,29.68,12.7,22.0,15.9,2014,10,17, 
838,5,2014-10-18,80.0,56.0,68.0,21.0,55.0,62.0,0.0,3.0,360.0,1019.0,0.0,0.2,29.18,29.6,10.7,22.0,15.9,2014,10,18, 
839,5,2014-10-19,39.0,21.0,30.0,5.0,35.0,28.0,35.0,0.0,361.0,1017.0,0.0,0.0,29.42,29.81,11.6,31.0,10.6,2014,10,19, 
840,5,2014-10-20,64.0,40.0,52.0,6.0,31.0,50.0,13.0,0.0,363.0,1015.0,0.0,0.02,29.21,30.03,10.2,24.0,6.7,2014,10,20, 
841,5,2014-10-21,64.0,40.0,52.0,6.0,52.0,50.0,13.0,0.0,364.0,1014.0,0.0,0.02,29.21,29.98,4.7,9.0,6.7,2014,10,21, 
842,5,2014-10-22,64.0,40.0,52.0,6.0,50.0,50.0,13.0,0.0,365.0,1012.0,0.0,0.02,29.21,29.92,19.2,3.0,6.7,2014,10,22, 
843,5,2014-10-23,84.0,68.0,76.0,13.0,50.0,68.0,0.0,11.0,366.0,1011.0,0.0,0.0,29.15,29.66,18.5,1.0,15.2,2014,10,23, 
844,5,2014-10-24,80.0,56.0,68.0,21.0,45.0,62.0,0.0,3.0,367.0,1010.0,0.0,0.2,29.18,29.72,11.5,32.0,15.9,2014,10,24, 
845,5,2014-10-25,80.0,56.0,68.0,21.0,42.0,62.0,0.0,3.0,369.0,1008.0,0.0,0.2,29.18,29.68,10.3,26.0,15.9,2014,10,25, 
846,5,2014-10-26,71.0,46.0,59.0,12.0,40.0,49.0,6.0,0.0,370.0,1007.0,0.0,0.01,28.56,29.56,15.3,28.0,12.8,2014,10,26, 
847,5,2014-10-27,39.0,21.0,30.0,5.0,38.0,28.0,35.0,0.0,371.0,1005.0,0.0,0.0,29.42,29.91,13.4,28.0,10.6,2014,10,27, 
848,5,2014-10-28,64.0,40.0,52.0,6.0,47.0,50.0,13.0,0.0,372.0,1004.0,0.0,0.02,29.21,30.03,7.0,19.0,6.7,2014,10,28, 
849,5,2014-10-29,64.0,40.0,52.0,6.0,55.0,50.0,13.0,0.0,373.0,1003.0,0.0,0.02,29.21,29.87,8.2,23.0,6.7,2014,10,29, 
850,5,2014-10-30,64.0,40.0,52.0,6.0,38.0,50.0,13.0,0.0,375.0,1001.0,0.0,0.02,29.21,29.95,8.3,30.0,6.7,2014,10,30, 
851,5,2014-10-31,50.0,32.0,41.0,2.0,37.0,38.0,24.0,0.0,376.0,1000.0,0.0,0.0,29.65,30.01,10.8,5.0,0.6,2014,10,31, 
