,station_nbr,date,tmax,tmin,tavg,depart,dewpoint,heat,cool,snowfall,preciptotal,sealevel,resultspeed,resultdir,avgspeed,year,month,day,codesum,sunrise,sunset
0,5,2012-06-01,76.0,67.0,72.0,5.0,70.0,0.0,7.0,0.0,2.32,29.89,9.4,19.0,11.1,2012,6,1, ,0411,1913
1,5,2012-06-02,76.0,67.0,72.0,5.0,70.0,0.0,7.0,0.0,2.32,29.89,9.4,19.0,11.1,2012,6,2, ,0411,1914
2,5,2012-06-03,76.0,67.0,72.0,5.0,70.0,0.0,7.0,0.0,2.32,29.89,9.4,19.0,11.1,2012,6,3, ,0410,1915
3,5,2012-06-04,76.0,67.0,72.0,5.0,70.0,0.0,7.0,0.0,2.32,29.89,9.4,19.0,11.1,2012,6,4, ,0410,1915
4,5,2012-06-05,76.0,67.0,72.0,5.0,70.0,0.0,7.0,0.0,2.32,29.89,9.4,19.0,11.1,2012,6,5, ,0409,1916
5,5,2012-06-06,76.0,67.0,72.0,5.0,70.0,0.0,7.0,0.0,2.32,29.89,9.4,19.0,11.1,2012,6,6, ,0409,1917
6,5,2012-06-07,76.0,67.0,72.0,5.0,70.0,0.0,7.0,0.0,2.32,29.89,9.4,19.0,11.1,2012,6,7, ,0409,1918
7,5,2012-06-08,76.0,67.0,72.0,5.0,70.0,0.0,7.0,0.0,2.32,29.89,9.4,19.0,11.1,2012,6,8, ,0409,1918
8,5,2012-06-09,76.0,67.0,72.0,5.0,70.0,0.0,7.0,0.0,2.32,29.89,9.4,19.0,11.1,2012,6,9, ,0408,1919
9,5,2012-06-10,76.0,67.0,72.0,5.0,70.0,0.0,7.0,0.0,2.32,29.89,9.4,19.0,11.1,2012,6,10, ,0408,1919
10,5,2012-06-11,76.0,67.0,72.0,5.0,70.0,0.0,7.0,0.0,2.32,29.89,9.4,19.0,11.1,2012,6,11, ,0408,1920
11,5,2012-06-12,76.0,67.0,72.0,5.0,70.0,0.0,7.0,0.0,2.32,29.89,9.4,19.0,11.1,2012,6,12, ,0408,1920
12,5,2012-06-13,76.0,67.0,72.0,5.0,70.0,0.0,7.0,0.0,2.32,29.89,9.4,19.0,11.1,2012,6,13, ,0408,1921
13,5,2012-06-14,76.0,67.0,72.0,5.0,70.0,0.0,7.0,0.0,2.32,29.89,9.4,19.0,11.1,2012,6,14, ,0408,1921
14,5,2012-06-15,76.0,67.0,72.0,5.0,70.0,0.0,7.0,0.0,2.32,29.89,9.4,19.0,11.1,2012,6,15, ,0408,1922
15,5,2012-06-16,76.0,67.0,72.0,5.0,70.0,0.0,7.0,0.0,2.32,29.89,9.4,19.0,11.1,2012,6,16, ,0408,1922
16,5,2012-06-17,76.0,67.0,72.0,5.0,70.0,0.0,7.0,0.0,2.32,29.89,9.4,19.0,11.1,2012,6,17, ,0408,1923
17,5,2012-06-18,76.0,67.0,72.0,5.0,70.0,0.0,7.0,0.0,2.32,29.89,9.4,19.0,11.1,2012,6,18, ,0408,1923
18,5,2012-06-19,76.0,67.0,72.0,5.0,70.0,0.0,7.0,0.0,2.32,29.89,9.4,19.0,11.1,2012,6,19, ,0408,1923
19,5,2012-06-20,76.0,67.0,72.0,5.0,70.0,0.0,7.0,0.0,2.32,29.89,9.4,19.0,11.1,2012,6,20, ,0408,1924
20,5,2012-06-21,76.0,67.0,72.0,5.0,70.0,0.0,7.0,0.0,2.32,29.89,9.4,19.0,11.1,2012,6,21, ,0408,1924
21,5,2012-06-22,76.0,67.0,72.0,5.0,70.0,0.0,7.0,0.0,2.32,29.89,9.4,19.0,11.1,2012,6,22, ,0409,1924
22,5,2012-06-23,76.0,67.0,72.0,5.0,70.0,0.0,7.0,0.0,2.32,29.89,9.4,19.0,11.1,2012,6,23, ,0409,1924
23,5,2012-06-24,76.0,67.0,72.0,5.0,70.0,0.0,7.0,0.0,2.32,29.89,9.4,19.0,11.1,2012,6,24, ,0409,1924
24,5,2012-06-25,76.0,67.0,72.0,5.0,70.0,0.0,7.0,0.0,2.32,29.89,9.4,19.0,11.1,2012,6,25, ,0409,1925
25,5,2012-06-26,76.0,67.0,72.0,5.0,70.0,0.0,7.0,0.0,2.32,29.89,9.4,19.0,11.1,2012,6,26, ,0410,1925
26,5,2012-06-27,76.0,67.0,72.0,5.0,70.0,0.0,7.0,0.0,2.32,29.89,9.4,19.0,11.1,2012,6,27, ,0410,1925
27,5,2012-06-28,76.0,67.0,72.0,5.0,70.0,0.0,7.0,0.0,2.32,29.89,9.4,19.0,11.1,2012,6,28, ,0411,1925
28,5,2012-06-29,76.0,67.0,72.0,5.0,70.0,0.0,7.0,0.0,2.32,29.89,9.4,19.0,11.1,2012,6,29, ,0411,1925
29,5,2012-06-30,76.0,67.0,72.0,5.0,70.0,0.0,7.0,0.0,2.32,29.89,9.4,19.0,11.1,2012,6,30, ,0411,1925
30,5,2012-07-01,76.0,67.0,72.0,5.0,70.0,0.0,7.0,0.0,2.32,29.89,9.4,19.0,11.1,2012,7,1, ,0412,1925
31,5,2012-07-02,76.0,67.0,72.0,5.0,70.0,0.0,7.0,0.0,2.32,29.89,9.4,19.0,11.1,2012,7,2, ,0412,1924
32,5,2012-07-03,76.0,67.0,72.0,5.0,70.0,0.0,7.0,0.0,2.32,29.89,9.4,19.0,11.1,2012,7,3, ,0413,1924
33,5,2012-07-04,76.0,67.0,72.0,5.0,70.0,0.0,7.0,0.0,2.32,29.89,9.4,19.0,11.1,2012,7,4, ,0414,1924
34,5,2012-07-05,76.0,67.0,72.0,5.0,70.0,0.0,7.0,0.0,2.32,29.89,9.4,19.0,11.1,2012,7,5, ,0414,1924
35,5,2012-07-06,76.0,67.0,72.0,5.0,70.0,0.0,7.0,0.0,2.32,29.89,9.4,19.0,11.1,2012,7,6, ,0415,1924
36,5,2012-07-07,76.0,67.0,72.0,5.0,70.0,0.0,7.0,0.0,2.32,29.89,9.4,19.0,11.1,2012,7,7, ,0415,1923
37,5,2012-07-08,76.0,67.0,72.0,5.0,70.0,0.0,7.0,0.0,2.32,29.89,9.4,19.0,11.1,2012,7,8, ,0416,1923
38,5,2012-07-09,76.0,67.0,72.0,5.0,70.0,0.0,7.0,0.0,2.32,29.89,9.4,19.0,11.1,2012,7,9, ,0417,1923
39,5,2012-07-10,76.0,67.0,72.0,5.0,70.0,0.0,7.0,0.0,2.32,29.89,9.4,19.0,11.1,2012,7,10, ,0417,1922
40,5,2012-07-11,76.0,67.0,72.0,5.0,70.0,0.0,7.0,0.0,2.32,29.89,9.4,19.0,11.1,2012,7,11, ,0418,1922
41,5,2012-07-12,76.0,67.0,72.0,5.0,70.0,0.0,7.0,0.0,2.32,29.89,9.4,19.0,11.1,2012,7,12, ,0419,1921
42,5,2012-07-13,76.0,67.0,72.0,5.0,70.0,0.0,7.0,0.0,2.32,29.89,9.4,19.0,11.1,2012,7,13, ,0420,1921
43,5,2012-07-14,76.0,67.0,72.0,5.0,70.0,0.0,7.0,0.0,2.32,29.89,9.4,19.0,11.1,2012,7,14, ,0420,1920
44,5,2012-07-15,76.0,67.0,72.0,5.0,70.0,0.0,7.0,0.0,2.32,29.89,9.4,19.0,11.1,2012,7,15, ,0421,1920
45,5,2012-07-16,76.0,67.0,72.0,5.0,70.0,0.0,7.0,0.0,2.32,29.89,9.4,19.0,11.1,2012,7,16, ,0422,1919
46,5,2012-07-17,76.0,67.0,72.0,5.0,70.0,0.0,7.0,0.0,2.32,29.89,9.4,19.0,11.1,2012,7,17, ,0423,1918
47,5,2012-07-18,76.0,67.0,72.0,5.0,70.0,0.0,7.0,0.0,2.32,29.89,9.4,19.0,11.1,2012,7,18, ,0424,1918
48,5,2012-07-19,76.0,67.0,72.0,5.0,70.0,0.0,7.0,0.0,2.32,29.89,9.4,19.0,11.1,2012,7,19, ,0425,1917
49,5,2012-07-20,76.0,67.0,72.0,5.0,70.0,0.0,7.0,0.0,2.32,29.89,9.4,19.0,11.1,2012,7,20, ,0426,1916
50,5,2012-07-21,76.0,67.0,72.0,5.0,70.0,0.0,7.0,0.0,2.32,29.89,9.4,19.0,11.1,2012,7,21, ,0426,1915
51,5,2012-07-22,76.0,67.0,72.0,5.0,70.0,0.0,7.0,0.0,2.32,29.89,9.4,19.0,11.1,2012,7,22, ,0427,1915
52,5,2012-07-23,76.0,67.0,72.0,5.0,70.0,0.0,7.0,0.0,2.32,29.89,9.4,19.0,11.1,2012,7,23, ,0428,1914
53,5,2012-07-24,76.0,67.0,72.0,5.0,70.0,0.0,7.0,0.0,2.32,29.89,9.4,19.0,11.1,2012,7,24, ,0429,1913
54,5,2012-07-25,76.0,67.0,72.0,5.0,70.0,0.0,7.0,0.0,2.32,29.89,9.4,19.0,11.1,2012,7,25, ,0430,1912
55,5,2012-07-26,76.0,67.0,72.0,5.0,70.0,0.0,7.0,0.0,2.32,29.89,9.4,19.0,11.1,2012,7,26, ,0431,1911
56,5,2012-07-27,76.0,67.0,72.0,5.0,70.0,0.0,7.0,0.0,2.32,29.89,9.4,19.0,11.1,2012,7,27, ,0432,1910
57,5,2012-07-28,76.0,67.0,72.0,5.0,70.0,0.0,7.0,0.0,2.32,29.89,9.4,19.0,11.1,2012,7,28, ,0433,1909
58,5,2012-07-29,76.0,67.0,72.0,5.0,70.0,0.0,7.0,0.0,2.32,29.89,9.4,19.0,11.1,2012,7,29, ,0434,1908
59,5,2012-07-30,76.0,67.0,72.0,5.0,70.0,0.0,7.0,0.0,2.32,29.89,9.4,19.0,11.1,2012,7,30, ,0435,1907
60,5,2012-07-31,76.0,67.0,72.0,5.0,70.0,0.0,7.0,0.0,2.32,29.89,9.4,19.0,11.1,2012,7,31, ,0436,1906
61,5,2012-08-01,76.0,67.0,72.0,5.0,70.0,0.0,7.0,0.0,2.32,29.89,9.4,19.0,11.1,2012,8,1, ,0437,1905
62,5,2012-08-02,76.0,67.0,72.0,5.0,70.0,0.0,7.0,0.0,2.32,29.89,9.4,19.0,11.1,2012,8,2, ,0438,1904
63,5,2012-08-03,76.0,67.0,72.0,5.0,70.0,0.0,7.0,0.0,2.32,29.89,9.4,19.0,11.1,2012,8,3, ,0439,1903
64,5,2012-08-04,76.0,67.0,72.0,5.0,70.0,0.0,7.0,0.0,2.32,29.89,9.4,19.0,11.1,2012,8,4, ,0440,1901
65,5,2012-08-05,76.0,67.0,72.0,5.0,70.0,0.0,7.0,0.0,2.32,29.89,9.4,19.0,11.1,2012,8,5, ,0441,1859
66,5,2012-08-06,76.0,67.0,72.0,5.0,70.0,0.0,7.0,0.0,2.32,29.89,9.4,19.0,11.1,2012,8,6, ,0442,1858
67,5,2012-08-07,76.0,67.0,72.0,5.0,70.0,0.0,7.0,0.0,2.32,29.89,9.4,19.0,11.1,2012,8,7, ,0443,1856
68,5,2012-08-08,76.0,67.0,72.0,5.0,70.0,0.0,7.0,0.0,2.32,29.89,9.4,19.0,11.1,2012,8,8, ,0444,1855
69,5,2012-08-09,76.0,67.0,72.0,5.0,70.0,0.0,7.0,0.0,2.32,29.89,9.4,19.0,11.1,2012,8,9, ,0445,1854
70,5,2012-08-10,76.0,67.0,72.0,5.0,70.0,0.0,7.0,0.0,2.32,29.89,9.4,19.0,11.1,2012,8,10, ,0446,1853
71,5,2012-08-11,76.0,67.0,72.0,5.0,70.0,0.0,7.0,0.0,2.32,29.89,9.4,19.0,11.1,2012,8,11, ,0447,1851
72,5,2012-08-12,76.0,67.0,72.0,5.0,70.0,0.0,7.0,0.0,2.32,29.89,9.4,19.0,11.1,2012,8,12, ,0448,1850
73,5,2012-08-13,76.0,67.0,72.0,5.0,70.0,0.0,7.0,0.0,2.32,29.89,9.4,19.0,11.1,2012,8,13, ,0449,1848
74,5,2012-08-14,76.0,67.0,72.0,5.0,70.0,0.0,7.0,0.0,2.32,29.89,9.4,19.0,11.1,2012,8,14, ,0450,1847
75,5,2012-08-15,76.0,67.0,72.0,5.0,70.0,0.0,7.0,0.0,2.32,29.89,9.4,19.0,11.1,2012,8,15, ,0452,1846
76,5,2012-08-16,76.0,67.0,72.0,5.0,70.0,0.0,7.0,0.0,2.32,29.89,9.4,19.0,11.1,2012,8,16, ,0453,1844
77,5,2012-08-17,76.0,67.0,72.0,5.0,70.0,0.0,7.0,0.0,2.32,29.89,9.4,19.0,11.1,2012,8,17, ,0454,1843
78,5,2012-08-18,76.0,67.0,72.0,5.0,70.0,0.0,7.0,0.0,2.32,29.89,9.4,19.0,11.1,2012,8,18, ,0455,1841
79,5,2012-08-19,76.0,67.0,72.0,5.0,70.0,0.0,7.0,0.0,2.32,29.89,9.4,19.0,11.1,2012,8,19, ,0456,1840
80,5,2012-08-20,76.0,67.0,72.0,5.0,70.0,0.0,7.0,0.0,2.32,29.89,9.4,19.0,11.1,2012,8,20, ,0457,1838
81,5,2012-08-21,76.0,67.0,72.0,5.0,70.0,0.0,7.0,0.0,2.32,29.89,9.4,19.0,11.1,2012,8,21, ,0458,1837
82,5,2012-08-22,76.0,67.0,72.0,5.0,70.0,0.0,7.0,0.0,2.32,29.89,9.4,19.0,11.1,2012,8,22, ,0459,1835
83,5,2012-08-23,76.0,67.0,72.0,5.0,70.0,0.0,7.0,0.0,2.32,29.89,9.4,19.0,11.1,2012,8,23, ,0460,1833
84,5,2012-08-24,76.0,67.0,72.0,5.0,70.0,0.0,7.0,0.0,2.32,29.89,9.4,19.0,11.1,2012,8,24, ,0501,1832
85,5,2012-08-25,76.0,67.0,72.0,5.0,70.0,0.0,7.0,0.0,2.32,29.89,9.4,19.0,11.1,2012,8,25, ,0502,1830
86,5,2012-08-26,76.0,67.0,72.0,5.0,70.0,0.0,7.0,0.0,2.32,29.89,9.4,19.0,11.1,2012,8,26, ,0503,1829
87,5,2012-08-27,76.0,67.0,72.0,5.0,70.0,0.0,7.0,0.0,2.32,29.89,9.4,19.0,11.1,2012,8,27, ,0504,1827
88,5,2012-08-28,76.0,67.0,72.0,5.0,70.0,0.0,7.0,0.0,2.32,29.89,9.4,19.0,11.1,2012,8,28, ,0505,1825
89,5,2012-08-29,76.0,67.0,72.0,5.0,70.0,0.0,7.0,0.0,2.32,29.89,9.4,19.0,11.1,2012,8,29, ,0506,1824
90,5,2012-08-30,76.0,67.0,72.0,5.0,70.0,0.0,7.0,0.0,2.32,29.89,9.4,19.0,11.1,2012,8,30, ,0507,1822
91,5,2012-08-31,76.0,67.0,72.0,5.0,70.0,0.0,7.0,0.0,2.32,29.89,9.4,19.0,11.1,2012,8,31, ,0508,1820
92,5,2012-09-01,76.0,67.0,72.0,5.0,70.0,0.0,7.0,0.0,2.32,29.89,9.4,19.0,11.1,2012,9,1, ,0509,1819
93,5,2012-09-02,76.0,67.0,72.0,5.0,70.0,0.0,7.0,0.0,2.32,29.89,9.4,19.0,11.1,2012,9,2, ,0510,1817
94,5,2012-09-03,76.0,67.0,72.0,5.0,70.0,0.0,7.0,0.0,2.32,29.89,9.4,19.0,11.1,2012,9,3, ,0511,1815
95,5,2012-09-04,76.0,67.0,72.0,5.0,70.0,0.0,7.0,0.0,2.32,29.89,9.4,19.0,11.1,2012,9,4, ,0513,1814
96,5,2012-09-05,76.0,67.0,72.0,5.0,70.0,0.0,7.0,0.0,2.32,29.89,9.4,19.0,11.1,2012,9,5, ,0514,1812
97,5,2012-09-06,76.0,67.0,72.0,5.0,70.0,0.0,7.0,0.0,2.32,29.89,9.4,19.0,11.1,2012,9,6, ,0515,1810
98,5,2012-09-07,76.0,67.0,72.0,5.0,70.0,0.0,7.0,0.0,2.32,29.89,9.4,19.0,11.1,2012,9,7, ,0516,1809
99,5,2012-09-08,76.0,67.0,72.0,5.0,70.0,0.0,7.0,0.0,2.32,29.89,9.4,19.0,11.1,2012,9,8, ,0517,1807
100,5,2012-09-09,76.0,67.0,72.0,5.0,70.0,0.0,7.0,0.0,2.32,29.89,9.4,19.0,11.1,2012,9,9, ,0518,1805
101,5,2012-09-10,76.0,67.0,72.0,5.0,70.0,0.0,7.0,0.0,2.32,29.89,9.4,19.0,11.1,2012,9,10, ,0519,1803
102,5,2012-09-11,76.0,67.0,72.0,5.0,70.0,0.0,7.0,0.0,2.32,29.89,9.4,19.0,11.1,2012,9,11, ,0520,1802
103,5,2012-09-12,76.0,67.0,72.0,5.0,70.0,0.0,7.0,0.0,2.32,29.89,9.4,19.0,11.1,2012,9,12, ,0521,1760
104,5,2012-09-13,76.0,67.0,72.0,5.0,70.0,0.0,7.0,0.0,2.32,29.89,9.4,19.0,11.1,2012,9,13, ,0522,1758
105,5,2012-09-14,76.0,67.0,72.0,5.0,70.0,0.0,7.0,0.0,2.32,29.89,9.4,19.0,11.1,2012,9,14, ,0523,1756
106,5,2012-09-15,76.0,67.0,72.0,5.0,70.0,0.0,7.0,0.0,2.32,29.89,9.4,19.0,11.1,2012,9,15, ,0524,1755
107,5,2012-09-16,76.0,67.0,72.0,5.0,70.0,0.0,7.0,0.0,2.32,29.89,9.4,19.0,11.1,2012,9,16, ,0525,1753
108,5,2012-09-17,76.0,67.0,72.0,5.0,70.0,0.0,7.0,0.0,2.32,29.89,9.4,19.0,11.1,2012,9,17, ,0526,1751
109,5,2012-09-18,76.0,67.0,72.0,5.0,70.0,0.0,7.0,0.0,2.32,29.89,9.4,19.0,11.1,2012,9,18, ,0527,1749
110,5,2012-09-19,76.0,67.0,72.0,5.0,70.0,0.0,7.0,0.0,2.32,29.89,9.4,19.0,11.1,2012,9,19, ,0528,1748
111,5,2012-09-20,76.0,67.0,72.0,5.0,70.0,0.0,7.0,0.0,2.32,29.89,9.4,19.0,11.1,2012,9,20, ,0529,1746
112,5,2012-09-21,76.0,67.0,72.0,5.0,70.0,0.0,7.0,0.0,2.32,29.89,9.4,19.0,11.1,2012,9,21, ,0530,1744
113,5,2012-09-22,76.0,67.0,72.0,5.0,70.0,0.0,7.0,0.0,2.32,29.89,9.4,19.0,11.1,2012,9,22, ,0531,1742
114,5,2012-09-23,76.0,67.0,72.0,5.0,70.0,0.0,7.0,0.0,2.32,29.89,9.4,19.0,11.1,2012,9,23, ,0533,1741
115,5,2012-09-24,76.0,67.0,72.0,5.0,70.0,0.0,7.0,0.0,2.32,29.89,9.4,19.0,11.1,2012,9,24, ,0534,1739
116,5,2012-09-25,76.0,67.0,72.0,5.0,70.0,0.0,7.0,0.0,2.32,29.89,9.4,19.0,11.1,2012,9,25, ,0535,1737
117,5,2012-09-26,76.0,67.0,72.0,5.0,70.0,0.0,7.0,0.0,2.32,29.89,9.4,19.0,11.1,2012,9,26, ,0536,1735
118,5,2012-09-27,76.0,67.0,72.0,5.0,70.0,0.0,7.0,0.0,2.32,29.89,9.4,19.0,11.1,2012,9,27, ,0537,1734
119,5,2012-09-28,76.0,67.0,72.0,5.0,70.0,0.0,7.0,0.0,2.32,29.89,9.4,19.0,11.1,2012,9,28, ,0538,1732
120,5,2012-09-29,76.0,67.0,72.0,5.0,70.0,0.0,7.0,0.0,2.32,29.89,9.4,19.0,11.1,2012,9,29, ,0539,1730
121,5,2012-09-30,76.0,67.0,72.0,5.0,70.0,0.0,7.0,0.0,2.32,29.89,9.4,19.0,11.1,2012,9,30, ,0540,1728
122,5,2012-10-01,76.0,67.0,72.0,5.0,70.0,0.0,7.0,0.0,2.32,29.89,9.4,19.0,11.1,2012,10,1, ,0541,1727
123,5,2012-10-02,76.0,67.0,72.0,5.0,70.0,0.0,7.0,0.0,2.32,29.89,9.4,19.0,11.1,2012,10,2, ,0542,1725
124,5,2012-10-03,76.0,67.0,72.0,5.0,70.0,0.0,7.0,0.0,2.32,29.89,9.4,19.0,11.1,2012,10,3, ,0543,1723
125,5,2012-10-04,76.0,67.0,72.0,5.0,70.0,0.0,7.0,0.0,2.32,29.89,9.4,19.0,11.1,2012,10,4, ,0544,1721
126,5,2012-10-05,76.0,67.0,72.0,5.0,70.0,0.0,7.0,0.0,2.32,29.89,9.4,19.0,11.1,2012,10,5, ,0546,1720
127,5,2012-10-06,76.0,67.0,72.0,5.0,70.0,0.0,7.0,0.0,2.32,29.89,9.4,19.0,11.1,2012,10,6, ,0547,1718
128,5,2012-10-07,76.0,67.0,72.0,5.0,70.0,0.0,7.0,0.0,2.32,29.89,9.4,19.0,11.1,2012,10,7, ,0548,1716
129,5,2012-10-08,76.0,67.0,72.0,5.0,70.0,0.0,7.0,0.0,2.32,29.89,9.4,19.0,11.1,2012,10,8, ,0549,1715
130,5,2012-10-09,76.0,67.0,72.0,5.0,70.0,0.0,7.0,0.0,2.32,29.89,9.4,19.0,11.1,2012,10,9, ,0550,1713
131,5,2012-10-10,76.0,67.0,72.0,5.0,70.0,0.0,7.0,0.0,2.32,29.89,9.4,19.0,11.1,2012,10,10, ,0551,1711
132,5,2012-10-11,76.0,67.0,72.0,5.0,70.0,0.0,7.0,0.0,2.32,29.89,9.4,19.0,11.1,2012,10,11, ,0552,1710
133,5,2012-10-12,76.0,67.0,72.0,5.0,70.0,0.0,7.0,0.0,2.32,29.89,9.4,19.0,11.1,2012,10,12, ,0553,1708
134,5,2012-10-13,76.0,67.0,72.0,5.0,70.0,0.0,7.0,0.0,2.32,29.89,9.4,19.0,11.1,2012,10,13, ,0555,1706
135,5,2012-10-14,76.0,67.0,72.0,5.0,70.0,0.0,7.0,0.0,2.32,29.89,9.4,19.0,11.1,2012,10,14, ,0556,1705
136,5,2012-10-15,76.0,67.0,72.0,5.0,70.0,0.0,7.0,0.0,2.32,29.89,9.4,19.0,11.1,2012,10,15, ,0557,1703
137,5,2012-10-16,76.0,67.0,72.0,5.0,70.0,0.0,7.0,0.0,2.32,29.89,9.4,19.0,11.1,2012,10,16, ,0558,1702
138,5,2012-10-17,76.0,67.0,72.0,5.0,70.0,0.0,7.0,0.0,2.32,29.89,9.4,19.0,11.1,2012,10,17, ,0559,1700
139,5,2012-10-18,76.0,67.0,72.0,5.0,70.0,0.0,7.0,0.0,2.32,29.89,9.4,19.0,11.1,2012,10,18, ,0600,1659
140,5,2012-10-19,76.0,67.0,72.0,5.0,70.0,0.0,7.0,0.0,2.32,29.89,9.4,19.0,11.1,2012,10,19, ,0601,1657
141,5,2012-10-20,76.0,67.0,72.0,5.0,70.0,0.0,7.0,0.0,2.32,29.89,9.4,19.0,11.1,2012,10,20, ,0603,1655
142,5,2012-10-21,76.0,67.0,72.0,5.0,70.0,0.0,7.0,0.0,2.32,29.89,9.4,19.0,11.1,2012,10,21, ,0604,1654
143,5,2012-10-22,76.0,67.0,72.0,5.0,70.0,0.0,7.0,0.0,2.32,29.89,9.4,19.0,11.1,2012,10,22, ,0605,1652
144,5,2012-10-23,76.0,67.0,72.0,5.0,70.0,0.0,7.0,0.0,2.32,29.89,9.4,19.0,11.1,2012,10,23, ,0606,1651
145,5,2012-10-24,76.0,67.0,72.0,5.0,70.0,0.0,7.0,0.0,2.32,29.89,9.4,19.0,11.1,2012,10,24, ,0607,1650
146,5,2012-10-25,76.0,67.0,72.0,5.0,70.0,0.0,7.0,0.0,2.32,29.89,9.4,19.0,11.1,2012,10,25, ,0609,1648
147,5,2012-10-26,76.0,67.0,72.0,5.0,70.0,0.0,7.0,0.0,2.32,29.89,9.4,19.0,11.1,2012,10,26, ,0610,1647
148,5,2012-10-27,76.0,67.0,72.0,5.0,70.0,0.0,7.0,0.0,2.32,29.89,9.4,19.0,11.1,2012,10,27, ,0611,1645
149,5,2012-10-28,76.0,67.0,72.0,5.0,70.0,0.0,7.0,0.0,2.32,29.89,9.4,19.0,11.1,2012,10,28, ,0612,1644
150,5,2012-10-29,76.0,67.0,72.0,5.0,70.0,0.0,7.0,0.0,2.32,29.89,9.4,19.0,11.1,2012,10,29, ,0613,1643
151,5,2012-10-30,76.0,67.0,72.0,5.0,70.0,0.0,7.0,0.0,2.32,29.89,9.4,19.0,11.1,2012,10,30, ,0615,1641
152,5,2012-10-31,76.0,67.0,72.0,5.0,70.0,0.0,7.0,0.0,2.32,29.89,9.4,19.0,11.1,2012,10,31, ,0616,1640
153,5,2012-11-01,76.0,67.0,72.0,5.0,70.0,0.0,7.0,0.0,2.32,29.89,9.4,19.0,11.1,2012,11,1, ,0617,1639
154,5,2012-11-02,76.0,67.0,72.0,5.0,70.0,0.0,7.0,0.0,2.32,29.89,9.4,19.0,11.1,2012,11,2, ,0618,1637
155,5,2012-11-03,76.0,67.0,72.0,5.0,70.0,0.0,7.0,0.0,2.32,29.89,9.4,19.0,11.1,2012,11,3, ,0620,1636
156,5,2012-11-04,76.0,67.0,72.0,5.0,70.0,0.0,7.0,0.0,2.32,29.89,9.4,19.0,11.1,2012,11,4, ,0621,1635
157,5,2012-11-05,76.0,67.0,72.0,5.0,70.0,0.0,7.0,0.0,2.32,29.89,9.4,19.0,11.1,2012,11,5, ,0622,1634
158,5,2012-11-06,76.0,67.0,72.0,5.0,70.0,0.0,7.0,0.0,2.32,29.89,9.4,19.0,11.1,2012,11,6, ,0623,1633
159,5,2012-11-07,76.0,67.0,72.0,5.0,70.0,0.0,7.0,0.0,2.32,29.89,9.4,19.0,11.1,2012,11,7, ,0625,1631
160,5,2012-11-08,76.0,67.0,72.0,5.0,70.0,0.0,7.0,0.0,2.32,29.89,9.4,19.0,11.1,2012,11,8, ,0626,1630
161,5,2012-11-09,76.0,67.0,72.0,5.0,70.0,0.0,7.0,0.0,2.32,29.89,9.4,19.0,11.1,2012,11,9, ,0627,1629
162,5,2012-11-10,76.0,67.0,72.0,5.0,70.0,0.0,7.0,0.0,2.32,29.89,9.4,19.0,11.1,2012,11,10, ,0628,1628
163,5,2012-11-11,76.0,67.0,72.0,5.0,70.0,0.0,7.0,0.0,2.32,29.89,9.4,19.0,11.1,2012,11,11, ,0630,1627
164,5,2012-11-12,76.0,67.0,72.0,5.0,70.0,0.0,7.0,0.0,2.32,29.89,9.4,19.0,11.1,2012,11,12, ,0631,1626
165,5,2012-11-13,76.0,67.0,72.0,5.0,70.0,0.0,7.0,0.0,2.32,29.89,9.4,19.0,11.1,2012,11,13, ,0632,1625
166,5,2012-11-14,76.0,67.0,72.0,5.0,70.0,0.0,7.0,0.0,2.32,29.89,9.4,19.0,11.1,2012,11,14, ,0633,1624
167,5,2012-11-15,76.0,67.0,72.0,5.0,70.0,0.0,7.0,0.0,2.32,29.89,9.4,19.0,11.1,2012,11,15, ,0635,1623
168,5,2012-11-16,76.0,67.0,72.0,5.0,70.0,0.0,7.0,0.0,2.32,29.89,9.4,19.0,11.1,2012,11,16, ,0636,1622
169,5,2012-11-17,76.0,67.0,72.0,5.0,70.0,0.0,7.0,0.0,2.32,29.89,9.4,19.0,11.1,2012,11,17, ,0637,1622
170,5,2012-11-18,76.0,67.0,72.0,5.0,70.0,0.0,7.0,0.0,2.32,29.89,9.4,19.0,11.1,2012,11,18, ,0638,1621
171,5,2012-11-19,76.0,67.0,72.0,5.0,70.0,0.0,7.0,0.0,2.32,29.89,9.4,19.0,11.1,2012,11,19, ,0639,1620
172,5,2012-11-20,76.0,67.0,72.0,5.0,70.0,0.0,7.0,0.0,2.32,29.89,9.4,19.0,11.1,2012,11,20, ,0641,1619
173,5,2012-11-21,76.0,67.0,72.0,5.0,70.0,0.0,7.0,0.0,2.32,29.89,9.4,19.0,11.1,2012,11,21, ,0642,1619
174,5,2012-11-22,76.0,67.0,72.0,5.0,70.0,0.0,7.0,0.0,2.32,29.89,9.4,19.0,11.1,2012,11,22, ,0643,1618
175,5,2012-11-23,76.0,67.0,72.0,5.0,70.0,0.0,7.0,0.0,2.32,29.89,9.4,19.0,11.1,2012,11,23, ,0644,1617
176,5,2012-11-24,76.0,67.0,72.0,5.0,70.0,0.0,7.0,0.0,2.32,29.89,9.4,19.0,11.1,2012,11,24, ,0645,1617
177,5,2012-11-25,76.0,67.0,72.0,5.0,70.0,0.0,7.0,0.0,2.32,29.89,9.4,19.0,11.1,2012,11,25, ,0647,1616
178,5,2012-11-26,76.0,67.0,72.0,5.0,70.0,0.0,7.0,0.0,2.32,29.89,9.4,19.0,11.1,2012,11,26, ,0648,1616
179,5,2012-11-27,76.0,67.0,72.0,5.0,70.0,0.0,7.0,0.0,2.32,29.89,9.4,19.0,11.1,2012,11,27, ,0649,1615
180,5,2012-11-28,76.0,67.0,72.0,5.0,70.0,0.0,7.0,0.0,2.32,29.89,9.4,19.0,11.1,2012,11,28, ,0650,1615
181,5,2012-11-29,76.0,67.0,72.0,5.0,70.0,0.0,7.0,0.0,2.32,29.89,9.4,19.0,11.1,2012,11,29, ,0651,1614
182,5,2012-11-30,76.0,67.0,72.0,5.0,70.0,0.0,7.0,0.0,2.32,29.89,9.4,19.0,11.1,2012,11,30, ,0652,1614
183,5,2012-12-01,76.0,67.0,72.0,5.0,70.0,0.0,7.0,0.0,2.32,29.89,9.4,19.0,11.1,2012,12,1, ,0653,1614
184,5,2012-12-02,76.0,67.0,72.0,5.0,70.0,0.0,7.0,0.0,2.32,29.89,9.4,19.0,11.1,2012,12,2, ,0654,1613
185,5,2012-12-03,76.0,67.0,72.0,5.0,70.0,0.0,7.0,0.0,2.32,29.89,9.4,19.0,11.1,2012,12,3, ,0655,1613
186,5,2012-12-04,76.0,67.0,72.0,5.0,70.0,0.0,7.0,0.0,2.32,29.89,9.4,19.0,11.1,2012,12,4, ,0656,1613
187,5,2012-12-05,76.0,67.0,72.0,5.0,70.0,0.0,7.0,0.0,2.32,29.89,9.4,19.0,11.1,2012,12,5, ,0657,1613
188,5,2012-12-06,76.0,67.0,72.0,5.0,70.0,0.0,7.0,0.0,2.32,29.89,9.4,19.0,11.1,2012,12,6, ,0658,1613
189,5,2012-12-07,76.0,67.0,72.0,5.0,70.0,0.0,7.0,0.0,2.32,29.89,9.4,19.0,11.1,2012,12,7, ,0659,1613
190,5,2012-12-08,76.0,67.0,72.0,5.0,70.0,0.0,7.0,0.0,2.32,29.89,9.4,19.0,11.1,2012,12,8, ,0700,1612
191,5,2012-12-09,76.0,67.0,72.0,5.0,70.0,0.0,7.0,0.0,2.32,29.89,9.4,19.0,11.1,2012,12,9, ,0701,1612
192,5,2012-12-10,76.0,67.0,72.0,5.0,70.0,0.0,7.0,0.0,2.32,29.89,9.4,19.0,11.1,2012,12,10, ,0702,1612
193,5,2012-12-11,76.0,67.0,72.0,5.0,70.0,0.0,7.0,0.0,2.32,29.89,9.4,19.0,11.1,2012,12,11, ,0703,1613
194,5,2012-12-12,76.0,67.0,72.0,5.0,70.0,0.0,7.0,0.0,2.32,29.89,9.4,19.0,11.1,2012,12,12, ,0704,1613
195,5,2012-12-13,76.0,67.0,72.0,5.0,70.0,0.0,7.0,0.0,2.32,29.89,9.4,19.0,11.1,2012,12,13, ,0704,1613
196,5,2012-12-14,76.0,67.0,72.0,5.0,70.0,0.0,7.0,0.0,2.32,29.89,9.4,19.0,11.1,2012,12,14, ,0705,1613
197,5,2012-12-15,76.0,67.0,72.0,5.0,70.0,0.0,7.0,0.0,2.32,29.89,9.4,19.0,11.1,2012,12,15, ,0706,1613
198,5,2012-12-16,76.0,67.0,72.0,5.0,70.0,0.0,7.0,0.0,2.32,29.89,9.4,19.0,11.1,2012,12,16, ,0707,1614
199,5,2012-12-17,76.0,67.0,72.0,5.0,70.0,0.0,7.0,0.0,2.32,29.89,9.4,19.0,11.1,2012,12,17, ,0707,1614
200,5,2012-12-18,76.0,67.0,72.0,5.0,70.0,0.0,7.0,0.0,2.32,29.89,9.4,19.0,11.1,2012,12,18, ,0708,1614
201,5,2012-12-19,76.0,67.0,72.0,5.0,70.0,0.0,7.0,0.0,2.32,29.89,9.4,19.0,11.1,2012,12,19, ,0708,1615
202,5,2012-12-20,76.0,67.0,72.0,5.0,70.0,0.0,7.0,0.0,2.32,29.89,9.4,19.0,11.1,2012,12,20, ,0709,1615
203,5,2012-12-21,76.0,67.0,72.0,5.0,70.0,0.0,7.0,0.0,2.32,29.89,9.4,19.0,11.1,2012,12,21, ,0710,1615
204,5,2012-12-22,76.0,67.0,72.0,5.0,70.0,0.0,7.0,0.0,2.32,29.89,9.4,19.0,11.1,2012,12,22, ,0710,1616
205,5,2012-12-23,76.0,67.0,72.0,5.0,70.0,0.0,7.0,0.0,2.32,29.89,9.4,19.0,11.1,2012,12,23, ,0711,1616
206,5,2012-12-24,76.0,67.0,72.0,5.0,70.0,0.0,7.0,0.0,2.32,29.89,9.4,19.0,11.1,2012,12,24, ,0711,1617
207,5,2012-12-25,76.0,67.0,72.0,5.0,70.0,0.0,7.0,0.0,2.32,29.89,9.4,19.0,11.1,2012,12,25, ,0711,1618
208,5,2012-12-26,76.0,67.0,72.0,5.0,70.0,0.0,7.0,0.0,2.32,29.89,9.4,19.0,11.1,2012,12,26, ,0712,1618
209,5,2012-12-27,76.0,67.0,72.0,5.0,70.0,0.0,7.0,0.0,2.32,29.89,9.4,19.0,11.1,2012,12,27, ,0712,1619
210,5,2012-12-28,76.0,67.0,72.0,5.0,70.0,0.0,7.0,0.0,2.32,29.89,9.4,19.0,11.1,2012,12,28, ,0712,1620
211,5,2012-12-29,76.0,67.0,72.0,5.0,70.0,0.0,7.0,0.0,2.32,29.89,9.4,19.0,11.1,2012,12,29, ,0713,1620
212,5,2012-12-30,76.0,67.0,72.0,5.0,70.0,0.0,7.0,0.0,2.32,29.89,9.4,19.0,11.1,2012,12,30, ,0713,1621
213,5,2012-12-31,76.0,67.0,72.0,5.0,70.0,0.0,7.0,0.0,2.32,29.89,9.4,19.0,11.1,2012,12,31, ,0713,1622
214,5,2013-01-01,76.0,67.0,72.0,5.0,70.0,0.0,7.0,0.0,2.32,29.89,9.4,19.0,11.1,2013,1,1, ,0713,1623
215,5,2013-01-02,76.0,67.0,72.0,5.0,70.0,0.0,7.0,0.0,2.32,29.89,9.4,19.0,11.1,2013,1,2, ,0713,1624
216,5,2013-01-03,76.0,67.0,72.0,5.0,70.0,0.0,7.0,0.0,2.32,29.89,9.4,19.0,11.1,2013,1,3, ,0713,1625
217,5,2013-01-04,76.0,67.0,72.0,5.0,70.0,0.0,7.0,0.0,2.32,29.89,9.4,19.0,11.1,2013,1,4, ,0713,1626
218,5,2013-01-05,76.0,67.0,72.0,5.0,70.0,0.0,7.0,0.0,2.32,29.89,9.4,19.0,11.1,2013,1,5, ,0713,1627
219,5,2013-01-06,76.0,67.0,72.0,5.0,70.0,0.0,7.0,0.0,2.32,29.89,9.4,19.0,11.1,2013,1,6, ,0713,1628
220,5,2013-01-07,76.0,67.0,72.0,5.0,70.0,0.0,7.0,0.0,2.32,29.89,9.4,19.0,11.1,2013,1,7, ,0713,1629
221,5,2013-01-08,76.0,67.0,72.0,5.0,70.0,0.0,7.0,0.0,2.32,29.89,9.4,19.0,11.1,2013,1,8, ,0713,1630
222,5,2013-01-09,76.0,67.0,72.0,5.0,70.0,0.0,7.0,0.0,2.32,29.89,9.4,19.0,11.1,2013,1,9, ,0713,1631
223,5,2013-01-10,76.0,67.0,72.0,5.0,70.0,0.0,7.0,0.0,2.32,29.89,9.4,19.0,11.1,2013,1,10, ,0712,1632
224,5,2013-01-11,76.0,67.0,72.0,5.0,70.0,0.0,7.0,0.0,2.32,29.89,9.4,19.0,11.1,2013,1,11, ,0712,1633
225,5,2013-01-12,76.0,67.0,72.0,5.0,70.0,0.0,7.0,0.0,2.32,29.89,9.4,19.0,11.1,2013,1,12, ,0712,1634
226,5,2013-01-13,76.0,67.0,72.0,5.0,70.0,0.0,7.0,0.0,2.32,29.89,9.4,19.0,11.1,2013,1,13, ,0711,1635
227,5,2013-01-14,76.0,67.0,72.0,5.0,70.0,0.0,7.0,0.0,2.32,29.89,9.4,19.0,11.1,2013,1,14, ,0711,1636
228,5,2013-01-15,76.0,67.0,72.0,5.0,70.0,0.0,7.0,0.0,2.32,29.89,9.4,19.0,11.1,2013,1,15, ,0711,1637
229,5,2013-01-16,76.0,67.0,72.0,5.0,70.0,0.0,7.0,0.0,2.32,29.89,9.4,19.0,11.1,2013,1,16, ,0710,1638
230,5,2013-01-17,76.0,67.0,72.0,5.0,70.0,0.0,7.0,0.0,2.32,29.89,9.4,19.0,11.1,2013,1,17, ,0710,1640
231,5,2013-01-18,76.0,67.0,72.0,5.0,70.0,0.0,7.0,0.0,2.32,29.89,9.4,19.0,11.1,2013,1,18, ,0709,1641
232,5,2013-01-19,76.0,67.0,72.0,5.0,70.0,0.0,7.0,0.0,2.32,29.89,9.4,19.0,11.1,2013,1,19, ,0708,1642
233,5,2013-01-20,76.0,67.0,72.0,5.0,70.0,0.0,7.0,0.0,2.32,29.89,9.4,19.0,11.1,2013,1,20, ,0708,1643
234,5,2013-01-21,76.0,67.0,72.0,5.0,70.0,0.0,7.0,0.0,2.32,29.89,9.4,19.0,11.1,2013,1,21, ,0707,1645
235,5,2013-01-22,76.0,67.0,72.0,5.0,70.0,0.0,7.0,0.0,2.32,29.89,9.4,19.0,11.1,2013,1,22, ,0707,1646
236,5,2013-01-23,76.0,67.0,72.0,5.0,70.0,0.0,7.0,0.0,2.32,29.89,9.4,19.0,11.1,2013,1,23, ,0706,1647
237,5,2013-01-24,76.0,67.0,72.0,5.0,70.0,0.0,7.0,0.0,2.32,29.89,9.4,19.0,11.1,2013,1,24, ,0705,1648
238,5,2013-01-25,76.0,67.0,72.0,5.0,70.0,0.0,7.0,0.0,2.32,29.89,9.4,19.0,11.1,2013,1,25, ,0704,1650
239,5,2013-01-26,76.0,67.0,72.0,5.0,70.0,0.0,7.0,0.0,2.32,29.89,9.4,19.0,11.1,2013,1,26, ,0703,1651
240,5,2013-01-27,76.0,67.0,72.0,5.0,70.0,0.0,7.0,0.0,2.32,29.89,9.4,19.0,11.1,2013,1,27, ,0703,1652
241,5,2013-01-28,76.0,67.0,72.0,5.0,70.0,0.0,7.0,0.0,2.32,29.89,9.4,19.0,11.1,2013,1,28, ,0702,1653
242,5,2013-01-29,76.0,67.0,72.0,5.0,70.0,0.0,7.0,0.0,2.32,29.89,9.4,19.0,11.1,2013,1,29, ,0701,1655
243,5,2013-01-30,76.0,67.0,72.0,5.0,70.0,0.0,7.0,0.0,2.32,29.89,9.4,19.0,11.1,2013,1,30, ,0660,1656
244,5,2013-01-31,76.0,67.0,72.0,5.0,70.0,0.0,7.0,0.0,2.32,29.89,9.4,19.0,11.1,2013,1,31, ,0659,1657
245,5,2013-02-01,76.0,67.0,72.0,5.0,70.0,0.0,7.0,0.0,2.32,29.89,9.4,19.0,11.1,2013,2,1, ,0658,1658
246,5,2013-02-02,76.0,67.0,72.0,5.0,70.0,0.0,7.0,0.0,2.32,29.89,9.4,19.0,11.1,2013,2,2, ,0657,1660
247,5,2013-02-03,76.0,67.0,72.0,5.0,70.0,0.0,7.0,0.0,2.32,29.89,9.4,19.0,11.1,2013,2,3, ,0656,1701
248,5,2013-02-04,76.0,67.0,72.0,5.0,70.0,0.0,7.0,0.0,2.32,29.89,9.4,19.0,11.1,2013,2,4, ,0655,1702
249,5,2013-02-05,76.0,67.0,72.0,5.0,70.0,0.0,7.0,0.0,2.32,29.89,9.4,19.0,11.1,2013,2,5, ,0654,1704
250,5,2013-02-06,76.0,67.0,72.0,5.0,70.0,0.0,7.0,0.0,2.32,29.89,9.4,19.0,11.1,2013,2,6, ,0652,1705
251,5,2013-02-07,76.0,67.0,72.0,5.0,70.0,0.0,7.0,0.0,2.32,29.89,9.4,19.0,11.1,2013,2,7, ,0651,1706
252,5,2013-02-08,76.0,67.0,72.0,5.0,70.0,0.0,7.0,0.0,2.32,29.89,9.4,19.0,11.1,2013,2,8, ,0650,1708
253,5,2013-02-09,76.0,67.0,72.0,5.0,70.0,0.0,7.0,0.0,2.32,29.89,9.4,19.0,11.1,2013,2,9, ,0649,1709
254,5,2013-02-10,76.0,67.0,72.0,5.0,70.0,0.0,7.0,0.0,2.32,29.89,9.4,19.0,11.1,2013,2,10, ,0648,1710
255,5,2013-02-11,76.0,67.0,72.0,5.0,70.0,0.0,7.0,0.0,2.32,29.89,9.4,19.0,11.1,2013,2,11, ,0646,1711
256,5,2013-02-12,76.0,67.0,72.0,5.0,70.0,0.0,7.0,0.0,2.32,29.89,9.4,19.0,11.1,2013,2,12, ,0645,1713
257,5,2013-02-13,76.0,67.0,72.0,5.0,70.0,0.0,7.0,0.0,2.32,29.89,9.4,19.0,11.1,2013,2,13, ,0644,1714
258,5,2013-02-14,76.0,67.0,72.0,5.0,70.0,0.0,7.0,0.0,2.32,29.89,9.4,19.0,11.1,2013,2,14, ,0642,1715
259,5,2013-02-15,76.0,67.0,72.0,5.0,70.0,0.0,7.0,0.0,2.32,29.89,9.4,19.0,11.1,2013,2,15, ,0641,1717
260,5,2013-02-16,76.0,67.0,72.0,5.0,70.0,0.0,7.0,0.0,2.32,29.89,9.4,19.0,11.1,2013,2,16, ,0640,1718
261,5,2013-02-17,76.0,67.0,72.0,5.0,70.0,0.0,7.0,0.0,2.32,29.89,9.4,19.0,11.1,2013,2,17, ,0638,1719
262,5,2013-02-18,76.0,67.0,72.0,5.0,70.0,0.0,7.0,0.0,2.32,29.89,9.4,19.0,11.1,2013,2,18, ,0637,1720
263,5,2013-02-19,76.0,67.0,72.0,5.0,70.0,0.0,7.0,0.0,2.32,29.89,9.4,19.0,11.1,2013,2,19, ,0635,1722
264,5,2013-02-20,76.0,67.0,72.0,5.0,70.0,0.0,7.0,0.0,2.32,29.89,9.4,19.0,11.1,2013,2,20, ,0634,1723
265,5,2013-02-21,76.0,67.0,72.0,5.0,70.0,0.0,7.0,0.0,2.32,29.89,9.4,19.0,11.1,2013,2,21, ,0632,1724
266,5,2013-02-22,76.0,67.0,72.0,5.0,70.0,0.0,7.0,0.0,2.32,29.89,9.4,19.0,11.1,2013,2,22, ,0631,1725
267,5,2013-02-23,76.0,67.0,72.0,5.0,70.0,0.0,7.0,0.0,2.32,29.89,9.4,19.0,11.1,2013,2,23, ,0629,1727
268,5,2013-02-24,76.0,67.0,72.0,5.0,70.0,0.0,7.0,0.0,2.32,29.89,9.4,19.0,11.1,2013,2,24, ,0628,1728
269,5,2013-02-25,76.0,67.0,72.0,5.0,70.0,0.0,7.0,0.0,2.32,29.89,9.4,19.0,11.1,2013,2,25, ,0626,1729
270,5,2013-02-26,76.0,67.0,72.0,5.0,70.0,0.0,7.0,0.0,2.32,29.89,9.4,19.0,11.1,2013,2,26, ,0625,1730
271,5,2013-02-27,76.0,67.0,72.0,5.0,70.0,0.0,7.0,0.0,2.32,29.89,9.4,19.0,11.1,2013,2,27, ,0623,1732
272,5,2013-02-28,76.0,67.0,72.0,5.0,70.0,0.0,7.0,0.0,2.32,29.89,9.4,19.0,11.1,2013,2,28, ,0622,1733
273,5,2013-03-01,76.0,67.0,72.0,5.0,70.0,0.0,7.0,0.0,2.32,29.89,9.4,19.0,11.1,2013,3,1, ,0620,1734
274,5,2013-03-02,76.0,67.0,72.0,5.0,70.0,0.0,7.0,0.0,2.32,29.89,9.4,19.0,11.1,2013,3,2, ,0619,1735
275,5,2013-03-03,76.0,67.0,72.0,5.0,70.0,0.0,7.0,0.0,2.32,29.89,9.4,19.0,11.1,2013,3,3, ,0617,1736
276,5,2013-03-04,76.0,67.0,72.0,5.0,70.0,0.0,7.0,0.0,2.32,29.89,9.4,19.0,11.1,2013,3,4, ,0615,1738
277,5,2013-03-05,76.0,67.0,72.0,5.0,70.0,0.0,7.0,0.0,2.32,29.89,9.4,19.0,11.1,2013,3,5, ,0614,1739
278,5,2013-03-06,76.0,67.0,72.0,5.0,70.0,0.0,7.0,0.0,2.32,29.89,9.4,19.0,11.1,2013,3,6, ,0612,1740
279,5,2013-03-07,76.0,67.0,72.0,5.0,70.0,0.0,7.0,0.0,2.32,29.89,9.4,19.0,11.1,2013,3,7, ,0610,1741
280,5,2013-03-08,76.0,67.0,72.0,5.0,70.0,0.0,7.0,0.0,2.32,29.89,9.4,19.0,11.1,2013,3,8, ,0609,1742
281,5,2013-03-09,76.0,67.0,72.0,5.0,70.0,0.0,7.0,0.0,2.32,29.89,9.4,19.0,11.1,2013,3,9, ,0607,1744
282,5,2013-03-10,76.0,67.0,72.0,5.0,70.0,0.0,7.0,0.0,2.32,29.89,9.4,19.0,11.1,2013,3,10, ,0605,1745
283,5,2013-03-11,76.0,67.0,72.0,5.0,70.0,0.0,7.0,0.0,2.32,29.89,9.4,19.0,11.1,2013,3,11, ,0604,1746
284,5,2013-03-12,76.0,67.0,72.0,5.0,70.0,0.0,7.0,0.0,2.32,29.89,9.4,19.0,11.1,2013,3,12, ,0602,1747
285,5,2013-03-13,76.0,67.0,72.0,5.0,70.0,0.0,7.0,0.0,2.32,29.89,9.4,19.0,11.1,2013,3,13, ,0600,1748
286,5,2013-03-14,76.0,67.0,72.0,5.0,70.0,0.0,7.0,0.0,2.32,29.89,9.4,19.0,11.1,2013,3,14, ,0559,1749
287,5,2013-03-15,76.0,67.0,72.0,5.0,70.0,0.0,7.0,0.0,2.32,29.89,9.4,19.0,11.1,2013,3,15, ,0557,1751
288,5,2013-03-16,76.0,67.0,72.0,5.0,70.0,0.0,7.0,0.0,2.32,29.89,9.4,19.0,11.1,2013,3,16, ,0555,1752
289,5,2013-03-17,76.0,67.0,72.0,5.0,70.0,0.0,7.0,0.0,2.32,29.89,9.4,19.0,11.1,2013,3,17, ,0553,1753
290,5,2013-03-18,76.0,67.0,72.0,5.0,70.0,0.0,7.0,0.0,2.32,29.89,9.4,19.0,11.1,2013,3,18, ,0552,1754
291,5,2013-03-19,76.0,67.0,72.0,5.0,70.0,0.0,7.0,0.0,2.32,29.89,9.4,19.0,11.1,2013,3,19, ,0550,1755
292,5,2013-03-20,76.0,67.0,72.0,5.0,70.0,0.0,7.0,0.0,2.32,29.89,9.4,19.0,11.1,2013,3,20, ,0548,1756
293,5,2013-03-21,76.0,67.0,72.0,5.0,70.0,0.0,7.0,0.0,2.32,29.89,9.4,19.0,11.1,2013,3,21, ,0547,1757
294,5,2013-03-22,76.0,67.0,72.0,5.0,70.0,0.0,7.0,0.0,2.32,29.89,9.4,19.0,11.1,2013,3,22, ,0545,1759
295,5,2013-03-23,76.0,67.0,72.0,5.0,70.0,0.0,7.0,0.0,2.32,29.89,9.4,19.0,11.1,2013,3,23, ,0543,1760
296,5,2013-03-24,76.0,67.0,72.0,5.0,70.0,0.0,7.0,0.0,2.32,29.89,9.4,19.0,11.1,2013,3,24, ,0541,1801
297,5,2013-03-25,76.0,67.0,72.0,5.0,70.0,0.0,7.0,0.0,2.32,29.89,9.4,19.0,11.1,2013,3,25, ,0540,1802
298,5,2013-03-26,76.0,67.0,72.0,5.0,70.0,0.0,7.0,0.0,2.32,29.89,9.4,19.0,11.1,2013,3,26, ,0538,1803
299,5,2013-03-27,76.0,67.0,72.0,5.0,70.0,0.0,7.0,0.0,2.32,29.89,9.4,19.0,11.1,2013,3,27, ,0536,1804
300,5,2013-03-28,76.0,67.0,72.0,5.0,70.0,0.0,7.0,0.0,2.32,29.89,9.4,19.0,11.1,2013,3,28, ,0535,1805
301,5,2013-03-29,76.0,67.0,72.0,5.0,70.0,0.0,7.0,0.0,2.32,29.89,9.4,19.0,11.1,2013,3,29, ,0533,1806
302,5,2013-03-30,76.0,67.0,72.0,5.0,70.0,0.0,7.0,0.0,2.32,29.89,9.4,19.0,11.1,2013,3,30, ,0531,1808
303,5,2013-03-31,76.0,67.0,72.0,5.0,70.0,0.0,7.0,0.0,2.32,29.89,9.4,19.0,11.1,2013,3,31, ,0529,1809
304,5,2013-04-01,76.0,67.0,72.0,5.0,70.0,0.0,7.0,0.0,2.32,29.89,9.4,19.0,11.1,2013,4,1, ,0528,1810
305,5,2013-04-02,76.0,67.0,72.0,5.0,70.0,0.0,7.0,0.0,2.32,29.89,9.4,19.0,11.1,2013,4,2, ,0526,1811
306,5,2013-04-03,76.0,67.0,72.0,5.0,70.0,0.0,7.0,0.0,2.32,29.89,9.4,19.0,11.1,2013,4,3, ,0524,1812
307,5,2013-04-04,76.0,67.0,72.0,5.0,70.0,0.0,7.0,0.0,2.32,29.89,9.4,19.0,11.1,2013,4,4, ,0523,1813
308,5,2013-04-05,76.0,67.0,72.0,5.0,70.0,0.0,7.0,0.0,2.32,29.89,9.4,19.0,11.1,2013,4,5, ,0521,1814
309,5,2013-04-06,76.0,67.0,72.0,5.0,70.0,0.0,7.0,0.0,2.32,29.89,9.4,19.0,11.1,2013,4,6, ,0519,1815
310,5,2013-04-07,76.0,67.0,72.0,5.0,70.0,0.0,7.0,0.0,2.32,29.89,9.4,19.0,11.1,2013,4,7, ,0517,1817
311,5,2013-04-08,76.0,67.0,72.0,5.0,70.0,0.0,7.0,0.0,2.32,29.89,9.4,19.0,11.1,2013,4,8, ,0516,1818
312,5,2013-04-09,76.0,67.0,72.0,5.0,70.0,0.0,7.0,0.0,2.32,29.89,9.4,19.0,11.1,2013,4,9, ,0514,1819
313,5,2013-04-10,76.0,67.0,72.0,5.0,70.0,0.0,7.0,0.0,2.32,29.89,9.4,19.0,11.1,2013,4,10, ,0513,1820
314,5,2013-04-11,76.0,67.0,72.0,5.0,70.0,0.0,7.0,0.0,2.32,29.89,9.4,19.0,11.1,2013,4,11, ,0511,1821
315,5,2013-04-12,76.0,67.0,72.0,5.0,70.0,0.0,7.0,0.0,2.32,29.89,9.4,19.0,11.1,2013,4,12, ,0509,1822
316,5,2013-04-13,76.0,67.0,72.0,5.0,70.0,0.0,7.0,0.0,2.32,29.89,9.4,19.0,11.1,2013,4,13, ,0508,1823
317,5,2013-04-14,76.0,67.0,72.0,5.0,70.0,0.0,7.0,0.0,2.32,29.89,9.4,19.0,11.1,2013,4,14, ,0506,1824
318,5,2013-04-15,76.0,67.0,72.0,5.0,70.0,0.0,7.0,0.0,2.32,29.89,9.4,19.0,11.1,2013,4,15, ,0504,1826
319,5,2013-04-16,76.0,67.0,72.0,5.0,70.0,0.0,7.0,0.0,2.32,29.89,9.4,19.0,11.1,2013,4,16, ,0503,1827
320,5,2013-04-17,76.0,67.0,72.0,5.0,70.0,0.0,7.0,0.0,2.32,29.89,9.4,19.0,11.1,2013,4,17, ,0501,1828
321,5,2013-04-18,76.0,67.0,72.0,5.0,70.0,0.0,7.0,0.0,2.32,29.89,9.4,19.0,11.1,2013,4,18, ,0460,1829
322,5,2013-04-19,76.0,67.0,72.0,5.0,70.0,0.0,7.0,0.0,2.32,29.89,9.4,19.0,11.1,2013,4,19, ,0458,1830
323,5,2013-04-20,76.0,67.0,72.0,5.0,70.0,0.0,7.0,0.0,2.32,29.89,9.4,19.0,11.1,2013,4,20, ,0457,1831
324,5,2013-04-21,76.0,67.0,72.0,5.0,70.0,0.0,7.0,0.0,2.32,29.89,9.4,19.0,11.1,2013,4,21, ,0455,1832
325,5,2013-04-22,76.0,67.0,72.0,5.0,70.0,0.0,7.0,0.0,2.32,29.89,9.4,19.0,11.1,2013,4,22, ,0453,1833
326,5,2013-04-23,76.0,67.0,72.0,5.0,70.0,0.0,7.0,0.0,2.32,29.89,9.4,19.0,11.1,2013,4,23, ,0452,1835
327,5,2013-04-24,76.0,67.0,72.0,5.0,70.0,0.0,7.0,0.0,2.32,29.89,9.4,19.0,11.1,2013,4,24, ,0450,1836
328,5,2013-04-25,76.0,67.0,72.0,5.0,70.0,0.0,7.0,0.0,2.32,29.89,9.4,19.0,11.1,2013,4,25, ,0449,1837
329,5,2013-04-26,76.0,67.0,72.0,5.0,70.0,0.0,7.0,0.0,2.32,29.89,9.4,19.0,11.1,2013,4,26, ,0448,1838
330,5,2013-04-27,76.0,67.0,72.0,5.0,70.0,0.0,7.0,0.0,2.32,29.89,9.4,19.0,11.1,2013,4,27, ,0446,1839
331,5,2013-04-28,76.0,67.0,72.0,5.0,70.0,0.0,7.0,0.0,2.32,29.89,9.4,19.0,11.1,2013,4,28, ,0445,1840
332,5,2013-04-29,76.0,67.0,72.0,5.0,70.0,0.0,7.0,0.0,2.32,29.89,9.4,19.0,11.1,2013,4,29, ,0443,1841
333,5,2013-04-30,76.0,67.0,72.0,5.0,70.0,0.0,7.0,0.0,2.32,29.89,9.4,19.0,11.1,2013,4,30, ,0442,1842
334,5,2013-05-01,76.0,67.0,72.0,5.0,70.0,0.0,7.0,0.0,2.32,29.89,9.4,19.0,11.1,2013,5,1, ,0441,1843
335,5,2013-05-02,76.0,67.0,72.0,5.0,70.0,0.0,7.0,0.0,2.32,29.89,9.4,19.0,11.1,2013,5,2, ,0439,1845
336,5,2013-05-03,76.0,67.0,72.0,5.0,70.0,0.0,7.0,0.0,2.32,29.89,9.4,19.0,11.1,2013,5,3, ,0438,1846
337,5,2013-05-04,76.0,67.0,72.0,5.0,70.0,0.0,7.0,0.0,2.32,29.89,9.4,19.0,11.1,2013,5,4, ,0437,1847
338,5,2013-05-05,76.0,67.0,72.0,5.0,70.0,0.0,7.0,0.0,2.32,29.89,9.4,19.0,11.1,2013,5,5, ,0435,1848
339,5,2013-05-06,76.0,67.0,72.0,5.0,70.0,0.0,7.0,0.0,2.32,29.89,9.4,19.0,11.1,2013,5,6, ,0434,1849
340,5,2013-05-07,76.0,67.0,72.0,5.0,70.0,0.0,7.0,0.0,2.32,29.89,9.4,19.0,11.1,2013,5,7, ,0433,1850
341,5,2013-05-08,76.0,67.0,72.0,5.0,70.0,0.0,7.0,0.0,2.32,29.89,9.4,19.0,11.1,2013,5,8, ,0432,1851
342,5,2013-05-09,76.0,67.0,72.0,5.0,70.0,0.0,7.0,0.0,2.32,29.89,9.4,19.0,11.1,2013,5,9, ,0431,1852
343,5,2013-05-10,76.0,67.0,72.0,5.0,70.0,0.0,7.0,0.0,2.32,29.89,9.4,19.0,11.1,2013,5,10, ,0429,1853
344,5,2013-05-11,76.0,67.0,72.0,5.0,70.0,0.0,7.0,0.0,2.32,29.89,9.4,19.0,11.1,2013,5,11, ,0428,1854
345,5,2013-05-12,76.0,67.0,72.0,5.0,70.0,0.0,7.0,0.0,2.32,29.89,9.4,19.0,11.1,2013,5,12, ,0427,1855
346,5,2013-05-13,76.0,67.0,72.0,5.0,70.0,0.0,7.0,0.0,2.32,29.89,9.4,19.0,11.1,2013,5,13, ,0426,1856
347,5,2013-05-14,76.0,67.0,72.0,5.0,70.0,0.0,7.0,0.0,2.32,29.89,9.4,19.0,11.1,2013,5,14, ,0425,1857
348,5,2013-05-15,76.0,67.0,72.0,5.0,70.0,0.0,7.0,0.0,2.32,29.89,9.4,19.0,11.1,2013,5,15, ,0424,1858
349,5,2013-05-16,76.0,67.0,72.0,5.0,70.0,0.0,7.0,0.0,2.32,29.89,9.4,19.0,11.1,2013,5,16, ,0423,1859
350,5,2013-05-17,76.0,67.0,72.0,5.0,70.0,0.0,7.0,0.0,2.32,29.89,9.4,19.0,11.1,2013,5,17, ,0422,1900
351,5,2013-05-18,76.0,67.0,72.0,5.0,70.0,0.0,7.0,0.0,2.32,29.89,9.4,19.0,11.1,2013,5,18, ,0421,1900
352,5,2013-05-19,76.0,67.0,72.0,5.0,70.0,0.0,7.0,0.0,2.32,29.89,9.4,19.0,11.1,2013,5,19, ,0420,1901
353,5,2013-05-20,76.0,67.0,72.0,5.0,70.0,0.0,7.0,0.0,2.32,29.89,9.4,19.0,11.1,2013,5,20, ,0419,1902
354,5,2013-05-21,76.0,67.0,72.0,5.0,70.0,0.0,7.0,0.0,2.32,29.89,9.4,19.0,11.1,2013,5,21, ,0418,1903
355,5,2013-05-22,76.0,67.0,72.0,5.0,70.0,0.0,7.0,0.0,2.32,29.89,9.4,19.0,11.1,2013,5,22, ,0418,1904
356,5,2013-05-23,76.0,67.0,72.0,5.0,70.0,0.0,7.0,0.0,2.32,29.89,9.4,19.0,11.1,2013,5,23, ,0417,1905
357,5,2013-05-24,76.0,67.0,72.0,5.0,70.0,0.0,7.0,0.0,2.32,29.89,9.4,19.0,11.1,2013,5,24, ,0416,1906
358,5,2013-05-25,76.0,67.0,72.0,5.0,70.0,0.0,7.0,0.0,2.32,29.89,9.4,19.0,11.1,2013,5,25, ,0415,1907
359,5,2013-05-26,76.0,67.0,72.0,5.0,70.0,0.0,7.0,0.0,2.32,29.89,9.4,19.0,11.1,2013,5,26, ,0415,1908
360,5,2013-05-27,76.0,67.0,72.0,5.0,70.0,0.0,7.0,0.0,2.32,29.89,9.4,19.0,11.1,2013,5,27, ,0414,1909
361,5,2013-05-28,76.0,67.0,72.0,5.0,70.0,0.0,7.0,0.0,2.32,29.89,9.4,19.0,11.1,2013,5,28, ,0413,1910
362,5,2013-05-29,76.0,67.0,72.0,5.0,70.0,0.0,7.0,0.0,2.32,29.89,9.4,19.0,11.1,2013,5,29, ,0413,1911
363,5,2013-05-30,76.0,67.0,72.0,5.0,70.0,0.0,7.0,0.0,2.32,29.89,9.4,19.0,11.1,2013,5,30, ,0412,1912
364,5,2013-05-31,76.0,67.0,72.0,5.0,70.0,0.0,7.0,0.0,2.32,29.89,9.4,19.0,11.1,2013,5,31, ,0412,1912
365,5,2013-06-01,76.0,67.0,72.0,5.0,70.0,0.0,7.0,0.0,2.32,29.89,9.4,19.0,11.1,2013,6,1, ,0411,1913
366,5,2013-06-02,76.0,67.0,72.0,5.0,70.0,0.0,7.0,0.0,2.32,29.89,9.4,19.0,11.1,2013,6,2, ,0411,1914
367,5,2013-06-03,76.0,67.0,72.0,5.0,70.0,0.0,7.0,0.0,2.32,29.89,9.4,19.0,11.1,2013,6,3, ,0410,1915
368,5,2013-06-04,76.0,67.0,72.0,5.0,70.0,0.0,7.0,0.0,2.32,29.89,9.4,19.0,11.1,2013,6,4, ,0410,1915
369,5,2013-06-05,76.0,67.0,72.0,5.0,70.0,0.0,7.0,0.0,2.32,29.89,9.4,19.0,11.1,2013,6,5, ,0409,1916
370,5,2013-06-06,76.0,67.0,72.0,5.0,70.0,0.0,7.0,0.0,2.32,29.89,9.4,19.0,11.1,2013,6,6, ,0409,1917
371,5,2013-06-07,76.0,67.0,72.0,5.0,70.0,0.0,7.0,0.0,2.32,29.89,9.4,19.0,11.1,2013,6,7, ,0409,1918
372,5,2013-06-08,76.0,67.0,72.0,5.0,70.0,0.0,7.0,0.0,2.32,29.89,9.4,19.0,11.1,2013,6,8, ,0409,1918
373,5,2013-06-09,76.0,67.0,72.0,5.0,70.0,0.0,7.0,0.0,2.32,29.89,9.4,19.0,11.1,2013,6,9, ,0408,1919
374,5,2013-06-10,76.0,67.0,72.0,5.0,70.0,0.0,7.0,0.0,2.32,29.89,9.4,19.0,11.1,2013,6,10, ,0408,1919
375,5,2013-06-11,76.0,67.0,72.0,5.0,70.0,0.0,7.0,0.0,2.32,29.89,9.4,19.0,11.1,2013,6,11, ,0408,1920
376,5,2013-06-12,76.0,67.0,72.0,5.0,70.0,0.0,7.0,0.0,2.32,29.89,9.4,19.0,11.1,2013,6,12, ,0408,1920
377,5,2013-06-13,76.0,67.0,72.0,5.0,70.0,0.0,7.0,0.0,2.32,29.89,9.4,19.0,11.1,2013,6,13, ,0408,1921
378,5,2013-06-14,76.0,67.0,72.0,5.0,70.0,0.0,7.0,0.0,2.32,29.89,9.4,19.0,11.1,2013,6,14, ,0408,1921
379,5,2013-06-15,76.0,67.0,72.0,5.0,70.0,0.0,7.0,0.0,2.32,29.89,9.4,19.0,11.1,2013,6,15, ,0408,1922
380,5,2013-06-16,76.0,67.0,72.0,5.0,70.0,0.0,7.0,0.0,2.32,29.89,9.4,19.0,11.1,2013,6,16, ,0408,1922
381,5,2013-06-17,76.0,67.0,72.0,5.0,70.0,0.0,7.0,0.0,2.32,29.89,9.4,19.0,11.1,2013,6,17, ,0408,1923
382,5,2013-06-18,76.0,67.0,72.0,5.0,70.0,0.0,7.0,0.0,2.32,29.89,9.4,19.0,11.1,2013,6,18, ,0408,1923
383,5,2013-06-19,76.0,67.0,72.0,5.0,70.0,0.0,7.0,0.0,2.32,29.89,9.4,19.0,11.1,2013,6,19, ,0408,1923
384,5,2013-06-20,76.0,67.0,72.0,5.0,70.0,0.0,7.0,0.0,2.32,29.89,9.4,19.0,11.1,2013,6,20, ,0408,1924
385,5,2013-06-21,76.0,67.0,72.0,5.0,70.0,0.0,7.0,0.0,2.32,29.89,9.4,19.0,11.1,2013,6,21, ,0408,1924
386,5,2013-06-22,76.0,67.0,72.0,5.0,70.0,0.0,7.0,0.0,2.32,29.89,9.4,19.0,11.1,2013,6,22, ,0409,1924
387,5,2013-06-23,76.0,67.0,72.0,5.0,70.0,0.0,7.0,0.0,2.32,29.89,9.4,19.0,11.1,2013,6,23, ,0409,1924
388,5,2013-06-24,76.0,67.0,72.0,5.0,70.0,0.0,7.0,0.0,2.32,29.89,9.4,19.0,11.1,2013,6,24, ,0409,1924
389,5,2013-06-25,76.0,67.0,72.0,5.0,70.0,0.0,7.0,0.0,2.32,29.89,9.4,19.0,11.1,2013,6,25, ,0409,1925
390,5,2013-06-26,76.0,67.0,72.0,5.0,70.0,0.0,7.0,0.0,2.32,29.89,9.4,19.0,11.1,2013,6,26, ,0410,1925
391,5,2013-06-27,76.0,67.0,72.0,5.0,70.0,0.0,7.0,0.0,2.32,29.89,9.4,19.0,11.1,2013,6,27, ,0410,1925
392,5,2013-06-28,76.0,67.0,72.0,5.0,70.0,0.0,7.0,0.0,2.32,29.89,9.4,19.0,11.1,2013,6,28, ,0411,1925
393,5,2013-06-29,76.0,67.0,72.0,5.0,70.0,0.0,7.0,0.0,2.32,29.89,9.4,19.0,11.1,2013,6,29, ,0411,1925
394,5,2013-06-30,76.0,67.0,72.0,5.0,70.0,0.0,7.0,0.0,2.32,29.89,9.4,19.0,11.1,2013,6,30, ,0411,1925
395,5,2013-07-01,76.0,67.0,72.0,5.0,70.0,0.0,7.0,0.0,2.32,29.89,9.4,19.0,11.1,2013,7,1, ,0412,1925
396,5,2013-07-02,76.0,67.0,72.0,5.0,70.0,0.0,7.0,0.0,2.32,29.89,9.4,19.0,11.1,2013,7,2, ,0412,1924
397,5,2013-07-03,76.0,67.0,72.0,5.0,70.0,0.0,7.0,0.0,2.32,29.89,9.4,19.0,11.1,2013,7,3, ,0413,1924
398,5,2013-07-04,76.0,67.0,72.0,5.0,70.0,0.0,7.0,0.0,2.32,29.89,9.4,19.0,11.1,2013,7,4, ,0414,1924
399,5,2013-07-05,76.0,67.0,72.0,5.0,70.0,0.0,7.0,0.0,2.32,29.89,9.4,19.0,11.1,2013,7,5, ,0414,1924
400,5,2013-07-06,76.0,67.0,72.0,5.0,70.0,0.0,7.0,0.0,2.32,29.89,9.4,19.0,11.1,2013,7,6, ,0415,1924
401,5,2013-07-07,76.0,67.0,72.0,5.0,70.0,0.0,7.0,0.0,2.32,29.89,9.4,19.0,11.1,2013,7,7, ,0415,1923
402,5,2013-07-08,76.0,67.0,72.0,5.0,70.0,0.0,7.0,0.0,2.32,29.89,9.4,19.0,11.1,2013,7,8, ,0416,1923
403,5,2013-07-09,76.0,67.0,72.0,5.0,70.0,0.0,7.0,0.0,2.32,29.89,9.4,19.0,11.1,2013,7,9, ,0417,1923
404,5,2013-07-10,76.0,67.0,72.0,5.0,70.0,0.0,7.0,0.0,2.32,29.89,9.4,19.0,11.1,2013,7,10, ,0417,1922
405,5,2013-07-11,76.0,67.0,72.0,5.0,70.0,0.0,7.0,0.0,2.32,29.89,9.4,19.0,11.1,2013,7,11, ,0418,1922
406,5,2013-07-12,76.0,67.0,72.0,5.0,70.0,0.0,7.0,0.0,2.32,29.89,9.4,19.0,11.1,2013,7,12, ,0419,1921
407,5,2013-07-13,76.0,67.0,72.0,5.0,70.0,0.0,7.0,0.0,2.32,29.89,9.4,19.0,11.1,2013,7,13, ,0420,1921
408,5,2013-07-14,76.0,67.0,72.0,5.0,70.0,0.0,7.0,0.0,2.32,29.89,9.4,19.0,11.1,2013,7,14, ,0420,1920
409,5,2013-07-15,76.0,67.0,72.0,5.0,70.0,0.0,7.0,0.0,2.32,29.89,9.4,19.0,11.1,2013,7,15, ,0421,1920
410,5,2013-07-16,76.0,67.0,72.0,5.0,70.0,0.0,7.0,0.0,2.32,29.89,9.4,19.0,11.1,2013,7,16, ,0422,1919
411,5,2013-07-17,76.0,67.0,72.0,5.0,70.0,0.0,7.0,0.0,2.32,29.89,9.4,19.0,11.1,2013,7,17, ,0423,1918
412,5,2013-07-18,76.0,67.0,72.0,5.0,70.0,0.0,7.0,0.0,2.32,29.89,9.4,19.0,11.1,2013,7,18, ,0424,1918
413,5,2013-07-19,76.0,67.0,72.0,5.0,70.0,0.0,7.0,0.0,2.32,29.89,9.4,19.0,11.1,2013,7,19, ,0425,1917
414,5,2013-07-20,76.0,67.0,72.0,5.0,70.0,0.0,7.0,0.0,2.32,29.89,9.4,19.0,11.1,2013,7,20, ,0426,1916
415,5,2013-07-21,76.0,67.0,72.0,5.0,70.0,0.0,7.0,0.0,2.32,29.89,9.4,19.0,11.1,2013,7,21, ,0426,1915
416,5,2013-07-22,76.0,67.0,72.0,5.0,70.0,0.0,7.0,0.0,2.32,29.89,9.4,19.0,11.1,2013,7,22, ,0427,1915
417,5,2013-07-23,76.0,67.0,72.0,5.0,70.0,0.0,7.0,0.0,2.32,29.89,9.4,19.0,11.1,2013,7,23, ,0428,1914
418,5,2013-07-24,76.0,67.0,72.0,5.0,70.0,0.0,7.0,0.0,2.32,29.89,9.4,19.0,11.1,2013,7,24, ,0429,1913
419,5,2013-07-25,76.0,67.0,72.0,5.0,70.0,0.0,7.0,0.0,2.32,29.89,9.4,19.0,11.1,2013,7,25, ,0430,1912
420,5,2013-07-26,76.0,67.0,72.0,5.0,70.0,0.0,7.0,0.0,2.32,29.89,9.4,19.0,11.1,2013,7,26, ,0431,1911
421,5,2013-07-27,76.0,67.0,72.0,5.0,70.0,0.0,7.0,0.0,2.32,29.89,9.4,19.0,11.1,2013,7,27, ,0432,1910
422,5,2013-07-28,76.0,67.0,72.0,5.0,70.0,0.0,7.0,0.0,2.32,29.89,9.4,19.0,11.1,2013,7,28, ,0433,1909
423,5,2013-07-29,76.0,67.0,72.0,5.0,70.0,0.0,7.0,0.0,2.32,29.89,9.4,19.0,11.1,2013,7,29, ,0434,1908
424,5,2013-07-30,76.0,67.0,72.0,5.0,70.0,0.0,7.0,0.0,2.32,29.89,9.4,19.0,11.1,2013,7,30, ,0435,1907
425,5,2013-07-31,76.0,67.0,72.0,5.0,70.0,0.0,7.0,0.0,2.32,29.89,9.4,19.0,11.1,2013,7,31, ,0436,1906
426,5,2013-09-01,76.0,67.0,72.0,5.0,70.0,0.0,7.0,0.0,2.32,29.89,9.4,19.0,11.1,2013,9,1, ,0509,1819
427,5,2013-09-02,79.0,67.0,73.0,7.0,71.0,0.0,8.0,0.0,0.43,29.81,10.3,18.0,11.1,2013,9,2, ,0510,1817
428,5,2013-09-03,79.0,61.0,70.0,4.0,66.0,0.0,5.0,0.0,0.0,29.78,8.2,23.0,9.6,2013,9,3, ,0511,1815
429,5,2013-09-04,78.0,57.0,68.0,2.0,56.0,0.0,3.0,0.0,0.0,29.91,10.9,27.0,11.8,2013,9,4, ,0513,1814
430,5,2013-09-05,66.0,51.0,59.0,7.0,55.0,6.0,0.0,0.0,0.08,30.01,1.8,33.0,8.3,2013,9,5, ,0514,1812
431,5,2013-09-06,68.0,46.0,57.0,8.0,41.0,8.0,0.0,0.0,0.0,30.2,5.4,28.0,8.5,2013,9,6, ,0515,1810
432,5,2013-09-07,78.0,51.0,65.0,1.0,48.0,0.0,0.0,0.0,0.0,30.0,10.7,23.0,11.6,2013,9,7, ,0516,1809
433,5,2013-09-08,74.0,50.0,62.0,2.0,49.0,3.0,0.0,0.0,0.0,29.89,8.9,30.0,12.7,2013,9,8, ,0517,1807
434,5,2013-09-09,69.0,47.0,58.0,6.0,44.0,7.0,0.0,0.0,0.0,30.2,5.6,22.0,10.5,2013,9,9, ,0518,1805
435,5,2013-09-10,73.0,56.0,65.0,1.0,62.0,0.0,0.0,0.0,0.03,30.13,14.0,20.0,15.3,2013,9,10, ,0519,1803
436,5,2013-09-11,93.0,68.0,81.0,17.0,71.0,0.0,16.0,0.0,0.0,30.05,11.6,21.0,12.2,2013,9,11, ,0520,1802
437,5,2013-09-12,85.0,66.0,76.0,13.0,69.0,0.0,11.0,0.0,0.47,29.84,13.3,19.0,14.8,2013,9,12, ,0521,1760
438,5,2013-09-13,79.0,58.0,69.0,6.0,62.0,0.0,4.0,0.0,0.17,29.67,3.7,30.0,7.5,2013,9,13, ,0522,1758
439,5,2013-09-14,67.0,52.0,60.0,3.0,51.0,5.0,0.0,0.0,0.0,29.94,9.3,30.0,9.9,2013,9,14, ,0523,1756
440,5,2013-09-15,70.0,48.0,59.0,4.0,49.0,6.0,0.0,0.0,0.0,30.13,6.8,26.0,8.4,2013,9,15, ,0524,1755
441,5,2013-09-16,66.0,46.0,56.0,6.0,48.0,9.0,0.0,0.0,0.02,30.11,7.9,30.0,10.6,2013,9,16, ,0525,1753
442,5,2013-09-17,60.0,40.0,50.0,12.0,37.0,15.0,0.0,0.0,0.0,30.37,5.7,35.0,9.0,2013,9,17, ,0526,1751
443,5,2013-09-18,73.0,47.0,60.0,1.0,43.0,5.0,0.0,0.0,0.0,30.26,8.2,26.0,9.5,2013,9,18, ,0527,1749
444,5,2013-09-19,78.0,51.0,65.0,4.0,49.0,0.0,0.0,0.0,0.0,30.12,7.2,26.0,8.7,2013,9,19, ,0528,1748
445,5,2013-09-20,78.0,54.0,66.0,5.0,53.0,0.0,1.0,0.0,0.0,30.07,4.5,22.0,8.3,2013,9,20, ,0529,1746
446,5,2013-09-21,74.0,57.0,66.0,6.0,62.0,0.0,1.0,0.0,0.0,30.13,14.0,20.0,16.0,2013,9,21, ,0530,1744
447,5,2013-09-22,70.0,49.0,60.0,0.0,49.0,5.0,0.0,0.0,0.39,29.89,8.9,30.0,13.7,2013,9,22, ,0531,1742
448,5,2013-09-23,63.0,43.0,53.0,7.0,41.0,12.0,0.0,0.0,0.0,29.92,6.6,31.0,11.9,2013,9,23, ,0533,1741
449,5,2013-09-24,65.0,40.0,53.0,6.0,41.0,12.0,0.0,0.0,0.0,29.92,6.6,31.0,9.8,2013,9,24, ,0534,1739
450,5,2013-09-25,64.0,45.0,55.0,4.0,48.0,10.0,0.0,0.0,0.0,30.11,7.9,30.0,7.3,2013,9,25, ,0535,1737
451,5,2013-09-26,63.0,52.0,58.0,1.0,47.0,7.0,0.0,0.0,0.0,30.07,4.9,4.0,6.2,2013,9,26, ,0536,1735
452,5,2013-09-27,64.0,53.0,59.0,1.0,49.0,6.0,0.0,0.0,0.0,30.23,4.2,1.0,7.4,2013,9,27, ,0537,1734
453,5,2013-09-28,70.0,52.0,61.0,3.0,51.0,4.0,0.0,0.0,0.0,30.31,5.6,4.0,8.3,2013,9,28, ,0538,1732
454,5,2013-09-29,65.0,50.0,58.0,1.0,50.0,7.0,0.0,0.0,0.0,30.21,5.6,8.0,6.5,2013,9,29, ,0539,1730
455,5,2013-09-30,64.0,51.0,58.0,1.0,49.0,7.0,0.0,0.0,0.0,30.06,2.2,3.0,4.8,2013,9,30, ,0540,1728
456,5,2013-10-01,65.0,40.0,53.0,6.0,50.0,12.0,0.0,0.0,0.0,29.94,5.8,31.0,9.8,2013,10,1, ,0541,1727
457,5,2013-10-02,78.0,57.0,68.0,2.0,56.0,0.0,3.0,0.0,0.0,29.92,13.3,27.0,11.8,2013,10,2, ,0542,1725
458,5,2013-10-03,66.0,46.0,56.0,6.0,48.0,9.0,0.0,0.0,0.02,30.06,8.9,29.0,10.6,2013,10,3, ,0543,1723
459,5,2013-10-04,66.0,51.0,59.0,7.0,52.0,6.0,0.0,0.0,0.08,30.08,2.3,33.0,8.3,2013,10,4, ,0544,1721
460,5,2013-10-05,65.0,50.0,58.0,1.0,56.0,7.0,0.0,0.0,0.0,30.12,4.1,7.0,6.5,2013,10,5, ,0546,1720
461,5,2013-10-06,65.0,50.0,58.0,1.0,55.0,7.0,0.0,0.0,0.0,30.19,8.8,8.0,6.5,2013,10,6, ,0547,1718
462,5,2013-10-07,73.0,56.0,65.0,1.0,64.0,0.0,0.0,0.0,0.03,29.97,14.5,18.0,15.3,2013,10,7, ,0548,1716
463,5,2013-10-08,73.0,47.0,60.0,1.0,42.0,5.0,0.0,0.0,0.0,30.21,9.3,33.0,9.5,2013,10,8, ,0549,1715
464,5,2013-10-09,70.0,52.0,61.0,3.0,44.0,4.0,0.0,0.0,0.0,30.42,10.2,6.0,8.3,2013,10,9, ,0550,1713
465,5,2013-10-10,70.0,52.0,61.0,3.0,50.0,4.0,0.0,0.0,0.0,30.28,8.3,5.0,8.3,2013,10,10, ,0551,1711
466,5,2013-10-11,63.0,52.0,58.0,1.0,50.0,7.0,0.0,0.0,0.0,30.15,8.7,4.0,6.2,2013,10,11, ,0552,1710
467,5,2013-10-12,70.0,52.0,61.0,3.0,52.0,4.0,0.0,0.0,0.0,30.31,12.5,5.0,8.3,2013,10,12, ,0553,1708
468,5,2013-10-13,70.0,52.0,61.0,3.0,45.0,4.0,0.0,0.0,0.0,30.42,7.9,6.0,8.3,2013,10,13, ,0555,1706
469,5,2013-10-14,69.0,47.0,58.0,6.0,42.0,7.0,0.0,0.0,0.0,30.34,4.1,21.0,10.5,2013,10,14, ,0556,1705
470,5,2013-10-15,65.0,50.0,58.0,1.0,48.0,7.0,0.0,0.0,0.0,30.25,3.0,10.0,6.5,2013,10,15, ,0557,1703
471,5,2013-10-16,63.0,52.0,58.0,1.0,53.0,7.0,0.0,0.0,0.0,30.06,4.5,6.0,6.2,2013,10,16, ,0558,1702
472,5,2013-10-17,76.0,67.0,72.0,5.0,57.0,0.0,7.0,0.0,2.32,29.84,9.7,21.0,11.1,2013,10,17, ,0559,1700
473,5,2013-10-18,78.0,57.0,68.0,2.0,48.0,0.0,3.0,0.0,0.0,29.79,11.8,26.0,11.8,2013,10,18, ,0600,1659
474,5,2013-10-19,65.0,40.0,53.0,6.0,41.0,12.0,0.0,0.0,0.0,29.91,7.4,21.0,9.8,2013,10,19, ,0601,1657
475,5,2013-10-20,78.0,57.0,68.0,2.0,37.0,0.0,3.0,0.0,0.0,29.88,11.4,28.0,11.8,2013,10,20, ,0603,1655
476,5,2013-10-21,78.0,51.0,65.0,1.0,38.0,0.0,0.0,0.0,0.0,30.08,9.1,23.0,11.6,2013,10,21, ,0604,1654
477,5,2013-10-22,74.0,50.0,62.0,2.0,45.0,3.0,0.0,0.0,0.0,29.84,8.3,22.0,12.7,2013,10,22, ,0605,1652
478,5,2013-10-23,65.0,40.0,53.0,6.0,32.0,12.0,0.0,0.0,0.0,29.71,4.9,29.0,9.8,2013,10,23, ,0606,1651
479,5,2013-10-24,78.0,57.0,68.0,2.0,27.0,0.0,3.0,0.0,0.0,29.81,13.4,27.0,11.8,2013,10,24, ,0607,1650
480,5,2013-10-25,78.0,51.0,65.0,1.0,27.0,0.0,0.0,0.0,0.0,30.06,11.0,28.0,11.6,2013,10,25, ,0609,1648
481,5,2013-10-26,78.0,51.0,65.0,1.0,29.0,0.0,0.0,0.0,0.0,30.05,13.9,22.0,11.6,2013,10,26, ,0610,1647
482,5,2013-10-27,78.0,57.0,68.0,2.0,32.0,0.0,3.0,0.0,0.0,29.93,12.6,27.0,11.8,2013,10,27, ,0611,1645
483,5,2013-10-28,73.0,47.0,60.0,1.0,29.0,5.0,0.0,0.0,0.0,30.2,9.2,28.0,9.5,2013,10,28, ,0612,1644
484,5,2013-10-29,76.0,67.0,72.0,5.0,70.0,0.0,7.0,0.0,2.32,29.89,9.4,19.0,11.1,2013,10,29, ,0613,1643
485,5,2013-10-30,76.0,67.0,72.0,5.0,70.0,0.0,7.0,0.0,2.32,29.89,9.4,19.0,11.1,2013,10,30, ,0615,1641
486,5,2013-10-31,73.0,56.0,65.0,1.0,51.0,0.0,0.0,0.0,0.03,30.09,14.5,18.0,15.3,2013,10,31, ,0616,1640
487,5,2013-11-01,85.0,66.0,76.0,13.0,56.0,0.0,11.0,0.0,0.47,29.61,22.7,21.0,14.8,2013,11,1, ,0617,1639
488,5,2013-11-02,79.0,58.0,69.0,6.0,42.0,0.0,4.0,0.0,0.17,29.68,3.6,26.0,7.5,2013,11,2, ,0618,1637
489,5,2013-11-03,66.0,46.0,56.0,6.0,29.0,9.0,0.0,0.0,0.02,30.12,9.1,34.0,10.6,2013,11,3, ,0620,1636
490,5,2013-11-04,70.0,52.0,61.0,3.0,18.0,4.0,0.0,0.0,0.0,30.62,5.2,1.0,8.3,2013,11,4, ,0621,1635
491,5,2013-11-05,69.0,47.0,58.0,6.0,25.0,7.0,0.0,0.0,0.0,30.65,2.4,22.0,10.5,2013,11,5, ,0622,1634
492,5,2013-11-06,73.0,56.0,65.0,1.0,42.0,0.0,0.0,0.0,0.03,30.13,15.1,20.0,15.3,2013,11,6, ,0623,1633
493,5,2013-11-07,78.0,51.0,65.0,1.0,49.0,0.0,0.0,0.0,0.0,29.83,12.0,24.0,11.6,2013,11,7, ,0625,1631
494,5,2013-11-08,67.0,52.0,60.0,3.0,25.0,5.0,0.0,0.0,0.0,29.95,13.6,29.0,9.9,2013,11,8, ,0626,1630
495,5,2013-11-09,73.0,47.0,60.0,1.0,22.0,5.0,0.0,0.0,0.0,30.15,10.5,26.0,9.5,2013,11,9, ,0627,1629
496,5,2013-11-10,78.0,51.0,65.0,1.0,35.0,0.0,0.0,0.0,0.0,29.86,10.4,23.0,11.6,2013,11,10, ,0628,1628
497,5,2013-11-11,78.0,51.0,65.0,1.0,26.0,0.0,0.0,0.0,0.0,30.01,11.9,26.0,11.6,2013,11,11, ,0630,1627
498,5,2013-11-12,66.0,46.0,56.0,6.0,24.0,9.0,0.0,0.0,0.02,30.06,12.6,30.0,10.6,2013,11,12, ,0631,1626
499,5,2013-11-13,73.0,47.0,60.0,1.0,13.0,5.0,0.0,0.0,0.0,30.24,12.2,29.0,9.5,2013,11,13, ,0632,1625
500,5,2013-11-14,78.0,51.0,65.0,1.0,17.0,0.0,0.0,0.0,0.0,30.12,13.1,23.0,11.6,2013,11,14, ,0633,1624
501,5,2013-11-15,73.0,56.0,65.0,1.0,22.0,0.0,0.0,0.0,0.03,30.18,13.4,22.0,15.3,2013,11,15, ,0635,1623
502,5,2013-11-16,68.0,46.0,57.0,8.0,28.0,8.0,0.0,0.0,0.0,30.29,5.2,25.0,8.5,2013,11,16, ,0636,1622
503,5,2013-11-17,69.0,47.0,58.0,6.0,47.0,7.0,0.0,0.0,0.0,30.19,8.8,15.0,10.5,2013,11,17, ,0637,1622
504,5,2013-11-18,78.0,51.0,65.0,1.0,46.0,0.0,0.0,0.0,0.0,29.62,14.0,22.0,11.6,2013,11,18, ,0638,1621
505,5,2013-11-19,67.0,52.0,60.0,3.0,20.0,5.0,0.0,0.0,0.0,29.97,16.6,30.0,9.9,2013,11,19, ,0639,1620
506,5,2013-11-20,60.0,40.0,50.0,12.0,11.0,15.0,0.0,0.0,0.0,30.51,9.5,33.0,9.0,2013,11,20, ,0641,1619
507,5,2013-11-21,76.0,67.0,72.0,5.0,70.0,0.0,7.0,0.0,2.32,29.89,9.4,19.0,11.1,2013,11,21, ,0642,1619
508,5,2013-11-22,76.0,67.0,72.0,5.0,70.0,0.0,7.0,0.0,2.32,29.89,9.4,19.0,11.1,2013,11,22, ,0643,1618
509,5,2013-11-23,74.0,50.0,62.0,2.0,25.0,3.0,0.0,0.0,0.0,29.84,15.9,29.0,12.7,2013,11,23, ,0644,1617
510,5,2013-11-24,67.0,52.0,60.0,3.0,2.0,5.0,0.0,0.0,0.0,29.95,23.3,30.0,9.9,2013,11,24, ,0645,1617
511,5,2013-11-25,73.0,47.0,60.0,1.0,1.0,5.0,0.0,0.0,0.0,30.33,10.8,26.0,9.5,2013,11,25, ,0647,1616
512,5,2013-11-26,73.0,47.0,60.0,1.0,23.0,5.0,0.0,0.0,0.0,30.27,8.5,19.0,9.5,2013,11,26, ,0648,1616
513,5,2013-11-27,79.0,67.0,73.0,7.0,50.0,0.0,8.0,0.0,0.43,29.46,11.2,18.0,11.1,2013,11,27, ,0649,1615
514,5,2013-11-28,78.0,51.0,65.0,1.0,14.0,0.0,0.0,0.0,0.0,30.06,16.8,28.0,11.6,2013,11,28, ,0650,1615
515,5,2013-11-29,76.0,67.0,72.0,5.0,70.0,0.0,7.0,0.0,2.32,29.89,9.4,19.0,11.1,2013,11,29, ,0651,1614
516,5,2013-11-30,70.0,52.0,61.0,3.0,13.0,4.0,0.0,0.0,0.0,30.68,0.9,5.0,8.3,2013,11,30, ,0652,1614
517,5,2013-12-01,69.0,47.0,58.0,6.0,34.0,7.0,0.0,0.0,0.0,30.19,4.6,14.0,10.5,2013,12,1, ,0653,1614
518,5,2013-12-02,65.0,40.0,53.0,6.0,36.0,12.0,0.0,0.0,0.0,29.97,4.3,33.0,9.8,2013,12,2, ,0654,1613
519,5,2013-12-03,65.0,40.0,53.0,6.0,33.0,12.0,0.0,0.0,0.0,29.91,8.9,32.0,9.8,2013,12,3, ,0655,1613
520,5,2013-12-04,68.0,46.0,57.0,8.0,27.0,8.0,0.0,0.0,0.0,30.11,6.5,29.0,8.5,2013,12,4, ,0656,1613
521,5,2013-12-05,78.0,51.0,65.0,1.0,42.0,0.0,0.0,0.0,0.0,30.11,11.4,16.0,11.6,2013,12,5, ,0657,1613
522,5,2013-12-06,65.0,40.0,53.0,6.0,45.0,12.0,0.0,0.0,0.0,29.99,6.4,28.0,9.8,2013,12,6, ,0658,1613
523,5,2013-12-07,73.0,47.0,60.0,1.0,26.0,5.0,0.0,0.0,0.0,30.26,10.1,32.0,9.5,2013,12,7, ,0659,1613
524,5,2013-12-08,60.0,40.0,50.0,12.0,14.0,15.0,0.0,0.0,0.0,30.54,3.9,34.0,9.0,2013,12,8, ,0700,1612
525,5,2013-12-09,63.0,52.0,58.0,1.0,32.0,7.0,0.0,0.0,0.0,30.13,3.7,7.0,6.2,2013,12,9, ,0701,1612
526,5,2013-12-10,78.0,57.0,68.0,2.0,27.0,0.0,3.0,0.0,0.0,29.91,10.6,26.0,11.8,2013,12,10, ,0702,1612
527,5,2013-12-11,78.0,51.0,65.0,1.0,16.0,0.0,0.0,0.0,0.0,30.16,13.3,24.0,11.6,2013,12,11, ,0703,1613
528,5,2013-12-12,73.0,47.0,60.0,1.0,6.0,5.0,0.0,0.0,0.0,30.2,9.6,28.0,9.5,2013,12,12, ,0704,1613
529,5,2013-12-13,78.0,51.0,65.0,4.0,9.0,0.0,0.0,0.0,0.0,30.12,12.3,26.0,8.7,2013,12,13, ,0704,1613
530,5,2013-12-14,70.0,52.0,61.0,3.0,7.0,4.0,0.0,0.0,0.0,30.46,6.3,4.0,8.3,2013,12,14, ,0705,1613
531,5,2013-12-15,65.0,40.0,53.0,6.0,25.0,12.0,0.0,0.0,0.0,29.64,5.6,34.0,9.8,2013,12,15, ,0706,1613
532,5,2013-12-16,78.0,51.0,65.0,1.0,10.0,0.0,0.0,0.0,0.0,29.98,13.9,27.0,11.6,2013,12,16, ,0707,1614
533,5,2013-12-17,66.0,46.0,56.0,6.0,10.0,9.0,0.0,0.0,0.02,30.14,7.5,36.0,10.6,2013,12,17, ,0707,1614
534,5,2013-12-18,67.0,52.0,60.0,3.0,17.0,5.0,0.0,0.0,0.0,29.96,12.5,30.0,9.9,2013,12,18, ,0708,1614
535,5,2013-12-19,78.0,51.0,65.0,1.0,21.0,0.0,0.0,0.0,0.0,30.07,13.6,24.0,11.6,2013,12,19, ,0708,1615
536,5,2013-12-20,78.0,51.0,65.0,1.0,30.0,0.0,0.0,0.0,0.0,30.03,13.2,19.0,11.6,2013,12,20, ,0709,1615
537,5,2013-12-21,78.0,51.0,65.0,1.0,43.0,0.0,0.0,0.0,0.0,29.94,16.8,20.0,11.6,2013,12,21, ,0710,1615
538,5,2013-12-22,76.0,67.0,72.0,5.0,70.0,0.0,7.0,0.0,2.32,29.89,9.4,19.0,11.1,2013,12,22, ,0710,1616
539,5,2013-12-23,76.0,67.0,72.0,5.0,70.0,0.0,7.0,0.0,2.32,29.89,9.4,19.0,11.1,2013,12,23, ,0711,1616
540,5,2013-12-24,66.0,46.0,56.0,6.0,20.0,9.0,0.0,0.0,0.02,30.13,11.0,32.0,10.6,2013,12,24, ,0711,1617
541,5,2013-12-25,60.0,40.0,50.0,12.0,3.0,15.0,0.0,0.0,0.0,30.44,5.8,30.0,9.0,2013,12,25, ,0711,1618
542,5,2013-12-26,69.0,47.0,58.0,6.0,22.0,7.0,0.0,0.0,0.0,30.27,4.2,21.0,10.5,2013,12,26, ,0712,1618
543,5,2013-12-27,73.0,47.0,60.0,1.0,18.0,5.0,0.0,0.0,0.0,30.25,12.0,26.0,9.5,2013,12,27, ,0712,1619
544,5,2013-12-28,73.0,56.0,65.0,1.0,23.0,0.0,0.0,0.0,0.03,30.12,13.7,22.0,15.3,2013,12,28, ,0712,1620
545,5,2013-12-29,78.0,54.0,66.0,5.0,32.0,0.0,1.0,0.0,0.0,29.82,3.2,21.0,8.3,2013,12,29, ,0713,1620
546,5,2013-12-30,78.0,57.0,68.0,2.0,21.0,0.0,3.0,0.0,0.0,29.91,12.7,28.0,11.8,2013,12,30, ,0713,1621
547,5,2013-12-31,68.0,46.0,57.0,8.0,4.0,8.0,0.0,0.0,0.0,30.12,6.8,28.0,8.5,2013,12,31, ,0713,1622
548,5,2014-01-01,73.0,47.0,60.0,1.0,5.0,5.0,0.0,0.0,0.0,30.33,9.2,27.0,9.5,2014,1,1, ,-,-
549,5,2014-01-02,63.0,52.0,58.0,1.0,12.0,7.0,0.0,0.0,0.0,30.11,13.4,2.0,6.2,2014,1,2, ,-,-
550,5,2014-01-03,78.0,51.0,65.0,1.0,4.0,0.0,0.0,0.0,0.0,30.01,16.0,34.0,11.6,2014,1,3, ,-,-
551,5,2014-01-04,73.0,47.0,60.0,1.0,1.0,5.0,0.0,0.0,0.0,30.39,14.8,22.0,9.5,2014,1,4, ,-,-
552,5,2014-01-05,73.0,47.0,60.0,1.0,23.0,5.0,0.0,0.0,0.0,30.23,10.7,19.0,9.5,2014,1,5, ,-,-
553,5,2014-01-06,85.0,66.0,76.0,13.0,41.0,0.0,11.0,0.0,0.47,29.52,12.9,20.0,14.8,2014,1,6, ,-,-
554,5,2014-01-07,78.0,57.0,68.0,2.0,5.0,0.0,3.0,0.0,0.0,29.92,19.6,27.0,11.8,2014,1,7, ,-,-
555,5,2014-01-08,73.0,47.0,60.0,1.0,3.0,5.0,0.0,0.0,0.0,30.4,11.5,25.0,9.5,2014,1,8, ,-,-
556,5,2014-01-09,76.0,67.0,72.0,5.0,70.0,0.0,7.0,0.0,2.32,29.89,9.4,19.0,11.1,2014,1,9, ,-,-
557,5,2014-01-10,73.0,47.0,60.0,1.0,24.0,5.0,0.0,0.0,0.0,30.45,11.1,19.0,9.5,2014,1,10, ,-,-
558,5,2014-01-11,85.0,66.0,76.0,13.0,50.0,0.0,11.0,0.0,0.47,29.77,23.5,18.0,14.8,2014,1,11, ,-,-
559,5,2014-01-12,78.0,57.0,68.0,2.0,30.0,0.0,3.0,0.0,0.0,29.64,18.8,28.0,11.8,2014,1,12, ,-,-
560,5,2014-01-13,78.0,51.0,65.0,1.0,30.0,0.0,0.0,0.0,0.0,30.05,14.9,21.0,11.6,2014,1,13, ,-,-
561,5,2014-01-14,78.0,51.0,65.0,1.0,44.0,0.0,0.0,0.0,0.0,29.78,9.6,21.0,11.6,2014,1,14, ,-,-
562,5,2014-01-15,65.0,40.0,53.0,6.0,35.0,12.0,0.0,0.0,0.0,29.95,7.7,21.0,9.8,2014,1,15, ,-,-
563,5,2014-01-16,65.0,40.0,53.0,6.0,36.0,12.0,0.0,0.0,0.0,29.9,2.6,36.0,9.8,2014,1,16, ,-,-
564,5,2014-01-17,78.0,51.0,65.0,1.0,28.0,0.0,0.0,0.0,0.0,29.95,9.4,20.0,11.6,2014,1,17, ,-,-
565,5,2014-01-18,64.0,51.0,58.0,1.0,32.0,7.0,0.0,0.0,0.0,29.75,2.9,1.0,4.8,2014,1,18, ,-,-
566,5,2014-01-19,78.0,51.0,65.0,1.0,24.0,0.0,0.0,0.0,0.0,29.64,13.6,23.0,11.6,2014,1,19, ,-,-
567,5,2014-01-20,78.0,57.0,68.0,2.0,22.0,0.0,3.0,0.0,0.0,29.63,12.6,25.0,11.8,2014,1,20, ,-,-
568,5,2014-01-21,67.0,52.0,60.0,3.0,2.0,5.0,0.0,0.0,0.0,29.97,11.1,34.0,9.9,2014,1,21, ,-,-
569,5,2014-01-22,74.0,50.0,62.0,2.0,1.0,3.0,0.0,0.0,0.0,29.75,14.5,33.0,12.7,2014,1,22, ,-,-
570,5,2014-01-23,78.0,51.0,65.0,1.0,5.0,0.0,0.0,0.0,0.0,30.03,12.0,28.0,11.6,2014,1,23, ,-,-
571,5,2014-01-24,73.0,47.0,60.0,1.0,5.0,5.0,0.0,0.0,0.0,30.18,11.1,26.0,9.5,2014,1,24, ,-,-
572,5,2014-01-25,85.0,66.0,76.0,13.0,16.0,0.0,11.0,0.0,0.47,29.64,20.4,20.0,14.8,2014,1,25, ,-,-
573,5,2014-01-26,78.0,57.0,68.0,2.0,2.0,0.0,3.0,0.0,0.0,29.72,13.4,25.0,11.8,2014,1,26, ,-,-
574,5,2014-01-27,78.0,51.0,65.0,1.0,20.0,0.0,0.0,0.0,0.0,29.74,12.5,23.0,11.6,2014,1,27, ,-,-
575,5,2014-01-28,73.0,47.0,60.0,1.0,6.0,5.0,0.0,0.0,0.0,30.22,11.6,28.0,9.5,2014,1,28, ,-,-
576,5,2014-01-29,66.0,46.0,56.0,6.0,0.0,9.0,0.0,0.0,0.02,30.11,8.1,27.0,10.6,2014,1,29, ,-,-
577,5,2014-01-30,73.0,47.0,60.0,1.0,3.0,5.0,0.0,0.0,0.0,30.34,9.7,22.0,9.5,2014,1,30, ,-,-
578,5,2014-01-31,78.0,51.0,65.0,1.0,17.0,0.0,0.0,0.0,0.0,30.11,10.7,24.0,11.6,2014,1,31, ,-,-
579,5,2014-02-01,69.0,47.0,58.0,6.0,21.0,7.0,0.0,0.0,0.0,30.25,6.8,21.0,10.5,2014,2,1, ,0658,1658
580,5,2014-02-02,65.0,40.0,53.0,6.0,35.0,12.0,0.0,0.0,0.0,29.95,8.3,26.0,9.8,2014,2,2, ,0657,1660
581,5,2014-02-03,60.0,40.0,50.0,12.0,26.0,15.0,0.0,0.0,0.0,30.18,8.2,36.0,9.0,2014,2,3, ,0656,1701
582,5,2014-02-04,60.0,40.0,50.0,12.0,18.0,15.0,0.0,0.0,0.0,30.39,5.1,31.0,9.0,2014,2,4, ,0655,1702
583,5,2014-02-05,63.0,52.0,58.0,1.0,25.0,7.0,0.0,0.0,0.0,29.93,8.8,5.0,6.2,2014,2,5, ,0654,1704
584,5,2014-02-06,68.0,46.0,57.0,8.0,12.0,8.0,0.0,0.0,0.0,30.19,5.7,30.0,8.5,2014,2,6, ,0652,1705
585,5,2014-02-07,73.0,47.0,60.0,1.0,8.0,5.0,0.0,0.0,0.0,30.21,12.5,26.0,9.5,2014,2,7, ,0651,1706
586,5,2014-02-08,73.0,47.0,60.0,1.0,4.0,5.0,0.0,0.0,0.0,30.22,10.4,27.0,9.5,2014,2,8, ,0650,1708
587,5,2014-02-09,66.0,51.0,59.0,7.0,15.0,6.0,0.0,0.0,0.08,30.08,2.5,36.0,8.3,2014,2,9, ,0649,1709
588,5,2014-02-10,78.0,51.0,65.0,1.0,10.0,0.0,0.0,0.0,0.0,30.04,11.0,29.0,11.6,2014,2,10, ,0648,1710
589,5,2014-02-11,73.0,47.0,60.0,1.0,2.0,5.0,0.0,0.0,0.0,30.3,10.7,31.0,9.5,2014,2,11, ,0646,1711
590,5,2014-02-12,60.0,40.0,50.0,12.0,0.0,15.0,0.0,0.0,0.0,30.49,2.3,36.0,9.0,2014,2,12, ,0645,1713
591,5,2014-02-13,85.0,66.0,76.0,13.0,28.0,0.0,11.0,0.0,0.47,29.81,17.0,5.0,14.8,2014,2,13, ,0644,1714
592,5,2014-02-14,78.0,57.0,68.0,2.0,25.0,0.0,3.0,0.0,0.0,29.23,16.8,27.0,11.8,2014,2,14, ,0642,1715
593,5,2014-02-15,65.0,40.0,53.0,6.0,24.0,12.0,0.0,0.0,0.0,29.69,7.0,34.0,9.8,2014,2,15, ,0641,1717
594,5,2014-02-16,74.0,50.0,62.0,2.0,11.0,3.0,0.0,0.0,0.0,29.76,17.1,29.0,12.7,2014,2,16, ,0640,1718
595,5,2014-02-17,73.0,47.0,60.0,1.0,2.0,5.0,0.0,0.0,0.0,30.22,13.7,31.0,9.5,2014,2,17, ,0638,1719
596,5,2014-02-18,64.0,51.0,58.0,1.0,15.0,7.0,0.0,0.0,0.0,30.12,2.3,8.0,4.8,2014,2,18, ,0637,1720
597,5,2014-02-19,65.0,40.0,53.0,6.0,25.0,12.0,0.0,0.0,0.0,29.92,3.2,31.0,9.8,2014,2,19, ,0635,1722
598,5,2014-02-20,73.0,47.0,60.0,1.0,27.0,5.0,0.0,0.0,0.0,30.14,9.0,25.0,9.5,2014,2,20, ,0634,1723
599,5,2014-02-21,63.0,52.0,58.0,1.0,37.0,7.0,0.0,0.0,0.0,29.94,5.2,11.0,6.2,2014,2,21, ,0632,1724
600,5,2014-02-22,78.0,51.0,65.0,1.0,26.0,0.0,0.0,0.0,0.0,29.94,16.3,22.0,11.6,2014,2,22, ,0631,1725
601,5,2014-02-23,65.0,40.0,53.0,6.0,25.0,12.0,0.0,0.0,0.0,29.92,7.5,23.0,9.8,2014,2,23, ,0629,1727
602,5,2014-02-24,78.0,57.0,68.0,2.0,12.0,0.0,3.0,0.0,0.0,29.81,17.5,28.0,11.8,2014,2,24, ,0628,1728
603,5,2014-02-25,78.0,57.0,68.0,2.0,6.0,0.0,3.0,0.0,0.0,29.94,14.2,27.0,11.8,2014,2,25, ,0626,1729
604,5,2014-02-26,74.0,50.0,62.0,2.0,2.0,3.0,0.0,0.0,0.0,29.86,8.5,26.0,12.7,2014,2,26, ,0625,1730
605,5,2014-02-27,65.0,40.0,53.0,6.0,3.0,12.0,0.0,0.0,0.0,29.75,6.9,27.0,9.8,2014,2,27, ,0623,1732
606,5,2014-02-28,73.0,47.0,60.0,1.0,9.0,5.0,0.0,0.0,0.0,30.26,11.4,28.0,9.5,2014,2,28, ,0622,1733
607,5,2014-03-01,73.0,47.0,60.0,1.0,7.0,5.0,0.0,0.0,0.0,30.31,8.9,20.0,9.5,2014,3,1, ,0620,1734
608,5,2014-03-02,78.0,54.0,66.0,5.0,19.0,0.0,1.0,0.0,0.0,30.03,3.6,25.0,8.3,2014,3,2, ,0619,1735
609,5,2014-03-03,66.0,46.0,56.0,6.0,2.0,9.0,0.0,0.0,0.02,30.13,9.7,33.0,10.6,2014,3,3, ,0617,1736
610,5,2014-03-04,68.0,46.0,57.0,8.0,2.0,8.0,0.0,0.0,0.0,30.31,4.5,28.0,8.5,2014,3,4, ,0615,1738
611,5,2014-03-05,70.0,52.0,61.0,3.0,13.0,4.0,0.0,0.0,0.0,30.33,6.6,1.0,8.3,2014,3,5, ,0614,1739
612,5,2014-03-06,60.0,40.0,50.0,12.0,0.0,15.0,0.0,0.0,0.0,30.58,4.4,36.0,9.0,2014,3,6, ,0612,1740
613,5,2014-03-07,65.0,50.0,58.0,1.0,16.0,7.0,0.0,0.0,0.0,30.27,2.9,9.0,6.5,2014,3,7, ,0610,1741
614,5,2014-03-08,74.0,50.0,62.0,2.0,23.0,3.0,0.0,0.0,0.0,29.81,8.9,33.0,12.7,2014,3,8, ,0609,1742
615,5,2014-03-09,74.0,50.0,62.0,2.0,10.0,3.0,0.0,0.0,0.0,29.9,9.1,31.0,12.7,2014,3,9, ,0607,1744
616,5,2014-03-10,65.0,40.0,53.0,6.0,22.0,12.0,0.0,0.0,0.0,29.77,5.7,20.0,9.8,2014,3,10, ,0605,1745
617,5,2014-03-11,78.0,57.0,68.0,2.0,29.0,0.0,3.0,0.0,0.0,29.61,10.9,25.0,11.8,2014,3,11, ,0604,1746
618,5,2014-03-12,64.0,51.0,58.0,1.0,34.0,7.0,0.0,0.0,0.0,29.41,1.2,5.0,4.8,2014,3,12, ,0602,1747
619,5,2014-03-13,74.0,50.0,62.0,2.0,11.0,3.0,0.0,0.0,0.0,29.46,16.9,31.0,12.7,2014,3,13, ,0600,1748
620,5,2014-03-14,78.0,51.0,65.0,1.0,9.0,0.0,0.0,0.0,0.0,30.06,13.6,22.0,11.6,2014,3,14, ,0559,1749
621,5,2014-03-15,78.0,51.0,65.0,1.0,30.0,0.0,0.0,0.0,0.0,29.79,14.1,24.0,11.6,2014,3,15, ,0557,1751
622,5,2014-03-16,66.0,46.0,56.0,6.0,7.0,9.0,0.0,0.0,0.02,30.09,13.8,29.0,10.6,2014,3,16, ,0555,1752
623,5,2014-03-17,60.0,40.0,50.0,12.0,1.0,15.0,0.0,0.0,0.0,30.13,6.0,35.0,9.0,2014,3,17, ,0553,1753
624,5,2014-03-18,70.0,52.0,61.0,3.0,10.0,4.0,0.0,0.0,0.0,30.31,5.9,5.0,8.3,2014,3,18, ,0552,1754
625,5,2014-03-19,65.0,50.0,58.0,1.0,23.0,7.0,0.0,0.0,0.0,30.24,8.1,10.0,6.5,2014,3,19, ,0550,1755
626,5,2014-03-20,74.0,50.0,62.0,2.0,32.0,3.0,0.0,0.0,0.0,29.71,9.5,28.0,12.7,2014,3,20, ,0548,1756
627,5,2014-03-21,78.0,57.0,68.0,2.0,20.0,0.0,3.0,0.0,0.0,29.89,17.7,28.0,11.8,2014,3,21, ,0547,1757
628,5,2014-03-22,78.0,57.0,68.0,2.0,23.0,0.0,3.0,0.0,0.0,29.89,11.0,26.0,11.8,2014,3,22, ,0545,1759
629,5,2014-03-23,67.0,52.0,60.0,3.0,13.0,5.0,0.0,0.0,0.0,29.97,9.5,30.0,9.9,2014,3,23, ,0543,1760
630,5,2014-03-24,66.0,46.0,56.0,6.0,2.0,9.0,0.0,0.0,0.02,30.12,11.1,31.0,10.6,2014,3,24, ,0541,1801
631,5,2014-03-25,78.0,54.0,66.0,5.0,7.0,0.0,1.0,0.0,0.0,30.07,4.5,20.0,8.3,2014,3,25, ,0540,1802
632,5,2014-03-26,74.0,50.0,62.0,2.0,7.0,3.0,0.0,0.0,0.0,29.74,21.5,33.0,12.7,2014,3,26, ,0538,1803
633,5,2014-03-27,73.0,47.0,60.0,1.0,2.0,5.0,0.0,0.0,0.0,30.26,10.2,26.0,9.5,2014,3,27, ,0536,1804
634,5,2014-03-28,73.0,56.0,65.0,1.0,38.0,0.0,0.0,0.0,0.03,30.08,18.7,20.0,15.3,2014,3,28, ,0535,1805
635,5,2014-03-29,63.0,52.0,58.0,1.0,38.0,7.0,0.0,0.0,0.0,30.14,9.0,5.0,6.2,2014,3,29, ,0533,1806
636,5,2014-03-30,85.0,66.0,76.0,13.0,37.0,0.0,11.0,0.0,0.47,29.69,17.0,2.0,14.8,2014,3,30, ,0531,1808
637,5,2014-03-31,74.0,50.0,62.0,2.0,31.0,3.0,0.0,0.0,0.0,29.85,13.9,36.0,12.7,2014,3,31, ,0529,1809
638,5,2014-04-01,63.0,52.0,58.0,1.0,26.0,7.0,0.0,0.0,0.0,30.06,5.9,3.0,6.2,2014,4,1, ,0528,1810
639,5,2014-04-02,78.0,51.0,65.0,4.0,28.0,0.0,0.0,0.0,0.0,30.09,8.6,25.0,8.7,2014,4,2, ,0526,1811
640,5,2014-04-03,68.0,46.0,57.0,8.0,25.0,8.0,0.0,0.0,0.0,30.09,3.7,32.0,8.5,2014,4,3, ,0524,1812
641,5,2014-04-04,63.0,52.0,58.0,1.0,29.0,7.0,0.0,0.0,0.0,30.07,9.1,9.0,6.2,2014,4,4, ,0523,1813
642,5,2014-04-05,74.0,50.0,62.0,2.0,32.0,3.0,0.0,0.0,0.0,29.79,11.8,30.0,12.7,2014,4,5, ,0521,1814
643,5,2014-04-06,66.0,46.0,56.0,6.0,19.0,9.0,0.0,0.0,0.02,30.1,11.5,28.0,10.6,2014,4,6, ,0519,1815
644,5,2014-04-07,69.0,47.0,58.0,6.0,24.0,7.0,0.0,0.0,0.0,30.14,6.4,15.0,10.5,2014,4,7, ,0517,1817
645,5,2014-04-08,78.0,51.0,65.0,1.0,47.0,0.0,0.0,0.0,0.0,29.48,9.9,21.0,11.6,2014,4,8, ,0516,1818
646,5,2014-04-09,74.0,50.0,62.0,2.0,25.0,3.0,0.0,0.0,0.0,29.7,12.5,31.0,12.7,2014,4,9, ,0514,1819
647,5,2014-04-10,73.0,56.0,65.0,1.0,21.0,0.0,0.0,0.0,0.03,30.09,14.6,20.0,15.3,2014,4,10, ,0513,1820
648,5,2014-04-11,78.0,51.0,65.0,1.0,41.0,0.0,0.0,0.0,0.0,29.99,9.3,22.0,11.6,2014,4,11, ,0511,1821
649,5,2014-04-12,66.0,46.0,56.0,6.0,35.0,9.0,0.0,0.0,0.02,30.14,7.7,28.0,10.6,2014,4,12, ,0509,1822
650,5,2014-04-13,73.0,56.0,65.0,1.0,41.0,0.0,0.0,0.0,0.03,30.16,13.0,18.0,15.3,2014,4,13, ,0508,1823
651,5,2014-04-14,73.0,56.0,65.0,1.0,52.0,0.0,0.0,0.0,0.03,29.98,25.1,20.0,15.3,2014,4,14, ,0506,1824
652,5,2014-04-15,85.0,66.0,76.0,13.0,54.0,0.0,11.0,0.0,0.47,29.74,21.8,19.0,14.8,2014,4,15, ,0504,1826
653,5,2014-04-16,73.0,47.0,60.0,1.0,21.0,5.0,0.0,0.0,0.0,30.28,14.0,32.0,9.5,2014,4,16, ,0503,1827
654,5,2014-04-17,70.0,52.0,61.0,3.0,22.0,4.0,0.0,0.0,0.0,30.74,12.2,5.0,8.3,2014,4,17, ,0501,1828
655,5,2014-04-18,70.0,52.0,61.0,3.0,29.0,4.0,0.0,0.0,0.0,30.46,6.5,7.0,8.3,2014,4,18, ,0460,1829
656,5,2014-04-19,73.0,47.0,60.0,1.0,29.0,5.0,0.0,0.0,0.0,30.26,8.4,31.0,9.5,2014,4,19, ,0458,1830
657,5,2014-04-20,65.0,50.0,58.0,1.0,23.0,7.0,0.0,0.0,0.0,30.46,4.8,8.0,6.5,2014,4,20, ,0457,1831
658,5,2014-04-21,78.0,51.0,65.0,1.0,31.0,0.0,0.0,0.0,0.0,30.08,11.7,20.0,11.6,2014,4,21, ,0455,1832
659,5,2014-04-22,85.0,66.0,76.0,13.0,42.0,0.0,11.0,0.0,0.47,29.63,15.1,20.0,14.8,2014,4,22, ,0453,1833
660,5,2014-04-23,74.0,50.0,62.0,2.0,42.0,3.0,0.0,0.0,0.0,29.49,14.9,31.0,12.7,2014,4,23, ,0452,1835
661,5,2014-04-24,74.0,50.0,62.0,2.0,23.0,3.0,0.0,0.0,0.0,29.73,22.2,32.0,12.7,2014,4,24, ,0450,1836
662,5,2014-04-25,65.0,40.0,53.0,6.0,26.0,12.0,0.0,0.0,0.0,29.93,3.3,23.0,9.8,2014,4,25, ,0449,1837
663,5,2014-04-26,63.0,52.0,58.0,1.0,38.0,7.0,0.0,0.0,0.0,29.83,5.5,9.0,6.2,2014,4,26, ,0448,1838
664,5,2014-04-27,65.0,40.0,53.0,6.0,39.0,12.0,0.0,0.0,0.0,29.96,3.0,36.0,9.8,2014,4,27, ,0446,1839
665,5,2014-04-28,63.0,52.0,58.0,1.0,36.0,7.0,0.0,0.0,0.0,30.1,8.4,3.0,6.2,2014,4,28, ,0445,1840
666,5,2014-04-29,70.0,52.0,61.0,3.0,34.0,4.0,0.0,0.0,0.0,30.45,14.9,7.0,8.3,2014,4,29, ,0443,1841
667,5,2014-04-30,65.0,50.0,58.0,1.0,37.0,7.0,0.0,0.0,0.0,30.42,11.3,10.0,6.5,2014,4,30, ,0442,1842
668,5,2014-05-01,79.0,67.0,73.0,7.0,55.0,0.0,8.0,0.0,0.43,29.81,9.1,18.0,11.1,2014,5,1, ,0441,1843
669,5,2014-05-02,74.0,50.0,62.0,2.0,39.0,3.0,0.0,0.0,0.0,29.74,9.1,29.0,12.7,2014,5,2, ,0439,1845
670,5,2014-05-03,79.0,61.0,70.0,4.0,38.0,0.0,5.0,0.0,0.0,29.81,8.1,22.0,9.6,2014,5,3, ,0438,1846
671,5,2014-05-04,78.0,57.0,68.0,2.0,37.0,0.0,3.0,0.0,0.0,29.62,15.9,27.0,11.8,2014,5,4, ,0437,1847
672,5,2014-05-05,74.0,50.0,62.0,2.0,38.0,3.0,0.0,0.0,0.0,29.77,13.2,31.0,12.7,2014,5,5, ,0435,1848
673,5,2014-05-06,65.0,40.0,53.0,6.0,33.0,12.0,0.0,0.0,0.0,29.91,8.7,33.0,9.8,2014,5,6, ,0434,1849
674,5,2014-05-07,68.0,46.0,57.0,8.0,28.0,8.0,0.0,0.0,0.0,30.16,6.8,29.0,8.5,2014,5,7, ,0433,1850
675,5,2014-05-08,69.0,47.0,58.0,6.0,40.0,7.0,0.0,0.0,0.0,30.17,2.4,24.0,10.5,2014,5,8, ,0432,1851
676,5,2014-05-09,65.0,50.0,58.0,1.0,51.0,7.0,0.0,0.0,0.0,30.19,4.4,15.0,6.5,2014,5,9, ,0431,1852
677,5,2014-05-10,85.0,66.0,76.0,13.0,59.0,0.0,11.0,0.0,0.47,29.87,12.7,21.0,14.8,2014,5,10, ,0429,1853
678,5,2014-05-11,78.0,57.0,68.0,2.0,39.0,0.0,3.0,0.0,0.0,29.95,14.4,28.0,11.8,2014,5,11, ,0428,1854
679,5,2014-05-12,70.0,48.0,59.0,4.0,42.0,6.0,0.0,0.0,0.0,30.07,6.6,23.0,8.4,2014,5,12, ,0427,1855
680,5,2014-05-13,70.0,52.0,61.0,3.0,40.0,4.0,0.0,0.0,0.0,30.3,9.9,6.0,8.3,2014,5,13, ,0426,1856
681,5,2014-05-14,69.0,47.0,58.0,6.0,45.0,7.0,0.0,0.0,0.0,30.32,6.0,16.0,10.5,2014,5,14, ,0425,1857
682,5,2014-05-15,73.0,56.0,65.0,1.0,59.0,0.0,0.0,0.0,0.03,30.27,13.4,17.0,15.3,2014,5,15, ,0424,1858
683,5,2014-05-16,73.0,56.0,65.0,1.0,61.0,0.0,0.0,0.0,0.03,30.09,17.5,16.0,15.3,2014,5,16, ,0423,1859
684,5,2014-05-17,70.0,48.0,59.0,4.0,50.0,6.0,0.0,0.0,0.0,29.96,6.8,23.0,8.4,2014,5,17, ,0422,1900
685,5,2014-05-18,68.0,46.0,57.0,8.0,41.0,8.0,0.0,0.0,0.0,30.08,4.3,31.0,8.5,2014,5,18, ,0421,1900
686,5,2014-05-19,66.0,46.0,56.0,6.0,37.0,9.0,0.0,0.0,0.02,30.06,10.5,32.0,10.6,2014,5,19, ,0420,1901
687,5,2014-05-20,65.0,40.0,53.0,6.0,43.0,12.0,0.0,0.0,0.0,30.0,4.3,32.0,9.8,2014,5,20, ,0419,1902
688,5,2014-05-21,63.0,52.0,58.0,1.0,48.0,7.0,0.0,0.0,0.0,29.98,4.5,10.0,6.2,2014,5,21, ,0418,1903
689,5,2014-05-22,78.0,54.0,66.0,5.0,52.0,0.0,1.0,0.0,0.0,29.92,4.9,15.0,8.3,2014,5,22, ,0418,1904
690,5,2014-05-23,63.0,52.0,58.0,1.0,50.0,7.0,0.0,0.0,0.0,29.94,6.0,7.0,6.2,2014,5,23, ,0417,1905
691,5,2014-05-24,63.0,52.0,58.0,1.0,47.0,7.0,0.0,0.0,0.0,30.04,3.7,5.0,6.2,2014,5,24, ,0416,1906
692,5,2014-05-25,78.0,54.0,66.0,5.0,51.0,0.0,1.0,0.0,0.0,30.07,3.7,19.0,8.3,2014,5,25, ,0415,1907
693,5,2014-05-26,78.0,57.0,68.0,2.0,53.0,0.0,3.0,0.0,0.0,29.91,13.4,24.0,11.8,2014,5,26, ,0415,1908
694,5,2014-05-27,63.0,52.0,58.0,1.0,51.0,7.0,0.0,0.0,0.0,29.9,6.3,4.0,6.2,2014,5,27, ,0414,1909
695,5,2014-05-28,63.0,52.0,58.0,1.0,45.0,7.0,0.0,0.0,0.0,30.08,12.6,5.0,6.2,2014,5,28, ,0413,1910
696,5,2014-05-29,65.0,50.0,58.0,1.0,39.0,7.0,0.0,0.0,0.0,30.22,2.0,8.0,6.5,2014,5,29, ,0413,1911
697,5,2014-05-30,78.0,54.0,66.0,5.0,47.0,0.0,1.0,0.0,0.0,30.07,3.1,22.0,8.3,2014,5,30, ,0412,1912
698,5,2014-05-31,65.0,50.0,58.0,1.0,44.0,7.0,0.0,0.0,0.0,30.21,8.9,3.0,6.5,2014,5,31, ,0412,1912
699,5,2014-06-01,70.0,52.0,61.0,3.0,41.0,4.0,0.0,0.0,0.0,30.31,1.5,4.0,8.3,2014,6,1, ,0411,1913
700,5,2014-06-02,78.0,51.0,65.0,1.0,47.0,0.0,0.0,0.0,0.0,30.14,10.7,21.0,11.6,2014,6,2, ,0411,1914
701,5,2014-06-03,78.0,51.0,65.0,1.0,52.0,0.0,0.0,0.0,0.0,29.97,7.7,16.0,11.6,2014,6,3, ,0410,1915
702,5,2014-06-04,63.0,52.0,58.0,1.0,54.0,7.0,0.0,0.0,0.0,29.86,4.3,11.0,6.2,2014,6,4, ,0410,1915
703,5,2014-06-05,63.0,52.0,58.0,1.0,57.0,7.0,0.0,0.0,0.0,29.73,4.4,1.0,6.2,2014,6,5, ,0409,1916
704,5,2014-06-06,74.0,50.0,62.0,2.0,54.0,3.0,0.0,0.0,0.0,29.81,10.4,30.0,12.7,2014,6,6, ,0409,1917
705,5,2014-06-07,67.0,52.0,60.0,3.0,54.0,5.0,0.0,0.0,0.0,29.93,8.3,30.0,9.9,2014,6,7, ,0409,1918
706,5,2014-06-08,66.0,51.0,59.0,7.0,54.0,6.0,0.0,0.0,0.08,29.93,2.1,26.0,8.3,2014,6,8, ,0409,1918
707,5,2014-06-09,78.0,51.0,65.0,1.0,55.0,0.0,0.0,0.0,0.0,29.98,10.9,22.0,11.6,2014,6,9, ,0408,1919
708,5,2014-06-10,64.0,51.0,58.0,1.0,62.0,7.0,0.0,0.0,0.0,30.02,2.5,11.0,4.8,2014,6,10, ,0408,1919
709,5,2014-06-11,65.0,50.0,58.0,1.0,54.0,7.0,0.0,0.0,0.0,30.17,8.9,7.0,6.5,2014,6,11, ,0408,1920
710,5,2014-06-12,65.0,50.0,58.0,1.0,56.0,7.0,0.0,0.0,0.0,30.13,9.7,11.0,6.5,2014,6,12, ,0408,1920
711,5,2014-06-13,65.0,50.0,58.0,1.0,61.0,7.0,0.0,0.0,0.0,29.91,5.6,9.0,6.5,2014,6,13, ,0408,1921
712,5,2014-06-14,79.0,58.0,69.0,6.0,59.0,0.0,4.0,0.0,0.17,29.86,4.6,31.0,7.5,2014,6,14, ,0408,1921
713,5,2014-06-15,76.0,67.0,72.0,5.0,70.0,0.0,7.0,0.0,2.32,29.89,9.4,19.0,11.1,2014,6,15, ,0408,1922
714,5,2014-06-16,76.0,67.0,72.0,5.0,70.0,0.0,7.0,0.0,2.32,29.89,9.4,19.0,11.1,2014,6,16, ,0408,1922
715,5,2014-06-17,93.0,68.0,81.0,17.0,63.0,0.0,16.0,0.0,0.0,30.01,12.1,19.0,12.2,2014,6,17, ,0408,1923
716,5,2014-06-18,78.0,57.0,68.0,2.0,62.0,0.0,3.0,0.0,0.0,29.85,11.9,28.0,11.8,2014,6,18, ,0408,1923
717,5,2014-06-19,67.0,52.0,60.0,3.0,53.0,5.0,0.0,0.0,0.0,29.96,8.1,32.0,9.9,2014,6,19, ,0408,1923
718,5,2014-06-20,65.0,40.0,53.0,6.0,42.0,12.0,0.0,0.0,0.0,29.95,8.5,32.0,9.8,2014,6,20, ,0408,1924
719,5,2014-06-21,65.0,40.0,53.0,6.0,45.0,12.0,0.0,0.0,0.0,29.95,5.8,32.0,9.8,2014,6,21, ,0408,1924
720,5,2014-06-22,64.0,51.0,58.0,1.0,47.0,7.0,0.0,0.0,0.0,30.01,1.7,4.0,4.8,2014,6,22, ,0409,1924
721,5,2014-06-23,69.0,47.0,58.0,6.0,52.0,7.0,0.0,0.0,0.0,30.15,6.0,19.0,10.5,2014,6,23, ,0409,1924
722,5,2014-06-24,73.0,56.0,65.0,1.0,57.0,0.0,0.0,0.0,0.03,30.13,14.4,19.0,15.3,2014,6,24, ,0409,1924
723,5,2014-06-25,85.0,66.0,76.0,13.0,65.0,0.0,11.0,0.0,0.47,29.95,15.5,20.0,14.8,2014,6,25, ,0409,1925
724,5,2014-06-26,63.0,52.0,58.0,1.0,64.0,7.0,0.0,0.0,0.0,29.9,4.2,8.0,6.2,2014,6,26, ,0410,1925
725,5,2014-06-27,63.0,52.0,58.0,1.0,45.0,7.0,0.0,0.0,0.0,30.15,5.4,5.0,6.2,2014,6,27, ,0410,1925
726,5,2014-06-28,69.0,47.0,58.0,6.0,50.0,7.0,0.0,0.0,0.0,30.28,2.0,22.0,10.5,2014,6,28, ,0411,1925
727,5,2014-06-29,69.0,47.0,58.0,6.0,53.0,7.0,0.0,0.0,0.0,30.21,9.5,21.0,10.5,2014,6,29, ,0411,1925
728,5,2014-06-30,73.0,56.0,65.0,1.0,60.0,0.0,0.0,0.0,0.03,30.03,13.1,22.0,15.3,2014,6,30, ,0411,1925
729,5,2014-07-01,85.0,66.0,76.0,13.0,66.0,0.0,11.0,0.0,0.47,29.9,15.5,21.0,14.8,2014,7,1, ,0412,1925
730,5,2014-07-02,85.0,66.0,76.0,13.0,70.0,0.0,11.0,0.0,0.47,29.92,15.4,19.0,14.8,2014,7,2, ,0412,1924
731,5,2014-07-03,76.0,67.0,72.0,5.0,70.0,0.0,7.0,0.0,2.32,29.97,9.3,20.0,11.1,2014,7,3, ,0413,1924
732,5,2014-07-04,66.0,51.0,59.0,7.0,65.0,6.0,0.0,0.0,0.08,29.94,5.1,35.0,8.3,2014,7,4, ,0414,1924
733,5,2014-07-05,67.0,52.0,60.0,3.0,50.0,5.0,0.0,0.0,0.0,29.96,16.3,29.0,9.9,2014,7,5, ,0414,1924
734,5,2014-07-06,78.0,51.0,65.0,1.0,53.0,0.0,0.0,0.0,0.0,29.96,14.3,24.0,11.6,2014,7,6, ,0415,1924
735,5,2014-07-07,85.0,66.0,76.0,13.0,64.0,0.0,11.0,0.0,0.47,29.81,15.6,21.0,14.8,2014,7,7, ,0415,1923
736,5,2014-07-08,85.0,66.0,76.0,13.0,67.0,0.0,11.0,0.0,0.47,29.78,15.3,20.0,14.8,2014,7,8, ,0416,1923
737,5,2014-07-09,85.0,66.0,76.0,13.0,65.0,0.0,11.0,0.0,0.47,29.87,12.8,21.0,14.8,2014,7,9, ,0417,1923
738,5,2014-07-10,66.0,46.0,56.0,6.0,59.0,9.0,0.0,0.0,0.02,30.1,5.5,29.0,10.6,2014,7,10, ,0417,1922
739,5,2014-07-11,65.0,50.0,58.0,1.0,57.0,7.0,0.0,0.0,0.0,30.22,6.0,8.0,6.5,2014,7,11, ,0418,1922
740,5,2014-07-12,76.0,67.0,72.0,5.0,70.0,0.0,7.0,0.0,2.32,29.89,9.4,19.0,11.1,2014,7,12, ,0419,1921
741,5,2014-07-13,76.0,67.0,72.0,5.0,70.0,0.0,7.0,0.0,2.32,29.89,9.4,19.0,11.1,2014,7,13, ,0420,1921
742,5,2014-07-14,76.0,67.0,72.0,5.0,70.0,0.0,7.0,0.0,2.32,29.92,10.8,20.0,11.1,2014,7,14, ,0420,1920
743,5,2014-07-15,85.0,66.0,76.0,13.0,72.0,0.0,11.0,0.0,0.47,29.83,13.4,19.0,14.8,2014,7,15, ,0421,1920
744,5,2014-07-16,76.0,67.0,72.0,5.0,70.0,0.0,7.0,0.0,2.32,29.82,9.2,20.0,11.1,2014,7,16, ,0422,1919
745,5,2014-07-17,67.0,52.0,60.0,3.0,59.0,5.0,0.0,0.0,0.0,29.99,7.0,29.0,9.9,2014,7,17, ,0423,1918
746,5,2014-07-18,66.0,51.0,59.0,7.0,57.0,6.0,0.0,0.0,0.08,30.21,2.0,28.0,8.3,2014,7,18, ,0424,1918
747,5,2014-07-19,65.0,50.0,58.0,1.0,61.0,7.0,0.0,0.0,0.0,30.27,2.1,15.0,6.5,2014,7,19, ,0425,1917
748,5,2014-07-20,65.0,50.0,58.0,1.0,58.0,7.0,0.0,0.0,0.0,30.21,7.8,7.0,6.5,2014,7,20, ,0426,1916
749,5,2014-07-21,65.0,50.0,58.0,1.0,59.0,7.0,0.0,0.0,0.0,30.2,3.5,7.0,6.5,2014,7,21, ,0426,1915
750,5,2014-07-22,93.0,68.0,81.0,17.0,65.0,0.0,16.0,0.0,0.0,30.11,9.4,22.0,12.2,2014,7,22, ,0427,1915
751,5,2014-07-23,85.0,66.0,76.0,13.0,68.0,0.0,11.0,0.0,0.47,29.88,13.5,21.0,14.8,2014,7,23, ,0428,1914
752,5,2014-07-24,64.0,51.0,58.0,1.0,64.0,7.0,0.0,0.0,0.0,29.85,3.4,2.0,4.8,2014,7,24, ,0429,1913
753,5,2014-07-25,66.0,51.0,59.0,7.0,56.0,6.0,0.0,0.0,0.08,29.98,5.3,29.0,8.3,2014,7,25, ,0430,1912
754,5,2014-07-26,78.0,51.0,65.0,1.0,59.0,0.0,0.0,0.0,0.0,29.96,11.6,22.0,11.6,2014,7,26, ,0431,1911
755,5,2014-07-27,85.0,66.0,76.0,13.0,67.0,0.0,11.0,0.0,0.47,29.8,12.7,19.0,14.8,2014,7,27, ,0432,1910
756,5,2014-07-28,79.0,67.0,73.0,7.0,67.0,0.0,8.0,0.0,0.43,29.58,11.3,19.0,11.1,2014,7,28, ,0433,1909
757,5,2014-07-29,78.0,57.0,68.0,2.0,57.0,0.0,3.0,0.0,0.0,29.83,9.5,28.0,11.8,2014,7,29, ,0434,1908
758,5,2014-07-30,78.0,54.0,66.0,5.0,54.0,0.0,1.0,0.0,0.0,30.02,5.4,25.0,8.3,2014,7,30, ,0435,1907
759,5,2014-07-31,73.0,56.0,65.0,1.0,59.0,0.0,0.0,0.0,0.03,30.13,11.0,20.0,15.3,2014,7,31, ,0436,1906
760,5,2014-08-01,73.0,56.0,65.0,1.0,64.0,0.0,0.0,0.0,0.03,30.23,8.7,20.0,15.3,2014,8,1, ,0437,1905
761,5,2014-08-02,65.0,50.0,58.0,1.0,62.0,7.0,0.0,0.0,0.0,30.21,4.2,12.0,6.5,2014,8,2, ,0438,1904
762,5,2014-08-03,64.0,51.0,58.0,1.0,62.0,7.0,0.0,0.0,0.0,30.12,2.8,9.0,4.8,2014,8,3, ,0439,1903
763,5,2014-08-04,78.0,54.0,66.0,5.0,65.0,0.0,1.0,0.0,0.0,30.05,7.2,23.0,8.3,2014,8,4, ,0440,1901
764,5,2014-08-05,76.0,67.0,72.0,5.0,70.0,0.0,7.0,0.0,2.32,29.89,9.4,19.0,11.1,2014,8,5, ,0441,1859
765,5,2014-08-06,76.0,67.0,72.0,5.0,70.0,0.0,7.0,0.0,2.32,29.89,9.4,19.0,11.1,2014,8,6, ,0442,1858
766,5,2014-08-07,67.0,52.0,60.0,3.0,54.0,5.0,0.0,0.0,0.0,29.92,8.5,31.0,9.9,2014,8,7, ,0443,1856
767,5,2014-08-08,67.0,52.0,60.0,3.0,54.0,5.0,0.0,0.0,0.0,30.01,8.5,31.0,9.9,2014,8,8, ,0444,1855
768,5,2014-08-09,66.0,51.0,59.0,7.0,57.0,6.0,0.0,0.0,0.08,30.09,2.7,28.0,8.3,2014,8,9, ,0445,1854
769,5,2014-08-10,66.0,51.0,59.0,7.0,55.0,6.0,0.0,0.0,0.08,30.14,1.3,36.0,8.3,2014,8,10, ,0446,1853
770,5,2014-08-11,73.0,56.0,65.0,1.0,58.0,0.0,0.0,0.0,0.03,30.16,9.7,19.0,15.3,2014,8,11, ,0447,1851
771,5,2014-08-12,73.0,56.0,65.0,1.0,61.0,0.0,0.0,0.0,0.03,30.11,10.8,16.0,15.3,2014,8,12, ,0448,1850
772,5,2014-08-13,79.0,67.0,73.0,7.0,65.0,0.0,8.0,0.0,0.43,29.8,10.3,12.0,11.1,2014,8,13, ,0449,1848
773,5,2014-08-14,78.0,57.0,68.0,2.0,53.0,0.0,3.0,0.0,0.0,29.81,11.0,28.0,11.8,2014,8,14, ,0450,1847
774,5,2014-08-15,65.0,40.0,53.0,6.0,53.0,12.0,0.0,0.0,0.0,29.91,6.2,26.0,9.8,2014,8,15, ,0452,1846
775,5,2014-08-16,78.0,51.0,65.0,1.0,53.0,0.0,0.0,0.0,0.0,29.97,10.6,23.0,11.6,2014,8,16, ,0453,1844
776,5,2014-08-17,78.0,57.0,68.0,2.0,58.0,0.0,3.0,0.0,0.0,29.85,7.0,27.0,11.8,2014,8,17, ,0454,1843
777,5,2014-08-18,74.0,50.0,62.0,2.0,52.0,3.0,0.0,0.0,0.0,29.85,9.1,32.0,12.7,2014,8,18, ,0455,1841
778,5,2014-08-19,66.0,51.0,59.0,7.0,52.0,6.0,0.0,0.0,0.08,29.94,1.3,30.0,8.3,2014,8,19, ,0456,1840
779,5,2014-08-20,76.0,67.0,72.0,5.0,70.0,0.0,7.0,0.0,2.32,29.89,9.4,19.0,11.1,2014,8,20, ,0457,1838
780,5,2014-08-21,65.0,50.0,58.0,1.0,61.0,7.0,0.0,0.0,0.0,30.1,6.1,7.0,6.5,2014,8,21, ,0458,1837
781,5,2014-08-22,63.0,52.0,58.0,1.0,62.0,7.0,0.0,0.0,0.0,30.11,8.3,5.0,6.2,2014,8,22, ,0459,1835
782,5,2014-08-23,63.0,52.0,58.0,1.0,56.0,7.0,0.0,0.0,0.0,30.14,8.1,4.0,6.2,2014,8,23, ,0460,1833
783,5,2014-08-24,64.0,53.0,59.0,1.0,53.0,6.0,0.0,0.0,0.0,30.15,2.7,1.0,7.4,2014,8,24, ,0501,1832
784,5,2014-08-25,66.0,51.0,59.0,7.0,59.0,6.0,0.0,0.0,0.08,30.15,1.8,36.0,8.3,2014,8,25, ,0502,1830
785,5,2014-08-26,73.0,56.0,65.0,1.0,62.0,0.0,0.0,0.0,0.03,30.14,9.3,20.0,15.3,2014,8,26, ,0503,1829
786,5,2014-08-27,93.0,68.0,81.0,17.0,63.0,0.0,16.0,0.0,0.0,29.96,11.9,23.0,12.2,2014,8,27, ,0504,1827
787,5,2014-08-28,78.0,57.0,68.0,2.0,54.0,0.0,3.0,0.0,0.0,29.88,11.2,33.0,11.8,2014,8,28, ,0505,1825
788,5,2014-08-29,64.0,53.0,59.0,1.0,52.0,6.0,0.0,0.0,0.0,30.19,3.7,5.0,7.4,2014,8,29, ,0506,1824
789,5,2014-08-30,73.0,56.0,65.0,1.0,56.0,0.0,0.0,0.0,0.03,30.26,11.3,19.0,15.3,2014,8,30, ,0507,1822
790,5,2014-08-31,73.0,56.0,65.0,1.0,68.0,0.0,0.0,0.0,0.03,30.06,14.6,21.0,15.3,2014,8,31, ,0508,1820
791,5,2014-09-01,79.0,61.0,70.0,4.0,69.0,0.0,5.0,0.0,0.0,29.98,7.3,24.0,9.6,2014,9,1, ,0509,1819
792,5,2014-09-02,76.0,67.0,72.0,5.0,70.0,0.0,7.0,0.0,2.32,29.87,10.8,21.0,11.1,2014,9,2, ,0510,1817
793,5,2014-09-03,78.0,57.0,68.0,2.0,60.0,0.0,3.0,0.0,0.0,29.96,10.7,29.0,11.8,2014,9,3, ,0511,1815
794,5,2014-09-04,78.0,51.0,65.0,4.0,56.0,0.0,0.0,0.0,0.0,30.17,7.4,25.0,8.7,2014,9,4, ,0513,1814
795,5,2014-09-05,73.0,56.0,65.0,1.0,66.0,0.0,0.0,0.0,0.03,30.12,12.4,21.0,15.3,2014,9,5, ,0514,1812
796,5,2014-09-06,76.0,67.0,72.0,5.0,69.0,0.0,7.0,0.0,2.32,29.9,10.5,23.0,11.1,2014,9,6, ,0515,1810
797,5,2014-09-07,66.0,51.0,59.0,7.0,55.0,6.0,0.0,0.0,0.08,30.1,3.8,33.0,8.3,2014,9,7, ,0516,1809
798,5,2014-09-08,70.0,52.0,61.0,3.0,51.0,4.0,0.0,0.0,0.0,30.36,10.1,5.0,8.3,2014,9,8, ,0517,1807
799,5,2014-09-09,70.0,52.0,61.0,3.0,55.0,4.0,0.0,0.0,0.0,30.31,10.7,7.0,8.3,2014,9,9, ,0518,1805
800,5,2014-09-10,65.0,50.0,58.0,1.0,59.0,7.0,0.0,0.0,0.0,30.14,6.5,6.0,6.5,2014,9,10, ,0519,1803
801,5,2014-09-11,78.0,57.0,68.0,2.0,62.0,0.0,3.0,0.0,0.0,29.92,11.2,21.0,11.8,2014,9,11, ,0520,1802
802,5,2014-09-12,66.0,46.0,56.0,6.0,49.0,9.0,0.0,0.0,0.02,30.11,7.5,34.0,10.6,2014,9,12, ,0521,1760
803,5,2014-09-13,65.0,50.0,58.0,1.0,52.0,7.0,0.0,0.0,0.0,30.21,6.7,5.0,6.5,2014,9,13, ,0522,1758
804,5,2014-09-14,66.0,46.0,56.0,6.0,46.0,9.0,0.0,0.0,0.02,30.21,7.2,32.0,10.6,2014,9,14, ,0523,1756
805,5,2014-09-15,64.0,51.0,58.0,1.0,44.0,7.0,0.0,0.0,0.0,30.19,2.6,5.0,4.8,2014,9,15, ,0524,1755
806,5,2014-09-16,78.0,54.0,66.0,5.0,51.0,0.0,1.0,0.0,0.0,30.03,3.1,21.0,8.3,2014,9,16, ,0525,1753
807,5,2014-09-17,65.0,40.0,53.0,6.0,45.0,12.0,0.0,0.0,0.0,30.0,6.0,29.0,9.8,2014,9,17, ,0526,1751
808,5,2014-09-18,65.0,40.0,53.0,6.0,45.0,12.0,0.0,0.0,0.0,30.02,6.8,31.0,9.8,2014,9,18, ,0527,1749
809,5,2014-09-19,70.0,52.0,61.0,3.0,34.0,4.0,0.0,0.0,0.0,30.37,6.2,6.0,8.3,2014,9,19, ,0528,1748
810,5,2014-09-20,73.0,56.0,65.0,1.0,48.0,0.0,0.0,0.0,0.03,30.27,14.1,18.0,15.3,2014,9,20, ,0529,1746
811,5,2014-09-21,79.0,67.0,73.0,7.0,65.0,0.0,8.0,0.0,0.43,29.82,10.5,17.0,11.1,2014,9,21, ,0530,1744
812,5,2014-09-22,78.0,57.0,68.0,2.0,49.0,0.0,3.0,0.0,0.0,29.82,13.8,28.0,11.8,2014,9,22, ,0531,1742
813,5,2014-09-23,73.0,47.0,60.0,1.0,41.0,5.0,0.0,0.0,0.0,30.3,7.2,28.0,9.5,2014,9,23, ,0533,1741
814,5,2014-09-24,70.0,52.0,61.0,3.0,50.0,4.0,0.0,0.0,0.0,30.59,7.9,7.0,8.3,2014,9,24, ,0534,1739
815,5,2014-09-25,70.0,52.0,61.0,3.0,51.0,4.0,0.0,0.0,0.0,30.42,8.5,6.0,8.3,2014,9,25, ,0535,1737
816,5,2014-09-26,65.0,50.0,58.0,1.0,50.0,7.0,0.0,0.0,0.0,30.21,5.3,3.0,6.5,2014,9,26, ,0536,1735
817,5,2014-09-27,66.0,51.0,59.0,7.0,54.0,6.0,0.0,0.0,0.08,30.18,3.8,32.0,8.3,2014,9,27, ,0537,1734
818,5,2014-09-28,78.0,54.0,66.0,5.0,60.0,0.0,1.0,0.0,0.0,30.1,6.0,24.0,8.3,2014,9,28, ,0538,1732
819,5,2014-09-29,66.0,51.0,59.0,7.0,58.0,6.0,0.0,0.0,0.08,30.0,3.5,36.0,8.3,2014,9,29, ,0539,1730
820,5,2014-09-30,63.0,52.0,58.0,1.0,54.0,7.0,0.0,0.0,0.0,30.04,8.9,3.0,6.2,2014,9,30, ,0540,1728
821,5,2014-10-01,63.0,52.0,58.0,1.0,55.0,7.0,0.0,0.0,0.0,30.08,13.1,4.0,6.2,2014,10,1, ,0541,1727
822,5,2014-10-02,70.0,52.0,61.0,3.0,51.0,4.0,0.0,0.0,0.0,30.16,11.5,3.0,8.3,2014,10,2, ,0542,1725
823,5,2014-10-03,63.0,52.0,58.0,1.0,49.0,7.0,0.0,0.0,0.0,30.06,7.2,2.0,6.2,2014,10,3, ,0543,1723
824,5,2014-10-04,79.0,61.0,70.0,4.0,57.0,0.0,5.0,0.0,0.0,29.71,5.1,14.0,9.6,2014,10,4, ,0544,1721
825,5,2014-10-05,78.0,57.0,68.0,2.0,40.0,0.0,3.0,0.0,0.0,29.79,11.7,27.0,11.8,2014,10,5, ,0546,1720
826,5,2014-10-06,78.0,51.0,65.0,4.0,42.0,0.0,0.0,0.0,0.0,30.12,8.5,19.0,8.7,2014,10,6, ,0547,1718
827,5,2014-10-07,73.0,56.0,65.0,1.0,57.0,0.0,0.0,0.0,0.03,30.08,17.2,17.0,15.3,2014,10,7, ,0548,1716
828,5,2014-10-08,78.0,57.0,68.0,2.0,52.0,0.0,3.0,0.0,0.0,29.82,12.3,22.0,11.8,2014,10,8, ,0549,1715
829,5,2014-10-09,78.0,51.0,65.0,1.0,37.0,0.0,0.0,0.0,0.0,29.95,12.7,26.0,11.6,2014,10,9, ,0550,1713
830,5,2014-10-10,66.0,46.0,56.0,6.0,37.0,9.0,0.0,0.0,0.02,30.09,9.2,29.0,10.6,2014,10,10, ,0551,1711
831,5,2014-10-11,68.0,46.0,57.0,8.0,43.0,8.0,0.0,0.0,0.0,30.13,5.9,35.0,8.5,2014,10,11, ,0552,1710
832,5,2014-10-12,76.0,67.0,72.0,5.0,70.0,0.0,7.0,0.0,2.32,29.89,9.4,19.0,11.1,2014,10,12, ,0553,1708
833,5,2014-10-13,73.0,47.0,60.0,1.0,47.0,5.0,0.0,0.0,0.0,30.34,10.8,20.0,9.5,2014,10,13, ,0555,1706
834,5,2014-10-14,73.0,56.0,65.0,1.0,60.0,0.0,0.0,0.0,0.03,30.24,15.9,19.0,15.3,2014,10,14, ,0556,1705
835,5,2014-10-15,73.0,56.0,65.0,1.0,64.0,0.0,0.0,0.0,0.03,30.09,15.6,18.0,15.3,2014,10,15, ,0557,1703
836,5,2014-10-16,85.0,66.0,76.0,13.0,66.0,0.0,11.0,0.0,0.47,29.83,14.4,16.0,14.8,2014,10,16, ,0558,1702
837,5,2014-10-17,85.0,66.0,76.0,13.0,55.0,0.0,11.0,0.0,0.47,29.68,12.7,22.0,14.8,2014,10,17, ,0559,1700
838,5,2014-10-18,78.0,57.0,68.0,2.0,55.0,0.0,3.0,0.0,0.0,29.6,10.7,22.0,11.8,2014,10,18, ,0600,1659
839,5,2014-10-19,74.0,50.0,62.0,2.0,35.0,3.0,0.0,0.0,0.0,29.81,11.6,31.0,12.7,2014,10,19, ,0601,1657
840,5,2014-10-20,78.0,51.0,65.0,1.0,31.0,0.0,0.0,0.0,0.0,30.03,10.2,24.0,11.6,2014,10,20, ,0603,1655
841,5,2014-10-21,63.0,52.0,58.0,1.0,52.0,7.0,0.0,0.0,0.0,29.98,4.7,9.0,6.2,2014,10,21, ,0604,1654
842,5,2014-10-22,63.0,52.0,58.0,1.0,50.0,7.0,0.0,0.0,0.0,29.92,19.2,3.0,6.2,2014,10,22, ,0605,1652
843,5,2014-10-23,85.0,66.0,76.0,13.0,50.0,0.0,11.0,0.0,0.47,29.66,18.5,1.0,14.8,2014,10,23, ,0606,1651
844,5,2014-10-24,74.0,50.0,62.0,2.0,45.0,3.0,0.0,0.0,0.0,29.72,11.5,32.0,12.7,2014,10,24, ,0607,1650
845,5,2014-10-25,78.0,57.0,68.0,2.0,42.0,0.0,3.0,0.0,0.0,29.68,10.3,26.0,11.8,2014,10,25, ,0609,1648
846,5,2014-10-26,78.0,57.0,68.0,2.0,40.0,0.0,3.0,0.0,0.0,29.56,15.3,28.0,11.8,2014,10,26, ,0610,1647
847,5,2014-10-27,78.0,57.0,68.0,2.0,38.0,0.0,3.0,0.0,0.0,29.91,13.4,28.0,11.8,2014,10,27, ,0611,1645
848,5,2014-10-28,78.0,51.0,65.0,4.0,47.0,0.0,0.0,0.0,0.0,30.03,7.0,19.0,8.7,2014,10,28, ,0612,1644
849,5,2014-10-29,79.0,61.0,70.0,4.0,55.0,0.0,5.0,0.0,0.0,29.87,8.2,23.0,9.6,2014,10,29, ,0613,1643
850,5,2014-10-30,65.0,40.0,53.0,6.0,38.0,12.0,0.0,0.0,0.0,29.95,8.3,30.0,9.8,2014,10,30, ,0615,1641
851,5,2014-10-31,63.0,52.0,58.0,1.0,37.0,7.0,0.0,0.0,0.0,30.01,10.8,5.0,6.2,2014,10,31, ,0616,1640
